,gpr,ec
ALATA_D2,b2551 or b0870,
SHCHD2,b3368,1.3.1.76
CPPPGO,b2436,1.3.3.3
GTHOr,b3500,1.8.1.7
DHORD5,b0945,
GLYCTO2,b4468 and b2979 and b4467,
GLYCTO3,b4468 and b2979 and b4467,
GLYCTO4,b4468 and b2979 and b4467,
PFK_3,b3916,"['2.7.1.-', '2.7.1.11']"
TRPS2,b1260 and b1261,"['4.2.1.122', '4.2.1.20']"
G3PD5,( b2242 and b2243 and b2241 ) or b3426,
LEUTAi,b3770 or b4054,"['2.6.1.42', '2.6.1.6', '2.6.1.67']"
SHK3Dr,b3281,"['1.1.1.25', '1.1.1.282']"
G5SD,b0243,1.2.1.41
ALATA_L2,b0870 or b2551,
MAN6PI,b1613,5.3.1.8
APRAUR,b0414,1.1.1.193
DB4PS,b3041,4.1.99.12
RBFK,b0025,2.7.1.26
ACP1_FMN,b0446 or b3812 or b0844,"['3.1.3.102', '3.1.3.2']"
RBFSb,b1662,2.5.1.9
DMATT,b0421,2.5.1.1
GRTT,b0421,2.5.1.10
UPP3S,b3804,4.2.1.75
UPPDC1,b3997,4.1.1.37
TMDPP,b4382,"['2.4.2.2', '2.4.2.4']"
HCO3E,b0126 or b0339,4.2.1.1
IMPC,b4006,"['2.1.2.3', '3.5.4.10']"
IMPD,b2508,1.1.1.205
ECOAH4,b2341 or b3846,"['4.2.1.17', '4.2.1.74']"
GLUTRS,b2400,"['6.1.1.-', '6.1.1.17', '6.1.1.24']"
TMPPP,b3993,2.5.1.3
URIK1,b2066,"['2.7.1.213', '2.7.1.48']"
URIK2,b2066,2.7.1.48
CYTDK1,b2066,"['2.7.1.213', '2.7.1.48']"
CYTDK2,b2066,"['2.7.1.213', '2.7.1.48']"
XPPT,b0238,"['2.4.2.22', '2.4.2.8']"
HXPRT,b0238 or b0125,2.4.2.8
NDPK5,b0474 or b2518,2.7.4.6
DHORTS,b1062,3.5.2.3
OMPDC,b1281,4.1.1.23
CS,b0720,"['2.3.3.1', '2.3.3.16', '2.3.3.3']"
ICDHyr,b1136,1.1.1.42
ACALD,b0351 or b1241,1.2.1.10
ACS,b4069,6.2.1.1
PPA,b2502 or b2744 or b4226,3.6.1.1
PPCK,b3403,4.1.1.49
ME1,b1479,"['1.1.1.38', '1.1.1.39']"
ALAR,b1190 or b4053,5.1.1.1
ALATA_L,b2290 or b2379,2.6.1.2
XYLK,b0063 or b3564,2.7.1.17
RBK,b3752,2.7.1.15
GLYK,b3926,2.7.1.30
PPM,b4383,"['5.4.2.-', '5.4.2.2', '5.4.2.7']"
ASPTA,b0928 or b4054,2.6.1.1
FBP,b2930 or b4232 or b3925 or b3697,3.1.3.11
GLGC,b3430,2.7.7.27
PYK,b1854 or b1676,2.7.1.40
A5PISO,b3197 or b2708,5.3.1.13
IPPMIb,b0071 and b0072,4.2.1.33
ACHBS,( b3670 and b3671 ) or ( b0077 and b0078 ),2.2.1.6
ACLS,( b0077 and b0078 ) or ( b3670 and b3671 ),2.2.1.6
PSCVT,b0908,2.5.1.19
ANS,b1263 and b1264,4.1.3.27
ANPRT,b1263,2.4.2.18
CHORM,b2599 or b2600,5.4.99.5
CHORS,b2329,4.2.3.5
IGPS,b1262,4.1.1.48
ECOAH6,b2341 or b3846,"['4.2.1.17', '4.2.1.74']"
ENO,b2779,4.2.1.11
FBA,b2925 or b2097,4.1.2.13
MGSA,b0963,4.2.3.3
PPS,b1702,2.7.9.2
PGI,b4025,5.3.1.9
PGK,b2926,2.7.2.3
EDA,b1850,"['4.1.2.14', '4.1.2.55']"
PGL,b0767,3.1.1.31
RPE,b3386,5.1.3.1
TALA,b0008 or b2464,2.2.1.2
TKT1,b2935 or b2465,2.2.1.1
G6PDA,b0678,3.5.99.6
ALCD2x,b1241 or b1478,"['1.1.1.1', '1.1.1.71']"
ALDD2y,b0493 or b3011 or b3588 or b3003 or b4269,"['1.2.1.-', '1.2.1.4', '1.2.1.5']"
RMI,b3903,5.3.1.14
FMNAT,b0025,2.7.7.2
NADDP,b3996 or b2411,"['3.6.1.22', '3.6.1.9']"
NMNAT,b4390 or b0639,"['2.7.7.1', '2.7.7.18']"
HMPK1,b2103 or b2418,2.7.1.49
NDPK6,b0474 or b2518,2.7.4.6
NDPK8,b0474 or b2518,2.7.4.6
PYNP2r,b3831,"['2.4.2.2', '2.4.2.3']"
DURIPP,b4382 or b4384,"['2.4.2.1', '2.4.2.2', '2.4.2.3', '2.4.2.4']"
PTRCTA,b3073,"['2.6.1.29', '2.6.1.82']"
CYSDS,b3008 or b3708,"['4.4.1.1', '4.4.1.28', '4.4.1.8']"
TRPAS2,b3708,4.1.99.1
NDP3,b1134 or b3614,"['3.6.1.42', '3.6.1.5', '3.6.1.6']"
CDPPH,b3614,"['3.6.1.5', '3.6.1.6']"
NDP7,b3614,"['3.6.1.5', '3.6.1.6']"
PMDPHT,b0844 or b3812,"['3.1.3.-', '3.1.3.104']"
ILETA,b3770,2.6.1.42
VALTA,b3770,"['2.6.1.42', '2.6.1.6']"
ORPT,b3642,2.4.2.10
RBFSa,b0415,"['2.5.1.78', '2.5.1.9']"
DHAD2,b3771,4.2.1.9
G1PP,b3885 or b2293 or b3697,3.1.3.10
PFL,( b3951 and b3952 ) or ( b0902 and b0903 ) or ( b0902 and b3114 ) or ( b0903 and b0902 and b2579 ),2.3.1.54
FRD2,b4153 and b4152 and b4151 and b4154,
FRD3,b4153 and b4152 and b4151 and b4154,1.3.99.1
POX,b0871,
PTAr,b2297 or b2458,2.3.1.8
ACKr,b1849 or b2296 or b3115,"['2.7.2.1', '2.7.2.15']"
MOAT,b3633,2.4.99.12
UDCPDPS,b0174,"['2.5.1.-', '2.5.1.31', '2.5.1.M1']"
USHD,b0524,3.6.1.54
LPADSS,b0182,2.4.1.182
TDSK,b0915,2.7.1.130
NTPP1,b0099 or b2781,"['3.6.1.-', '3.6.1.19', '3.6.1.9']"
NTPP2,b0099 or b2781,"['3.6.1.-', '3.6.1.8', '3.6.1.9']"
NTPTP1,b0160,3.1.5.1
NTPTP2,b0160,
IPMD,b0073 or b1800,1.1.1.85
AIRC3,b0523,5.4.99.18
ADSL2r,b1131,4.3.2.2
PUNP5,b2407 or b4384,"['2.4.2.1', '2.4.2.15']"
PUNP6,b4384 or b2407,"['2.4.2.1', '2.4.2.4']"
PUNP7,b2407,"['2.4.2.-', '2.4.2.1']"
RNDR1,( b2582 and b2235 and b2234 ) or ( b3781 and b2235 and b2234 ),1.17.4.1
RNDR3,( b3781 and b2235 and b2234 ) or ( b2582 and b2235 and b2234 ),1.17.4.1
RNDR4,( b3781 and b2235 and b2234 ) or ( b2235 and b2234 and b2582 ),1.17.4.1
TMDS,b2827,2.1.1.45
TMDK1,b1238,"['2.7.1.145', '2.7.1.21']"
PPCDC,b3639,4.1.1.36
FTHFD,b1232,3.5.1.10
EDD,b1851,4.2.1.12
DHQTi,b1693,4.2.1.10
PUNP1,b4384,2.4.2.1
PUNP2,b4384,2.4.2.1
PUNP3,b2407 or b4384,"['2.4.2.1', '2.4.2.15']"
LYSAM,b4146,5.4.3.2
DHAD1,b3771,4.2.1.9
IPPMIa,b0071 and b0072,4.2.1.33
G3PD7,b2242 and b2243 and b2241,1.1.99.5
NADH9,b0046 or b1109 or b1004 or b3713,
NADH10,b0046 or b1109 or b3713 or b1004,
MDH,b3236,"['1.1.1.299', '1.1.1.37']"
FUM,b4122 or b1612 or b1611,4.2.1.2
PYDXNK,b2418,2.7.1.35
PYAM5PO,b1638,1.4.3.5
OHPBAT,b0907,2.6.1.52
GLUTRR,b1210,1.2.1.70
GLCS1,b3429,2.4.1.21
GLCP,b3428 or b3417,
HEMEOS,b0428,2.5.1.-
ADMDC,b0120,4.1.1.50
AGMT,b2937,3.5.3.11
ARGDC,b4117,4.1.1.19
ARGSS,b3172,6.3.4.5
AGPR,b3958,1.2.1.38
SPMS,b0121,2.5.1.16
G1SAT,b0154,5.4.3.8
KDOCT2,b0918,2.7.7.38
OAADC,b1850,"['1.1.1.38', '1.1.1.40', '4.1.1.-', '4.1.1.3']"
MNNH,b4322,4.2.1.8
ALTRH,b3091,4.2.1.7
GUI1,b3092,5.3.1.12
PGAMT,b3176,5.4.2.10
UAGDP,b3730,2.7.7.23
UAGCVT,b3189,2.5.1.7
GLUR,b3967,5.1.1.3
UAG2E,b3786,5.1.3.14
MACPD,b2323,"['2.3.1.-', '4.1.1.87']"
DMQMT,b2232,2.1.1.64
ICHORS_copy1,b0593,5.4.4.2
HACD5,b3846 or b2341,"['1.1.1.211', '1.1.1.35']"
DNMPPA,,3.6.1.-
HPPK2,b0142,2.7.6.3
PTPATi,b3634,2.7.7.3
HEX7,b0394,"['2.7.1.1', '2.7.1.4']"
DXPRIi,b0173,1.1.1.267
OPHBDC,b3843,4.1.1.98
OHPHM,b2232,2.1.1.222
GHMT2r,b2551,2.1.2.1
DHORD2,b0945,
ADK4,b0474,
INSK,b0477,2.7.1.73
ABTA,b2662 or b1302,2.6.1.19
SSALx,b1525,"['1.2.1.16', '1.2.1.24']"
ASPT,b4139,4.3.1.1
SERD_L,b3708 or b1814 or b4471 or b2797 or b3117,"['4.3.1.15', '4.3.1.17', '4.3.1.19']"
THRD,b3616 or b3589,1.1.1.103
HEX4,,"['2.7.1.1', '2.7.1.7']"
KARA1,b3774,"['1.1.1.383', '1.1.1.86']"
KARA2,b3774,1.1.1.86
ACCOAC,b3256 and b2316 and b3255 and b0185,6.4.1.2
NADK,b2615,2.7.1.23
ICHORS_copy2,b2265,5.4.4.2
SUCBZS,b2261,"['4.2.1.-', '4.2.1.113']"
DHBD,b0596,1.3.1.28
ICHORT,b0595,3.3.2.1
RBK_L1,b0063,2.7.1.16
RBP4E,b4198 or b0061 or b3583,5.1.3.4
NTD2,b4374 or b2744 or b0675,3.1.3.5
NTD4,b2744 or b0675,"['3.1.3.5', '3.1.3.91']"
NTD5,b2291 or b2744 or b4374 or b2361,"['3.1.3.35', '3.1.3.5', '3.1.3.89']"
NTD6,b2291 or b2744 or b2361,"['3.1.3.5', '3.1.3.89']"
LGTHL,b1651,4.4.1.5
PYDXPP,b0766 or b0446 or b3826 or b0675,3.1.3.74
PDXPP,b0766,3.1.3.74
HACD6,b3846 or b2341,"['1.1.1.211', '1.1.1.35']"
ECOAH1,b2341 or b3846,"['4.2.1.150', '4.2.1.17', '4.2.1.55']"
ECOAH2,b2341 or b3846,"['4.2.1.17', '4.2.1.74']"
ECOAH3,b2341 or b3846,"['4.2.1.17', '4.2.1.74']"
UGLT,b0758,2.7.7.12
DXPS,b0420,2.2.1.7
CDPMEK,b1208,2.7.1.148
MECDPS,b2746,4.6.1.12
DDGLK,b3526,"['2.7.1.178', '2.7.1.45']"
XYLI2,b3565,5.3.1.5
PMANM,b2048,5.4.2.8
ICL,b4015,4.1.3.1
GLYCL,b0116 and b2904 and b2903 and b2905,"['1.4.4.2', '1.8.1.4', '2.1.2.10']"
CMPN,,3.2.2.10
HCYSMT,b0261,"['2.1.1.-', '2.1.1.10']"
UDPG4E,b0759,5.1.3.2
LACZ,b0344,"['3.2.1.108', '3.2.1.23']"
TRE6PH,b4239,"['3.2.1.122', '3.2.1.93']"
XYLI1,b3565,5.3.1.5
PPC,b3956,4.1.1.31
G3PT,b0822 or b0675,3.1.3.21
CINNDO,b2540 and b2542 and b2538 and b2539,1.14.12.19
DHPPD,b2541,1.3.1.87
DHCIND,b2541,1.3.1.87
CITL,b0614 and b0615 and b0617 and b0616,4.1.3.6
GOFUCR,b2052,1.1.1.271
PYDXK,b2418 or b1636,2.7.1.35
GTPCII2,b1277,3.5.4.25
URIC,,1.7.3.3
SADT2,b2752 and b2751,2.7.7.4
LCARS,b2799,1.1.1.77
ALCD19,b1478 or b1241,"['1.1.1.21', '1.1.1.72']"
RMPA,b3902,4.1.2.19
SBTPD,b2705,1.1.1.140
PFK_2,b3916,"['2.7.1.11', '2.7.1.144', '2.7.1.56']"
GLTPD,b2091,"['1.1.1.251', '1.1.1.M6']"
TGBPA,( b3132 and b3137 ) or ( b2095 and b2096 ),4.1.2.40
MANAO,b4323,1.1.1.57
TAGURr,b1521,1.1.1.58
PGLYCP,b3385,3.1.3.18
GLXCL,b0507,4.1.1.47
TARTD,b3062 and b3061,4.2.1.32
GLCRAL,b3126,4.1.2.20
KAS14,b2323 or b1095,"['2.3.1.-', '2.3.1.179', '2.3.1.180', '2.3.1.41', '2.3.1.85', '2.3.1.86']"
EDTXS1,b1054,2.3.1.241
EDTXS2,b1855,2.3.1.243
EDTXS3,b2378,
EDTXS4,b1855,
NNDPR,b0109,2.4.2.19
HACD4,b3846 or b2341,"['1.1.1.211', '1.1.1.35']"
HACD7,b2341 or b3846,"['1.1.1.211', '1.1.1.35']"
AACPS1,b1094 and b2836,6.2.1.20
SDPDS,b2472,3.5.1.18
DMSOR1,( b1588 and b1589 and b1590 and b1587 ) or ( b0896 and b0895 and b0894 ),
DKGLCNR2y,b3553,"['1.1.1.-', '1.1.1.215']"
2DGULRy,b3553,
RZ5PP,b0638,3.1.3.73
NTD9,b2361 or b2744 or b3399 or b0675,3.1.3.5
NTD10,b2744,3.1.3.5
ADPT,b0469,"['2.4.2.7', '2.4.2.8']"
ADK1,b0474,2.7.4.3
OCTDPS,b3187,2.5.1.90
AACPS2,b1094 and b2836,6.2.1.20
AACPS3,b1094 and b2836,6.2.1.20
AACPS4,b2836 and b1094,
AMANK,b3222,2.7.1.60
ACNML,b3225,4.1.3.3
CAT,b1732 or b3942,"['1.11.1.21', '1.11.1.6']"
SERASr,b0586,
DMSOR2,b0896 and b0895 and b0894,
ACMAMUT,b3794,2.4.1.180
DDGALK,b3693,"['2.7.1.178', '2.7.1.58']"
AB6PGH,b3721 or b2901 or b2716,3.2.1.86
AMALT1,b3416,2.4.1.25
MLTP2,b3417,2.4.1.1
PACCOAL,b1398,6.2.1.30
GP4GH,b0049,
ACGAMT,b3784,
AADDGT,b4481,2.4.1.325
GMHEPK,b3052,
TRE6PS,b1896,2.4.1.15
UDCPDP,b1278 or b0841 or b3057,
TREH,b3519,3.2.1.28
CYTK1,b0910,"['2.7.4.14', '2.7.4.25']"
CYTK2,b0910,"['2.7.4.13', '2.7.4.14', '2.7.4.25']"
GK1,b3648,2.7.4.8
HACD1,b3846 or b2341,1.1.1.35
HACD2,b3846 or b2341,"['1.1.1.211', '1.1.1.35']"
ACACCT,( b2222 and b2221 ) or b1694,"['2.8.3.8', '2.8.3.9']"
BUTCT,b2222 and b2221,2.8.3.8
2DGULRx,b3553,
G1PTT,b2039 or b3789,2.7.7.24
TDPGDH,b3788 or b2041,4.2.1.46
UDPGALM,b2036,5.4.99.9
TDPDRE,b2038,5.1.3.13
TDPDRR,b2040,1.1.1.133
G3PD6,b2242 and b2243 and b2241,
ALLTN,b0512,3.5.2.5
UAPGR,b3972,1.3.1.98
NDPK7,b0474 or b2518,2.7.4.6
AOBUTDs,s0001,1.1.1.381
GLYAT,b3617,"['2.3.1.29', '2.3.1.37']"
ADNUC,b0030,"['3.2.2.1', '3.2.2.7', '3.2.2.8']"
GMHEPPA,b0200,
S7PI,b0222,5.3.1.28
TRPS3,b1260 and b1261,"['4.1.2.8', '4.2.1.20']"
CRNBTCT,b0038,2.8.3.21
CRNCBCT,b0038,2.8.3.21
CRNCDH,b0036,4.2.1.149
FADRx,b3844,"['1.5.1.36', '1.5.1.37', '1.5.1.45']"
GTPDPK,b2784,2.7.6.5
NADN,,"['3.2.2.5', '3.2.2.6', '3.5.1.-']"
NDPK2,b0474 or b2518,2.7.4.6
NDPK3,b2518 or b0474,2.7.4.6
NDPK4,b0474 or b2518,2.7.4.6
FCLT,b2431 or b0475 or b1019,4.99.1.1
HBZOPT,b4040,2.5.1.39
PNTK,b3974,2.7.1.33
DPCOAK,b0103,2.7.1.24
HETZK,b2104,2.7.1.50
KDOPS,b1215,2.5.1.55
KDOPP,b3198,3.1.3.45
AST,b1747,2.3.1.109
SGDS,b1744,3.5.1.96
CYNTAH,b0340,4.2.1.104
GSPMDA,b2988,"['3.5.1.-', '3.5.1.78']"
GSPMDS,b2988,"['6.3.1.8', '6.3.1.9']"
GUAD,b2883,3.5.4.3
TMAOR1,( b0896 and b0895 and b0894 ) or ( b1588 and b1589 and b1590 and b1587 ),
TMAOR2,b0896 and b0895 and b0894,
DGK1,b3648,"['2.7.4.12', '2.7.4.13', '2.7.4.8']"
DTMPK,b1098,"['2.7.4.12', '2.7.4.13', '2.7.4.9']"
NDPK1,b0474 or b2518,2.7.4.6
TRDR,( b0888 and b3781 ) or ( b2582 and b0888 ),"['1.6.4.5', '1.8.1.9']"
PGMT,b0688 or b2690 or b1317,"['5.4.2.2', '5.4.2.5', '5.4.2.8']"
FRUK,b2168,2.7.1.56
RHCCE,b2687,4.4.1.21
KG6PDC,b4196 or b3581,4.1.1.85
X5PL3E,b4197 or b3582,"['5.-.-.-', '5.1.3.22']"
DOGULNR,b3575,1.1.1.130
BETALDHx,b0312,1.2.1.8
BETALDHy,b0312,1.2.1.8
MLTG3,b0403,"['3.2.1.20', '3.2.1.74']"
DKGLCNR1,b3012 or b0207,
NADTRHD,b3962,"['1.6.1.1', '1.6.1.2', '1.6.1.3']"
FMNRx2,b0937 or b3844 or b2764,"['1.5.1.-', '1.5.1.38', '1.5.1.39']"
ACPS1,b2563 or b3475,2.7.8.7
GMPS2,b2507,6.3.5.2
AMPN,b1982,3.2.2.4
GSNK,b0477,2.7.1.73
ADCS,b1812 and b3360,2.6.1.85
ADCL,b1096 or b4039,4.1.3.38
DHAPT,b2415 and b1198 and b1200 and b2416 and b1199,2.7.1.121
UMPK,b0910 or b0171,"['2.7.4.14', '2.7.4.22', '2.7.4.4']"
DDPGALA,b4477,"['4.1.2.21', '4.1.2.55']"
DURIK1,b1238,"['2.7.1.145', '2.7.1.21']"
UPPRT,b2498,2.4.2.9
CTPS2,b2780,6.3.4.2
NTD1,b2291 or b2744 or b4374 or b2361,"['3.1.3.5', '3.1.3.89']"
NTD7,b3399 or b2744 or b2361 or b0675,3.1.3.5
PAPPT3,b0087,2.7.8.13
UAGPT3,b0090,2.4.1.227
F6PA,b0825 or b3946,4.1.2.-
AGMHE,b3619,5.1.3.20
GMHEPAT,b3052,2.7.7.70
IDOND,b4267,"['1.1.1.264', '1.1.1.366']"
IDOND2,b4267,1.1.1.264
GLYCLTDx,b3553 or b1033,"['1.1.1.26', '1.1.1.29', '1.1.1.79']"
HPYRRy,b1033 or b3553,"['1.1.1.-', '1.1.1.79', '1.1.1.81']"
ACODA,b3957,"['3.5.1.14', '3.5.1.16']"
ADA,b1623,3.5.4.4
DADA,b1623,3.5.4.4
ADD,b3665,3.5.4.2
ADSS,b4177,6.3.4.4
AGDC,b0677,3.5.1.25
ASNN,b1767 or b0828,"['3.5.1.1', '3.5.1.38', '3.5.5.4']"
ASNS2,b3744 or b0674,"['6.3.1.1', '6.3.5.4']"
ASPCT,( b4244 and b4245 ) or b4245,2.1.3.2
DMPPS,b0029,1.17.1.2
MCOATA,b1094 and b1092,"['2.3.1.-', '2.3.1.0', '2.3.1.39', '2.3.1.85', '2.3.1.86']"
IPDPS,b0029,1.17.1.2
DAPE,b3809,5.1.1.7
DHDPRy,b0031,1.3.1.26
HSK,b0003,2.7.1.39
SDPTA,b2662 or b1302 or b3359 or b1748 or b0907,2.6.1.17
THRS,b0004,4.2.3.1
HSST,b4013,2.3.1.46
PPNDH,b2599,"['4.2.1.51', '4.2.1.91']"
DDPA,b0754 or b2601 or b1704,2.5.1.54
NMNDA,b2700,3.5.1.42
NNAM,b1768,3.5.1.19
P5CD,b1014,"['1.2.1.88', '1.5.1.12']"
SPMDAT1,b1584,2.3.1.57
SPMDAT2,b1584,"['2.3.1.57', '2.6.1.29']"
TDPADGAT,b3790,2.3.1.210
MALS,b4014 or b2976,2.3.3.9
TRE6PP,b1897,3.1.3.12
ADPRDP,b3397 or b3034,3.6.1.13
ARAI,b0062,"['5.3.1.4', '5.3.1.5']"
M1PD,b3600,1.1.1.17
G3PD2,b3608,1.1.1.94
GALS3,b4119,"['3.2.1.20', '3.2.1.22']"
FCI,b2802,5.3.1.3
FCLK,b2803,2.7.1.51
FCLPA,b2738 or b2800,4.1.2.17
ACCOAL,b4069 or b0335,6.2.1.13
GALUi,b1236,"['2.7.7.64', '2.7.7.9']"
U23GAAT,b0179,2.3.1.191
UAAGDS,b0085,6.3.2.13
UAMAS,b0091,6.3.2.8
UAMAGS,b0088,6.3.2.9
UGLYCH,b0505,"['3.5.1.116', '3.5.3.19']"
OP4ENH,b0350,4.2.1.80
HOPNTAL,b0352,"['4.1.2.-', '4.1.2.n4', '4.1.3.39']"
3HPPPNH,b0347,1.14.13.127
AKGDH,b0116 and b0727 and b0726,"['1.2.1.52', '1.2.4.2', '1.8.1.4', '2.3.1.61']"
HPYRRx,b1033 or b3553,"['1.1.1.26', '1.1.1.29', '1.1.1.81']"
GLYCDx,b3945,1.1.1.6
ASP1DC,b0131,"['4.1.1.11', '4.1.1.15']"
UGMDDS,b0086,6.3.2.10
UHGADA,b0096,3.5.1.108
UAGAAT,b1094 and b0181,2.3.1.129
ATPPRT,b2019,2.4.2.17
HISTD,b2020,1.1.1.23
IGPDH,b2022,4.2.1.19
PRPPS,b1207,2.7.6.1
PRATPP,b2026,3.6.1.31
PRMICI,b2024,5.3.1.16
SERAT,b3607,2.3.1.30
CYSS,b2421 or b2414,"['2.5.1.47', '2.5.1.65']"
BPNT,b4214,"['3.1.3.7', '3.1.3.97']"
PAPSR,( b2582 and b2762 ) or ( b3781 and b2762 ),1.8.4.8
ASPK,b3940 or b0002 or b4024,2.7.2.4
ASAD,b3433,1.2.1.11
DAPDC,b2838,4.1.1.20
METAT,b2942,2.5.1.6
ASCBPL,b4192,3.1.1.-
ACBIPGT,b1993,2.7.7.62
ADOCBLS,b1992,2.7.8.26
ADOCBIK,b1993,2.7.1.156
TMPK,b0417,2.7.4.16
HPPPNDO,b0348,1.13.11.16
DHCINDO,b0348,1.13.11.16
HKNDDH,b0349,3.7.1.14
HKNTDH,b0349,3.7.1.14
GLYCK2,b3124,"['2.7.1.165', '2.7.1.31']"
ENTCS,b0583,
SULR,b2764 and b2763,1.8.1.2
MANPGH,b0732,3.2.1.170
URDGLYCD,b0517,"['1.1.1.154', '1.1.1.350']"
CBMKr,b0521,2.7.2.2
AMANAPEr,b3223,5.1.3.9
ACM6PH,b2428,4.2.1.126
NNATr,b0639,"['2.7.7.1', '2.7.7.18']"
CYTDH,b0651 or b2162 or b0030,"['3.2.2.3', '3.2.2.8']"
PSERT,b0907,2.6.1.52
AIRC2,b0522,6.3.4.18
GAPD,b1779,"['1.2.1.12', '1.2.1.59']"
HEX1,b2388,"['2.7.1.1', '2.7.1.2']"
GND,b2029,"['1.1.1.351', '1.1.1.44']"
TAUDO,b0368,1.14.11.17
ME2,b2463,1.1.1.40
ARGSL,b3960,4.3.2.1
CBPS,b0032 and b0033,6.3.5.5
GLU5K,b0242,2.7.2.11
IPPS,b0074,2.3.3.13
ACOATA,b1094 and b1091,"['2.3.1.-', '2.3.1.179', '2.3.1.180', '2.3.1.38', '2.3.1.41', '2.3.1.85', '2.3.1.86']"
MLTG2,b0403,
MLTG1,b0403,3.2.1.20
AMALT3,b3416,2.4.1.25
MLTP3,b3417,2.4.1.1
SPODM,b3908 or b1656,1.15.1.1
AHCYSNS,b0159,3.2.2.9
TMK,b1106,2.7.1.89
NTPP4,b1759 or b2781,"['3.6.1.65', '3.6.1.8', '3.6.1.9']"
NTPP3,b2781 or b2251 or b1759,"['3.6.1.12', '3.6.1.65', '3.6.1.9']"
NTPP6,b2781 or b0905,"['3.6.1.8', '3.6.1.9']"
NTPP7,b2251 or b2781 or b3248,"['3.6.1.19', '3.6.1.9']"
NTPP8,b2781 or b3248,"['3.6.1.8', '3.6.1.9']"
P5CR,b0386,1.5.1.2
CYANST,b2668 or b3425 or b2521,2.8.1.1
DHPPDA2,b0414,3.5.4.26
G5SADs,s0001,
GMAND,b2053,4.2.1.47
PPCSCT,b2920,2.8.3.1
CYTD,b2143,3.5.4.5
DCYTD,b2143,3.5.4.5
DBTS,b0778,6.3.3.3
DCTPD,b2065,3.5.4.13
DHDPS,b2478,
G1PACT,b3730,"['2.3.1.157', '2.3.1.4']"
GART,b1849,2.1.2.-
CSND,b0337,3.5.4.1
GF6PTA,b3729,2.6.1.16
GLUCYS,b2688,6.3.2.2
GLUN,b0485 or b1524,"['1.4.1.13', '1.4.7.1', '3.5.1.2', '3.5.1.38', '4.3.3.6', '6.3.4.2', '6.3.5.2', '6.3.5.4', '6.3.5.5']"
GLUPRT,b2312,2.4.2.14
GMPR,b0104,1.7.1.7
NADS1,b1740,"['6.3.1.5', '6.3.5.1']"
NTRIR2x,b3366 and b3365,"['1.7.1.15', '1.7.1.4']"
OCBT,b4254 or b0273,2.1.3.3
GARFT,b2500,2.1.2.2
GPDDA1,b3449,"['3.1.4.2', '3.1.4.46']"
GPDDA2,b3449,"['3.1.4.2', '3.1.4.46']"
PHETA1,b0928 or b4054 or b3770,"['2.6.1.1', '2.6.1.42', '2.6.1.5', '2.6.1.57', '2.6.1.58', '2.6.1.9']"
PPND,b2600,1.3.1.12
TRPS1,b1260 and b1261,4.2.1.20
PRAMPC,b2026,3.5.4.19
MCITL2,b0331,4.1.3.30
DXYLK,b3564,2.7.1.-
MDH3,b2210,1.1.5.4
SOTA,b1748,2.6.1.81
SGSAD,b1746,1.2.1.71
PTA2,b2297,"['2.3.1.222', '2.3.1.8']"
MDH2,b2210,1.1.5.4
ACOTA,b2662 or b1748 or b3359 or b1302,2.6.1.11
GPDDA5,b3449,3.1.4.44
PDX5PS,b2564 and b0052,
PPBNGS,b0369,4.2.1.24
PPNCL2,b3639,6.3.2.5
PRAGSr,b4005,6.3.4.13
PRFGS,b2557,6.3.5.3
ETHAAL,b2441 and b2440,4.3.1.7
MAN1PT2,b2049,2.7.7.22
AP4AH,b0049,3.6.1.41
AP5AH,b0049,3.6.1.61
ADNCYC,b3806,4.6.1.1
MI1PP,b2533,3.1.3.25
MCITS,b0333,2.3.3.5
PPAKr,b3115,2.7.2.15
NTP3,b3590 or b2918 or b4352 or b4161 or b2727 or b2173 or b4173,"['3.6.1.15', '3.6.1.5', '3.6.5.1', '3.6.5.2', '3.6.5.3', '3.6.5.4', '3.6.5.5', '3.6.5.6']"
PPM2,b4383,5.4.2.7
MOAT2,b3633,2.4.99.13
G6PDH2r,b1852,"['1.1.1.363', '1.1.1.49']"
NADH5,b3713 or b1109 or b0046 or b1004,
MOHMT,b0134,2.1.2.11
GMPS,b2507,6.3.5.2
FTHFLi,,6.3.4.3
UDPGD,b2028,1.1.1.22
GLCRD,b2788 or b2787,4.2.1.40
PPPNDO,b2540 and b2542 and b2538 and b2539,1.14.12.19
CHRPL,b4039 or b1096,4.1.3.40
TDPAGTA,b3791,2.6.1.59
UACMAMO,b3787,1.1.1.336
FBA3,b2925,"['4.1.2.-', '4.1.2.13']"
PMPK,b2103,2.7.4.7
LCADi,b1415,1.2.1.22
ADK3,b0474,"['2.7.4.10', '2.7.4.4']"
GLUDC,b3517 or b1493,4.1.1.15
BSORy,b3551,1.-.-.-
ADSK,b2750,2.7.1.25
HSDy,b3940 or b0002,1.1.1.3
CYSTL,b3008 or b1622,4.4.1.8
SHSL1,b3939,2.5.1.48
SSALy,b1525 or b2661,"['1.2.1.16', '1.2.1.79']"
3HCINNMH,b0347,1.14.13.127
BSORx,b3551,
NMNt7pp,,3.2.2.14
GLUtex,b1377 or b0241 or b0929 or b2215,
GLYtex,b1377 or b0241 or b0929 or b2215,
GLYALDtex,b1377 or b0241 or b0929 or b2215,
GLYBtex,b1377 or b0241 or b0929 or b2215,
GLYCtex,b1377 or b0241 or b0929 or b2215,
GLYC3Ptex,b1377 or b0241 or b0929 or b2215,
GLYCLTtex,b1377 or b0241 or b0929 or b2215,
GTPtex,b0241 or b1377 or b2215 or b0929,
GUAtex,b0411,
Htex,b1377 or b0241 or b0929 or b2215,
H2tex,b1377 or b0241 or b0929 or b2215,
H2Otex,b1377 or b2215 or b1319 or b3875 or s0001 or b0957 or b0241 or b0929,
FACOAL160t2pp,b1701 or b1805,
FACOAL180t2pp,b1701 or b1805,
SPODMpp,b1646,1.15.1.1
NO3R1bpp,b2204 and b2205 and b2202 and b2203 and b2206,
O2tpp,s0001,
PHYTSpp,b0980,
PPTHpp,b0383,
NO3R2pp,( b1466 and b1467 and b1468 and b1465 ) or ( b1226 and b1224 and b1227 and b1225 ),
NTP3pp,b0980,"['3.6.1.15', '3.6.1.5', '3.6.5.1', '3.6.5.2', '3.6.5.3', '3.6.5.4', '3.6.5.5', '3.6.5.6']"
NO3R2bpp,b2203 and b2206 and b2202,1.7.99.4
THD2pp,b1602 and b1603,1.6.1.1
TMAOR1pp,( b0997 and b0996 ) or ( b1872 and b1873 ),
TMAOR2pp,( b0997 and b0996 ) or ( b1872 and b1873 ),
DAPtex,b1377 or b0241 or b0929 or b2215,
12PPDStex,b1377 or b0241 or b0929 or b2215,
DDGLCNtex,b1377 or b0241 or b0929 or b2215,
26DAHtex,b1377 or b0241 or b0929 or b2215,
HCINNMtex,b1377 or b0241 or b0929 or b2215,
HPPPNtex,b2215 or b0929 or b1377 or b0241,
ACtex,b1377 or b0241 or b0929 or b2215,
ACALDtex,b1377 or b0241 or b0929 or b2215,
ACMANAtex,b0929 or b2215 or b0241 or b1377,
ACMUMtex,b1377 or b0241 or b0929 or b2215,
ACACT7r,b2342 or b3845,"['2.3.1.155', '2.3.1.16', '2.3.1.9']"
PSP_L,b4388,3.1.3.3
ACACT2r,b2342 or b3845,"['2.3.1.16', '2.3.1.9']"
ACACT3r,b2342 or b3845,2.3.1.9
ACACT4r,b2342 or b3845,"['2.3.1.16', '2.3.1.9']"
SUCCt2_2pp,b3528 or b0010,
SUCFUMtpp,b0621 or b4123 or b4138,
SUCptspp,b2416 and b2417 and b2415 and b2429,
SULabcpp,( b0765 and b0764 and b0763 ) or ( b2422 and b2423 and b2424 and b2425 ) or ( b2424 and b2422 and b2423 and b3917 ),3.6.3.25
TSULabcpp,( b2424 and b2423 and b2422 and b3917 ) or ( b2424 and b2422 and b2425 and b2423 ),3.6.3.25
TARTRt7pp,b3063,
AHGDx,b2913,"['1.1.1.399', '1.1.1.M7']"
TAURabcpp,b0367 and b0365 and b0366,3.6.3.36
THMDt2pp_copy1,b2964 or b2393,
Kt2pp,( b1363 and b1291 and b3290 ) or ( b1291 and b3849 and b3290 ) or b1250 or b3747,
AKGt2rpp,b2587,
XYLt2pp,b4031,
THMabcpp,b0068 and b0066 and b0067,
THMDt2pp_copy2,b2406,
THRabcpp,b3457 and b3455 and b3456 and b3460 and b3454,
TREptspp,b2416 and b2417 and b4240 and b2415,2.7.1.69
TRPt2rpp,b3709 or b3161 or b0112,
TYRt2rpp,b1907 or b0112,
URIt2pp_copy1,b2964 or b2393,
URIt2pp_copy2,b2406,
VALabcpp,b3455 and b3456 and b3457 and b3460 and b3454,
XTSNt2rpp,b2406,
XYLabcpp,b3566 and b3568 and b3567,
XYLUt2pp,b3578 and b3577 and b3579,
THRt4pp,b3089,
GALtex,b1377 or b0241 or b0929 or b2215,
GALCTtex,b1377 or b0241 or b0929 or b2215,
GALCTNtex,b1377 or b0241 or b0929 or b2215,
GALTtex,b1377 or b0241 or b0929 or b2215,
GALURtex,b1377 or b0241 or b0929 or b2215,
GTPCI,b2153,3.5.4.16
FDMO,b0935,1.14.14.5
FEOXAMabcpp,b0153 and b0152 and b0151,
CBL1abcpp,b0158 and b1709 and b1711,3.6.3.33
ACACt2pp,b2223,
ACGAptspp,( b2415 and b2416 and b2417 and b1101 ) or ( b2416 and b2415 and b0679 ),
ACMANAptspp,b1817 and b1818 and b2415 and b2416 and b1819,
ACNAMt2pp,b3224,
CHOLD,b0311,"['1.1.1.-', '1.1.1.1']"
DRPA,b4381,4.1.2.4
TKT2,b2935 or b2465,2.2.1.1
FEENTERabcpp,b0590 and b0589 and b0592 and b0588,3.6.3.34
FECRMabcpp,b0152 and b0153 and b0151,3.6.3.34
GAMtex,b1377 or b0241 or b0929 or b2215,
GBBTNtex,b1377 or b0241 or b0929 or b2215,
ARBt2rpp,b2841,
CO2tpp,s0001,
DMSOR1pp,b1872 and b1873,
ARGabcpp,( b2310 and b2308 and b2306 and b2307 ) or ( b0862 and b0860 and b0864 and b0861 ) or ( b0862 and b0864 and b0863 and b0861 ),3.6.3.21
ARGAGMt7pp,b4115,
ASCBptspp,b2416 and b4193 and b4195 and b2415 and b4194,
ASNt2rpp,b1453,
ASPabcpp,b0655 and b0654 and b0652 and b0653,3.6.3.21
ASPt2pp,b4077,
ASPt2_2pp,b3528,
ASPt2_3pp,b4138 or b4123,
HIStex,b1377 or b0241 or b0929 or b2215,
HXAtex,b1377 or b0241 or b0929 or b2215,
HYXNtex,b0929 or b2215 or b0241 or b1377,
IDONtex,b1377 or b0241 or b0929 or b2215,
ILEtex,b1377 or b0241 or b0929 or b2215,
INSTtex,b1377 or b0241 or b0929 or b2215,
INStex,b0411,
Ktex,b1377 or b0241 or b0929 or b2215,
D_LACtex,b1377 or b0241 or b0929 or b2215,
NTD8pp,b4055 or b0480,"['3.1.3.5', '3.1.3.89']"
FRULYStex,b1377 or b0241 or b0929 or b2215,
GALCTt2rpp,b2789 or b3127,
GALt2pp,b2943,
ASPtex,b1377 or b0241 or b0929 or b2215,
ABUTt2pp,b2663,
CYSabcpp,b1920 and b1918 and b1917,3.6.3.21
SBTptspp,b2702 and b2704 and b2416 and b2703 and b2415,
TREHpp,b1197,3.2.1.28
CYTBDpp,( b0978 and b0979 ) or ( b0733 and b0734 and b4515 ),
CYTBD2pp,b0978 and b0979,
ACALDtpp,s0001,
ACt2rpp,b0010,
ATPS4rpp,( b3734 and b3733 and b3731 and b3735 and b3732 and b3739 and b3737 and b3738 and b3736 ) or ( b3732 and b3735 and b3731 and b3733 and b3734 and b3737 and b3738 and b3736 ),3.6.3.14
INDOLEtex,b1377 or b0241 or b0929 or b2215,
L_LACtex,b2215 or b0929 or b1377 or b0241,
ACt4pp,b4067,
ADEt2rpp,b3714 or b3654 or b3664,
ADNt2pp_copy1,b2964 or b2393,
ADNt2pp_copy2,b2406,
ALAabcpp,b3460 and b3456 and b3454 and b3455 and b3457,
ALLabcpp,b4088 and b4087 and b4086,
ALLTNt2rpp,b0511,
ARBabcpp,b1901 and b4460 and b1900,3.6.3.17
ECOAH8,b2341 or b3846,"['4.2.1.134', '4.2.1.17']"
GLCDpp,b0124 or b0837,
GUAtpp,b4464 or b4064,
HYD2pp,( b0974 and b0973 and b0972 ) or ( b2996 and b2994 and b2997 and b2995 ),
HYXNtpp,b4064 or b4464,
FE3DCITabcpp,b4289 and b4287 and b4288 and b4290,
CPGNtonex,b1102 and b3006 and b1252 and b3005,
GLCRtex,b1377 or b0241 or b0929 or b2215,
GLCNtex,b1377 or b0241 or b0929 or b2215,
GLCURtex,b1377 or b0241 or b0929 or b2215,
GLNtex,b2215 or b0929 or b1377 or b0241,
O2tex,b1377 or b0241 or b0929 or b2215,
OCTAtex,b1377 or b0241 or b0929 or b2215,
ORNtex,b1377 or b0241 or b0929 or b2215,
ECOAH5,b2341 or b3846,"['4.2.1.17', '4.2.1.74']"
DHFS,b2315,"['6.3.2.12', '6.3.2.17']"
CITt7pp,b0612,
CRNt7pp,b0040,
CHLabcpp,b2131 and b2129 and b2128 and b2130,
DGSNt2pp,b2964,
DINSt2pp,b2964,
DURIt2pp,b2393 or b2964,
FE2abcpp,b3409,
FRUptspp,b2169 and b2415 and b2167 and b2416,
FUCtpp,b2801,
FUMt2_2pp,b3528,
FUMt2_3pp,b4123 or b4138 or b0621,
FEENTERtonex,b0584 and b3006 and b1252 and b3005,
CSNt2pp,b0336,
CYNTt2pp,b0341,
CYTDt2pp_copy1,b2393 or b2964,
CYTDt2pp_copy2,b2406,
DADNt2pp,b2393 or b2964,
DCYTt2pp,b2393 or b2964,
DDGLCNt2rpp,b3909,
RMNtex,b0929 or b0241 or b2215 or b1377,
MALTTRtexi,b4036,
MALTTTRtexi,b4036,
MALTPTtexi,b4036,
MALTtexi,b4036,
GLCtex_copy1,b4036,
FE3DCITtonex,b3006 and b1252 and b3005 and b4291,
PHEtex,b1377 or b0241 or b0929 or b2215,
PItex,b1377 or b0241 or b0929 or b2215,
ACGAMK,b1119,2.7.1.59
METS,b4019 or b3829,2.1.1.13
CYSabc2pp,b0887 and b0886,3.6.3.21
PRASCSi,b2476,6.3.2.6
TRSARr,b0509 or b3125,"['1.1.1.-', '1.1.1.60']"
LYXI,b3903,5.3.1.-
PNTOtex,b1377 or b0241 or b0929 or b2215,
PPPNtex,b1377 or b0241 or b0929 or b2215,
PPTtex,b1377 or b0241 or b0929 or b2215,
PTRCtex,b1377 or b0241 or b0929 or b2215,
PYRtex,b1377 or b0241 or b0929 or b2215,
DSERtex,b1377 or b0241 or b0929 or b2215,
SERtex,b1377 or b0241 or b0929 or b2215,
SO4tex,b1377 or b0241 or b0929 or b2215,
SPMDtex,b0929 or b2215 or b0241 or b1377,
SUCCtex,b1377 or b0241 or b0929 or b2215,
SUCRtex,b1377 or b0241 or b0929 or b2215,
TARTRtex,b1377 or b0241 or b0929 or b2215,
TAURtex,b1377 or b0241 or b0929 or b2215,
THRtex,b1377 or b0241 or b0929 or b2215,
THMDtex,b1377 or b0241 or b0929 or b2215,
CBIuabcpp,b0158 and b1711 and b1709,3.6.3.33
METDtex,b1377 or b0241 or b0929 or b2215,
METtex,b1377 or b0241 or b0929 or b2215,
MNLtex,b0241 or b1377 or b2215 or b0929,
NAtex,b1377 or b0241 or b0929 or b2215,
NACtex,b1377 or b0241 or b0929 or b2215,
NH4tex,b0241 or b1377 or b2215 or b0929,
URIH,b0651 or b2162 or b0030,3.2.2.3
XTSNH,b0030,3.2.2.1
INSH,b0030,"['3.2.2.1', '3.2.2.2', '3.2.2.8']"
BUTtex,b1377 or b0241 or b0929 or b2215,
CHLtex,b1377 or b0241 or b0929 or b2215,
CO2tex,b1377 or b0241 or b0929 or b2215,
CRNtex,b1377 or b0241 or b0929 or b2215,
PPK2,b2501,
DINStex,b1377 or b0241 or b0929 or b2215,
DMStex,b1377 or b0241 or b0929 or b2215,
CSNtex,b1377 or b0241 or b0929 or b2215,
CYNTtex,b0929 or b2215 or b0241 or b1377,
CYStex,b1377 or b0241 or b0929 or b2215,
CYTDtex,b1377 or b0241 or b0929 or b2215,
DCAtex,b1377 or b0241 or b0929 or b2215,
DCYTtex,b0411,
DGSNtex,b1377 or b0241 or b0929 or b2215,
MTHFR2,b3941,1.5.1.20
ASPO3,b2574,
ASPO5,b2574,1.5.99.-
ASPO4,b2574,
ASPO6,b2574,1.4.3.16
LCTStex,b1377 or b0241 or b0929 or b2215,
LEUtex,b1377 or b0241 or b0929 or b2215,
LYStex,b1377 or b0241 or b0929 or b2215,
LYXtex,b1377 or b0241 or b0929 or b2215,
MANtex,b1377 or b0241 or b0929 or b2215,
MAN6Ptex,b0929 or b2215 or b0241 or b1377,
MELIBtex,b1377 or b0241 or b0929 or b2215,
DMSOtex,b1377 or b0241 or b0929 or b2215,
DURItex,b0411,
FRUtex,b1377 or b0241 or b0929 or b2215,
FUCtex,b1377 or b0241 or b0929 or b2215,
FUMtex,b1377 or b0241 or b0929 or b2215,
ACACT5r,b3845 or b2342,2.3.1.9
MALDDH,b1800,1.1.1.83
FE2tex,b0241 or b1377 or b2215 or b0929,
NMNtex,b1377 or b0241 or b0929 or b2215,
NO2tex,b1377 or b0241 or b0929 or b2215,
DHPS2,b3177,2.5.1.15
MTHFC,b0529,3.5.4.9
MTHFD,b0529,1.5.1.5
BUTt2rpp,b2223,
CADVtpp,b4132,
QULNS,b0750,2.5.1.72
ALKP,b2690,"['3.1.3.-', '3.1.3.1', '3.1.3.2']"
GDPtex,b2215 or b0929 or b1377 or b0241,
TMAtex,b1377 or b0241 or b0929 or b2215,
TMAOtex,b1377 or b0241 or b0929 or b2215,
TREtex,b1377 or b0241 or b0929 or b2215,
L_LACD3,( b0308 and b0306 and b0307 ) or b3605,1.1.2.3
L_LACD2,( b0306 and b0308 and b0307 ) or b3605,1.1.2.3
ACACT6r,b2342 or b3845,"['2.3.1.16', '2.3.1.9']"
TRPtex,b1377 or b0241 or b0929 or b2215,
TSULtex,b1377 or b0241 or b0929 or b2215,
TYRtex,b1377 or b0241 or b0929 or b2215,
URAtex,b1377 or b0241 or b0929 or b2215,
UREAtex,b1377 or b0241 or b0929 or b2215,
URItex,b0411,
VALtex,b1377 or b0241 or b0929 or b2215,
XANtex,b1377 or b0241 or b0929 or b2215,
XYLtex,b1377 or b0241 or b0929 or b2215,
ABUTtex,b1377 or b0241 or b0929 or b2215,
FORtppi,b0904 or b2492,
DATPHs,s0001,
GLCTR1,b3631,
LIPAabcpp,b0914,
LIPACabcpp,b0914,
GGGABADr,b1300,1.2.1.-
GLYOX3,b1967,4.2.1.130
FDMO3,b0935,
FDMO4,b0935,1.14.14.5
BUTSO3abcpp,( b0933 and b0934 and b0936 ) or ( b0365 and b0366 and b0367 ),
ETHSO3abcpp,b0933 and b0934 and b0936,
O16GLCT1,b2032,
O16AP2pp,b2027 and b2035,
O16AP3pp,b2027 and b2035,
O16A4Lpp,b3622,
MALTATr,b0459,2.3.1.79
ENTERES,b0585,3.1.1.-
23CAMPtex,b1377 or b0241 or b0929 or b2215,
23CCMPtex,b1377 or b0241 or b0929 or b2215,
23CUMPtex,b1377 or b0241 or b0929 or b2215,
23CGMPtex,b1377 or b0241 or b0929 or b2215,
3AMPtex,b1377 or b0241 or b0929 or b2215,
3CMPtex,b1377 or b0241 or b0929 or b2215,
LADGMDH,b1326,
ALAGLUE,b1325,5.1.1.20
FEENTERtpp,b0591,
FEENTERtex,b3035,
PTRCt2pp,b1296 or b0692 or b2014,
GGGABAH,b1298,3.5.1.94
FRULYSK,b3374,
FDMO6,b0935,
SULFACabcpp,b0933 and b0934 and b0936,
ETHSO3tex,b1377 or b0241 or b0929 or b2215,
BUTSO3tex,b1377 or b0241 or b0929 or b2215,
LIPOtex,b0929 or b1377 or b2215 or b0241,
CYANSTpp,b1308,2.8.1.1
MCPST,b2521,2.8.1.2
PHEMEabcpp,b2200 and b2199 and b2198 and b2197 and b2201,3.6.3.41
GALBDtex,b0929 or b2215 or b0241 or b1377,
LIPAHT2ex,b0622,
LIPAHTex,b0622,
ECAP1pp,b3785 and b3793 and b3792,
UDCPDPpp,b3057 or b1278 or b0841,
ECAP2pp,b3785 and b3793 and b3792,
ECA4OALpp,b3622,
FE3Ri,b3844,
SULFACtex,b0241 or b1377 or b2215 or b0929,
NODOy,b2552,1.14.12.17
GALM2pp,b0756,5.1.3.3
CU1abcpp,b0484,3.6.3.54
HG2abcpp,b3469,
GLCTR3,b3626,
HEPT4,b3623,2.4.1.56
LA4NTpp,b2257,
NODOx,b2552,1.14.12.17
NOtex,b1377 or b0241 or b0929 or b2215,
NOtpp,s0001,
NHFRBO,b2711 and b2710,1.7.1.14
N2Otpp,s0001,
N2Otex,b1377 or b0241 or b0929 or b2215,
CRNt8pp,b0040,
CRNt2rpp,b4111,
CRNDt2rpp,b4111,
CTBTt2rpp,b4111,
42A12BOOXpp,b1386,"['1.4.3.21', '1.4.3.4', '1.4.9.2', '1.4.99.4']"
TYROXDApp,b1386,"['1.4.3.21', '1.4.3.4', '1.4.9.2', '1.4.99.4']"
PEAMNtex,b1377 or b0241 or b0929 or b2215,
PACALDtex,b1377 or b0241 or b0929 or b2215,
NTRIR4pp,b4072 and b4070 and b4071 and b4073,
NTRIR3pp,b4072 and b4070 and b4071 and b4073,
INOSTt4pp,b3679,
AGM3PA,b0110,
CYANtex,b1377 or b0241 or b0929 or b2215,
SO3tex,b1377 or b0241 or b0929 or b2215,
TCYNTtex,b1377 or b0241 or b0929 or b2215,
ACANTHAT,b1463,
METSOX1tex,b1377 or b0241 or b0929 or b2215,
METSOX2tex,b1377 or b0241 or b0929 or b2215,
3UMPtex,b1377 or b0241 or b0929 or b2215,
3GMPtex,b1377 or b0241 or b0929 or b2215,
FALDtpp,s0001,
METSOXR1,( b3551 and b2582 ) or ( b2582 and b4219 ) or ( b3781 and b4219 ) or ( b3551 and b3781 ),"['1.8.4.11', '1.8.4.13', '1.8.4.14']"
METSOXR2,( b1832 and b3781 ) or ( b2582 and b1778 ) or ( b3781 and b1778 ) or ( b1832 and b2582 ),"['1.8.4.11', '1.8.4.13', '1.8.4.14']"
DAPAL,b2871,4.3.1.15
AMPTASECG,b2523 or b0932 or b4260 or b0237,"['3.4.11.1', '3.4.11.2', '3.4.11.23', '3.4.13.-', '3.4.13.18']"
DOPAtex,b1377 or b0241 or b0929 or b2215,
4HOXPACDtex,b1377 or b0241 or b0929 or b2215,
LACZpp,b2132,"['3.2.1.108', '3.2.1.23']"
GPDDA1pp,b2239,"['3.1.4.2', '3.1.4.46']"
GPDDA5pp,b2239,3.1.4.44
ETHAtex,b1377 or b0241 or b0929 or b2215,
G3PStex,b1377 or b0241 or b0929 or b2215,
FLVR,b3844 or ( b2764 and b2763 ),"['1.5.1.30', '1.5.1.41']"
FEENTERexs,s0001,
FE3HOXexs,s0001,
FDMO2,b0935,"['1.14.14.34', '1.14.14.5', '1.14.14.ah']"
LALGP,b0237,3.4.13.18
AGM4PApp,b2435 or b2817 or b4169 or b0867,
AGM4PA,b0110,
RNDR3b,( b2676 and b2675 and b1064 ) or ( b0849 and b2676 and b2675 ) or ( b2676 and b2675 and b3610 ) or ( b2676 and b2675 and b1654 ),
RNDR4b,( b2676 and b2675 and b1654 ) or ( b0849 and b2676 and b2675 ) or ( b2676 and b2675 and b3610 ) or ( b2676 and b2675 and b1064 ),
ACGAL1Ptex,b1377 or b0241 or b0929 or b2215,
ACGALtex,b1377 or b0241 or b0929 or b2215,
GLCUR1Ptex,b1377 or b0241 or b0929 or b2215,
UDPGLCURtex,b1377 or b0241 or b0929 or b2215,
UDPGALPpp,b0480,3.6.1.45
UACGAMPpp,b0480,3.6.1.45
UACGALPpp,b0480,3.6.1.45
UGLCURPpp,b0480,
FEROpp,b0123 or b3336,1.16.3.1
ISETACabcpp,( b0366 and b0365 and b0367 ) or ( b0934 and b0933 and b0936 ),
ISETACtex,b1377 or b0241 or b0929 or b2215,
UDPGtex,b1377 or b0241 or b0929 or b2215,
ACGAL1PPpp,,3.1.3.10
UDPGALtex,b2215 or b0929 or b1377 or b0241,
ACGAM1Ptex,b1377 or b0241 or b0929 or b2215,
UACGAMtex,b1377 or b0241 or b0929 or b2215,
UDPACGALtex,b1377 or b0241 or b0929 or b2215,
AM4PCP,b1192,
AM3PA,b0110,
UM4PCP,b1192,
CBLAT,b1270,2.5.1.17
MSO3abcpp,b0936 and b0933 and b0934,
MSO3tex,b1377 or b0241 or b0929 or b2215,
TDP,b1134,"['3.6.1.-', '3.6.1.15']"
3PEPTabcpp,( b2178 and b2177 and b2180 and b2179 ) or ( b1329 and b1247 and b1245 and b1244 and b1246 ) or ( b1244 and b1247 and b1245 and b1246 and b1243 ),
4PEPTabcpp,( b1245 and b1247 and b1243 and b1244 and b1246 ) or ( b2178 and b2177 and b2180 and b2179 ),
AGM3Pt2pp,b0433,
AGM4Pt2pp,b0433,
AGMt2pp,b0433,
FECRMexs,s0001,
ARBTNexs,s0001,
FEOXAMexs,s0001,
FEOXAMR1,b4367,
FEOXAMR2,b4367,
FEOXAMR3,b4367,
PTHRpp,b4055 or b0383,3.1.3.-
ARABDI,b2802,5.3.1.3
AGt3,b0573 and b0572 and b0574 and b0575,
CD2t3pp,b3915 or b0752,
ZNabcpp,b1858 and b1859 and b1857,3.6.3.5
SKMt2pp,b1981,
FE2t2pp,b2392,
R5PPpp,b4055 or b0383,
PSP_Lpp,b4055 or b0383,3.1.3.3
TYRPpp,b4055,
GLYC2Ptex,b1377 or b0241 or b0929 or b2215,
PSERtex,b1377 or b0241 or b0929 or b2215,
R5Ptex,b1377 or b0241 or b0929 or b2215,
THRPtex,b1377 or b0241 or b0929 or b2215,
TYRPtex,b1377 or b0241 or b0929 or b2215,
PAPSR2,( b1064 and b2762 ) or ( b3610 and b2762 ) or ( b0849 and b2762 ) or ( b1654 and b2762 ),1.8.4.8
GRXR,b1654 or b1064 or b3610 or b0849,1.8.4.2
RNDR1b,( b0849 and b2676 and b2675 ) or ( b2676 and b2675 and b1064 ) or ( b2676 and b2675 and b3610 ) or ( b2676 and b2675 and b1654 ),
RNDR2b,( b2676 and b2675 and b1654 ) or ( b0849 and b2676 and b2675 ) or ( b2676 and b2675 and b1064 ) or ( b2676 and b2675 and b3610 ),
FACOAE181,b0452,
FACOAE160,b0452,"['3.1.2.2', '3.1.2.22']"
FACOAE140,b0452,3.1.2.2
AAMYL,b1927,
AAMYLpp,b3571,
FACOAL80t2pp,b1805 or b1701,
PPGPPDP,b3650,3.1.7.2
CPGNabcpp,b0153 and b0151 and b0152,
CPGNexs,s0001,
CITtex,b1377 or b0241 or b0929 or b2215,
ACGAtex,b1377 or b0241 or b0929 or b2215,
DDCAtexi,b2344,
TTDCAtexi,b2344,
HDCAtexi,b2344,
GUACYC,,"['4.6.1.1', '4.6.1.2']"
23PDE2pp,b4213,3.1.4.16
23PDE4pp,b4213,3.1.4.16
23PDE9pp,b4213,3.1.4.16
ATPHs,s0001,"['3.5.4.17', '3.5.4.18']"
SARCOX,b1059,1.5.3.1
GTPHs,s0001,
MN6PP,b3697 or b0822 or b1727 or b3826,
3KGK,b3580,2.7.1.53
F6PP,b2293 or b3697 or b0822 or b2690 or b3826,
GDPMNH,b2051,
FACOAL60t2pp,b1805 or b1701,
IDONt2rpp,b4265,3.6.3.-
ILEabcpp,b3457 and b3455 and b3456 and b3460 and b3454,
INDOLEt2pp,b3265 and b3266 and b3035,
INSt2pp,b2406 or b2964 or b2393,
LYXt2pp,b3907,
GDPDPK,b2784 or b3650,2.7.6.5
OCDCAtexi,b2344,
OCDCEAtexi,b2344,
G6Ptex,b1377 or b0241 or b0929 or b2215,
TUNGSabcpp,b0765 and b0764 and b0763,3.6.3.55
MOBDabcpp,( b2424 and b2422 and b2423 and b3917 ) or ( b0765 and b0764 and b0763 ) or ( b2423 and b2425 and b2422 and b2424 ),3.6.3.29
MOBDtex,b1377 or b0241 or b0929 or b2215,
NI2uabcpp,( b3477 and b3476 and b3480 and b3479 and b3478 ) or b4242,3.6.3.24
NI2tex,b1377 or b0241 or b0929 or b2215,
R15BPK,b4094,2.7.4.23
Kabcpp,( b0697 and b0698 and b0696 ) or ( b0697 and b0698 and b0696 and b4513 ),"['3.6.3.10', '3.6.3.12']"
LEUabcpp,( b3454 and b3460 and b3455 and b3457 and b3456 ) or ( b3457 and b3456 and b3458 and b3455 and b3454 ),
L_LACt2rpp,b3603 or b2975,
MALt2_2pp,b3528,
MALt2_3pp,b4123 or b4138,
MALTabcpp,b4032 and b4033 and b4035 and b4034,3.6.3.19
MALTHXabcpp,b4033 and b4034 and b4032 and b4035,
MALTPTabcpp,b4033 and b4035 and b4032 and b4034,
MALTTRabcpp,b4033 and b4034 and b4035 and b4032,3.6.3.-
MALTTTRabcpp,b4034 and b4033 and b4032 and b4035,3.6.3.-
MAN6Pt6_2pp,b3666,
MANGLYCptspp,b0731 and b2415 and b2416,
MELIBt2pp,b4120 or b0343,
METabcpp,b0197 and b0198 and b0199,
GGPTRCS,b1297,6.3.1.11
RMNtpp,b3907,
SERt4pp,b3089,
SUCCt2_3pp,b4123 or b4138,
MNLptspp,( b2933 and b2415 and b2934 and b2416 ) or ( b3599 and b2415 and b2416 ) or ( b2703 and b2704 and b2415 and b2702 and b2416 ),
NAt3_1p5pp,b1186,
NAt3_2pp,b0019,
NH4tpp,s0001 or b0451,
NMNPtpp,b0751,
NO2t2rpp,b1223 or b3367,
NO3t7pp,b1223 or b1469,
ORNabcpp,b2306 and b2307 and b2308 and b2310,3.6.3.21
PIuabcpp,b3728 and b3725 and b3727 and b3726,3.6.3.27
PNTOt4pp,b3258,
FRULYSDG,b3371,
METDabcpp,b0199 and b0198 and b0197,
PROabcpp,b2678 and b2677 and b2679,
PROt2rpp,b4111 or b0402,
PROt4pp,b1015,
PTRCabcpp,( b1441 and b1440 and b1442 and b1443 ) or ( b0857 and b0854 and b0855 and b0856 ) or ( b1124 and b1125 and b1126 and b1123 ),3.6.3.31
ASNNpp,b2957,"['3.5.1.1', '3.5.1.38', '3.5.5.4']"
GLUNpp,b2957,"['1.4.1.13', '1.4.7.1', '3.5.1.2', '3.5.1.38', '4.3.3.6', '6.3.4.2', '6.3.5.2', '6.3.5.4', '6.3.5.5']"
NTD12,b3399 or b2744 or b2291 or b2361,
FECRMtonex,b3006 and b1252 and b3005 and b0150,
ADOCBLabcpp,b0158 and b1709 and b1711,
CRNabcpp,b2677 and b2679 and b2678,
CRNDabcpp,b2677 and b2679 and b2678,
DNTPPA,b1865 or b0099,3.6.1.67
CTBTabcpp,b2677 and b2678 and b2679,
NTPP9,b2954,"['3.6.1.-', '3.6.1.8', '3.6.1.9']"
NTPP10,b2954,"['3.6.1.-', '3.6.1.66']"
NTPP11,b2954,"['3.6.1.-', '3.6.1.66']"
NTD10pp,b4055 or b0480,3.1.3.5
NTD1pp,b0480 or b4055,"['3.1.3.5', '3.1.3.89']"
NTD2pp,b0480 or b4055 or b0383,3.1.3.5
NTD3pp,b0480 or b4055,"['3.1.3.5', '3.1.3.89']"
NTD4pp,b4055 or b0480 or b0383,"['3.1.3.5', '3.1.3.91']"
NTD5pp,b4055 or b0480,"['3.1.3.35', '3.1.3.5', '3.1.3.89']"
NTD6pp,b0480 or b4055,"['3.1.3.5', '3.1.3.89']"
NTD7pp,b4055 or b0480 or b0383,3.1.3.5
NTD9pp,b4055 or b0480 or b0383,3.1.3.5
PEAMNOpp,b1386,"['1.4.3.21', '1.4.3.4', '1.4.3.6']"
GAL1PPpp,b1002,3.1.3.94
H2O2tex,b1377 or b0241 or b0929 or b2215,
ARGDCpp,b2938,4.1.1.19
ALLPI,b4090,5.3.1.6
ALLK,b4084,2.7.1.55
ALLULPE,b4085,5.1.3.-
ADEtex,b1377 or b0241 or b0929 or b2215,
ADNtex,b0411,
AGMtex,b1377 or b0241 or b0929 or b2215,
ALAtex,b2215 or b0241 or b1377 or b0929,
BALAtex,b1377 or b0241 or b0929 or b2215,
DALAtex,b1377 or b0241 or b0929 or b2215,
AMPtex,b0929 or b2215 or b0241 or b1377,
ARBtex,b1377 or b0241 or b0929 or b2215,
ARGtex,b1377 or b0241 or b0929 or b2215,
ASCBtex,b1377 or b0241 or b0929 or b2215,
FACOAL100t2pp,b1805 or b1701,
RIBabcpp,( b3749 and b3750 and b3751 and b3748 ) or ( b4485 and b4230 and b4227 and b4231 ) or ( b4086 and b4088 and b4087 ),3.6.3.17
GPDDA3pp,b2239,3.1.4.46
GPDDA4pp,b2239,3.1.4.46
GPDDA2pp,b2239,"['3.1.4.2', '3.1.4.46']"
FACOAL120t2pp,b1701 or b1805,
FACOAL140t2pp,b1701 or b1805,
FE3HOXtonex,b3006 and b1252 and b3005 and b0150,
CU2abcpp,b3469,"['3.6.3.-', '3.6.3.4']"
COBALT2abcpp,b3469,
NI2abcpp,b3469,3.6.3.24
MG2uabcpp,b4242,3.6.3.2
HCYSMT2,b0261,2.1.1.10
MMETtex,b1377 or b0241 or b0929 or b2215,
FE3tex,b1377 or b0241 or b0929 or b2215,
MG2tex,b1377 or b0241 or b0929 or b2215,
Zn2tex,b1377 or b0241 or b0929 or b2215,
MMETt2pp,b0260,
CD2tex,b1377 or b0241 or b0929 or b2215,
GLNabcpp,b0809 and b0811 and b0810,3.6.3.21
GLUabcpp,b0654 and b0653 and b0655 and b0652,3.6.3.21
GLUABUTt7pp,b1492,
GLUt2rpp,b4077,
GLUt4pp,b3653,
GLYALDtpp,b3927,
ACGK,b3959,2.7.2.8
LCTSt3ipp,b2170 or b1528 or b0070,
ARBt3ipp,b1528,
14GLUCANabcpp,b4035 and b4032 and b4034 and b4033,
14GLUCANtexi,b4036,2.4.1.161
DHPTPE,b2303,"['5.1.99.7', '5.1.99.d']"
NADPHQR2,b3028,
NADPHQR3,b3028,
NADPHQR4,b3028,
GLBRAN2,b3432,2.4.1.18
ASR,b1064 and b3503,1.20.4.1
ASO3tex,b1377 or b0241 or b0929 or b2215,
MANGLYCtex,b1377 or b0241 or b0929 or b2215,
METOX1s,s0001,
METOX2s,s0001,
FRUURt2rpp,b4321,
FRUURtex,b1377 or b0241 or b0929 or b2215,
ECAtpp,b3792,
O16AT,b2033,
O16GALFT,b2034,
O16AUNDtpp,b2037,
O16AP1pp,b2027 and b2035,
GLYCAt2rpp,b3127 or b2789,
GLYCAtex,b1377 or b0241 or b0929 or b2215,
AGM4PCP,b1192,
4PCP,b1192,
4PCPpp,b2175,
FALDH2,b0356,"['1.1.1.-', '1.1.1.284']"
GLYBabcpp,( b2130 and b2131 and b2129 and b2128 ) or ( b2679 and b2677 and b2678 ),
GLYC3Pt6pp,b2240,
GLYCLTt4pp,b4067,
GLYCtpp,s0001 or b3927,
H2Otpp,s0001 or b0875,
HCINNMt2rpp,b0353,
HISabcpp,b2308 and b2307 and b2306 and b2309,3.6.3.21
HISt2rpp,b0112,
CBIAT,b1270,2.5.1.17
LYSabcpp,b2310 and b2308 and b2306 and b2307,3.6.3.21
COBALT2tex,b1377 or b0241 or b0929 or b2215,
PPDOy,b0325,1.1.1.-
FALGTHLs,s0001,4.4.1.22
NTD12pp,b0480 or b4055,
PPA2,b2502 or b2744,3.6.1.25
DIMPtex,b1377 or b0241 or b0929 or b2215,
3NTD7pp,b4213 or b0383,3.1.3.6
3NTD4pp,b0383 or b4213 or b2744,3.1.3.6
3NTD2pp,b4213 or b0383,3.1.3.6
3NTD9pp,b4213 or b0383,3.1.3.6
23PDE7pp,b4213,3.1.4.16
GALTptspp,b2093 and b2415 and b2092 and b2094 and b2416,
GALURt2rpp,b3093,
GLCNt2rpp,b3415 or b4321 or b4476 or b4265,
GLCptspp,( b2415 and b1101 and b2416 and b2417 ) or ( b2417 and b1621 and b2415 and b2416 ) or ( b1817 and b2415 and b1819 and b1818 and b2416 ),
GLCRt2rpp,b3127 or b2789,
GLCt2pp,b2943,
GLCURt2rpp,b3909 or b3093,
ACMUMptspp,b2415 and b2417 and b2416 and b2429,
HSTPT,b2021,2.6.1.9
THDPS,b0166,2.3.1.117
ACONMT,b1519,2.1.1.144
XTSNtex,b1377 or b0241 or b0929 or b2215,
GNK,b3437 or b4268,2.7.1.12
HMBS,b3805,"['2.5.1.61', '4.3.1.8']"
RMK,b3904,2.7.1.5
FHL,( b4079 and b2481 and b2488 and b2486 and b2482 and b2487 and b2489 and b2485 and b2483 and b2490 and b2484 ) or ( b4079 and b2719 and b2720 and b2723 and b2722 and b2724 and b2721 ),
HYPOE,,3.1.3.74
MEPCT,b2747,2.7.7.60
GLUDy,b1761,"['1.4.1.13', '1.4.1.3', '1.4.1.4']"
ZN2abcpp,b3469,3.6.3.5
GLYCLTDy,b1033 or b3553,1.1.1.79
LYSDC,b0186 or b4131,4.1.1.18
DAAD,b1189,1.4.99.1
UREAtpp,b3927,
XANt2pp,b3654 or b2882 or b2888,
GLYC3Pabcpp,b3453 and b3452 and b3451 and b3450,3.6.3.20
PPPNt2rpp,b2536,
PTRCORNt7pp,b0692,
SPMDabcpp,( b1124 and b1123 and b1125 and b1126 ) or ( b1441 and b1443 and b1442 and b1440 ),3.6.3.31
HG2tex,b1377 or b0241 or b0929 or b2215,
NTPP5,b1865 or b2781,"['3.6.1.19', '3.6.1.9']"
ATPM,,"['3.6.1.15', '3.6.1.3', '3.6.1.5', '3.6.1.8', '3.6.3.1', '3.6.3.10', '3.6.3.11', '3.6.3.12', '3.6.3.14', '3.6.3.15', '3.6.3.16', '3.6.3.17', '3.6.3.18', '3.6.3.19', '3.6.3.2', '3.6.3.20', '3.6.3.21', '3.6.3.22', '3.6.3.23', '3.6.3.24', '3.6.3.25', '3.6.3.26', '3.6.3.27', '3.6.3.28', '3.6.3.29', '3.6.3.3', '3.6.3.30', '3.6.3.31', '3.6.3.32', '3.6.3.33', '3.6.3.34', '3.6.3.35', '3.6.3.36', '3.6.3.37', '3.6.3.38', '3.6.3.39', '3.6.3.4', '3.6.3.40', '3.6.3.41', '3.6.3.42', '3.6.3.43', '3.6.3.44', '3.6.3.46', '3.6.3.47', '3.6.3.48', '3.6.3.49', '3.6.3.5', '3.6.3.50', '3.6.3.51', '3.6.3.52', '3.6.3.53', '3.6.3.54', '3.6.3.6', '3.6.3.7', '3.6.3.8', '3.6.3.9', '3.6.4.1', '3.6.4.10', '3.6.4.11', '3.6.4.12', '3.6.4.13', '3.6.4.2', '3.6.4.3', '3.6.4.4', '3.6.4.5', '3.6.4.6', '3.6.4.7', '3.6.4.8', '3.6.4.9']"
NADPPPS,,"['3.1.3.-', '3.1.3.1', '3.1.3.2']"
NTD3,b2291 or b2744 or b2361,"['3.1.3.5', '3.1.3.89']"
GLYOX,b0212,3.1.2.6
DADNtex,b0411,
DHAtex,b1377 or b0241 or b0929 or b2215,
ETOHtex,b1377 or b0241 or b0929 or b2215,
MTRPOX,b1059,1.5.3.2
AGM4PCPpp,b2175,
GTPDPDP,b3779,"['3.6.1.11', '3.6.1.40']"
RNDR2,( b3781 and b2235 and b2234 ) or ( b2582 and b2235 and b2234 ),1.17.4.1
NMNN,,3.2.2.14
XAND,b2867 and b2866 and b2868,1.17.1.4
HACD3,b3846 or b2341,"['1.1.1.211', '1.1.1.35']"
ACACtex,b1377 or b0241 or b0929 or b2215,
ACNAMtex,b0929 or b4311 or b2215,
ARBTNabcpp,b0153 and b0151 and b0152,
NNDMBRT,b1991,2.4.2.21
THRA2,b2551 or b0870,
ASO3t8pp,b3502,3.6.3.16
H2Stex,b0241 or b1377 or b2215 or b0929,
PPK,b2501,
OMCDC,s0001,1.1.1.85
ABUTD,b1444,"['1.2.1.-', '1.2.1.19', '1.2.1.3']"
E4PD,b2927 or b1779,1.2.1.72
IG3PS,b2023 and b2025,"['2.4.2.-', '4.1.3.-', '4.3.2.M2']"
DADK,b0474,"['2.7.4.11', '2.7.4.13', '2.7.4.3']"
DUTPDP,b3640 or b2251,"['3.6.1.-', '3.6.1.23', '3.6.1.9']"
NTP5,b4161,"['3.6.1.15', '3.6.1.5']"
FORt2pp,b0904 or b2492,
MTAN,b0159,"['3.2.2.16', '3.2.2.9']"
DPR,b0425 or b3774,1.1.1.169
THRD_L,b3772 or b3117,4.3.1.19
4PEPTtex,b1377 or b0241 or b0929 or b2215,
NAMNPP,b0931,6.3.4.21
SELNPS,b1764,2.7.9.3
CRNCAR,b0036,5.1.1.-
GALabcpp,( b2149 and b2148 and b2150 ) or ( b4485 and b4227 and b4230 and b4231 ),3.6.3.17
GLYCLTt2rpp,b3603 or b2975,
GUAt2pp,b3654,
HPPPNt2rpp,b0353,
ANHMK,b1640,
DHFR,b1606 or b0048,1.5.1.3
PRAIi,b1262,5.3.1.24
TYRTA,b0928 or b4054 or b3770,"['2.6.1.1', '2.6.1.5', '2.6.1.57', '2.6.1.9']"
SHKK,b3390 or b0388,2.7.1.71
SADH,b1745,3.5.3.23
GLUSy,b3213 and b3212,1.4.1.13
GUAPRT,b0125 or b0238,"['2.4.2.22', '2.4.2.7', '2.4.2.8']"
PDH,b0116 and b0115 and b0114,"['1.2.1.-', '1.2.1.51', '1.2.4.1', '1.8.1.4', '2.3.1.12']"
DMSOR2pp,b1872 and b1873,
H2St1pp,s0001,
HYD3pp,( b0974 and b0973 and b0972 ) or ( b2996 and b2994 and b2997 and b2995 ),1.18.99.1
NO3R1pp,( b1466 and b1467 and b1468 and b1465 ) or ( b1226 and b1224 and b1227 and b1225 ),
AACPS5,b1094 and b2836,
MANptspp,b2416 and b1818 and b1819 and b1817 and b2415,
NTD8,b3399 or b2744 or b2291 or b2361,"['3.1.3.5', '3.1.3.89']"
GALCTD,b3128,4.2.1.42
MLTG4,b0403,3.2.1.20
UDPGDC,b2255,1.1.1.305
PUNP4,b2407 or b4384,"['2.4.2.1', '2.4.2.4']"
AMAOTr,b0774,2.6.1.62
ARGORNt7pp,b1605,
NTD11pp,b0480 or b4055,"['3.1.3.5', '3.1.3.99']"
DKGLCNR2x,b3553,
ACGS,b2818,2.3.1.1
PDE1,b1489 or b3032,"['3.1.4.17', '3.1.4.53']"
MCITD,b0334,4.2.1.79
CU2tex,b0241 or b1377 or b2215 or b0929,
GLCATr,b0459,2.3.1.79
ALAALAr,b0381 or b0092,6.3.2.4
CLtex,b1377 or b0241 or b0929 or b2215,
CELBpts,( b2416 and b2715 and b2415 ) or ( b1737 and b1738 and b1736 and b2416 and b2415 ),
ACACT1r,b2342 or b2224 or b3845,2.3.1.9
MALTptspp,b2415 and b1621 and b2417 and b2416,
CD2abcpp,b3469,"['3.6.3.3', '3.6.3.46']"
G2PPpp,b4055 or b0383,3.1.3.19
Kt3pp,b1216 or b3350 or b0047 or b0842,
AGM3PApp,b2817 or b4169 or b2435 or b0867,
SUCOAS,b0729 and b0728,6.2.1.5
NTP1,b0650 or b4161,"['3.6.1.15', '3.6.1.3', '3.6.1.5', '3.6.1.8', '3.6.3.1', '3.6.3.10', '3.6.3.11', '3.6.3.12', '3.6.3.14', '3.6.3.15', '3.6.3.16', '3.6.3.17', '3.6.3.18', '3.6.3.19', '3.6.3.2', '3.6.3.20', '3.6.3.21', '3.6.3.22', '3.6.3.23', '3.6.3.24', '3.6.3.25', '3.6.3.26', '3.6.3.27', '3.6.3.28', '3.6.3.29', '3.6.3.3', '3.6.3.30', '3.6.3.31', '3.6.3.32', '3.6.3.33', '3.6.3.34', '3.6.3.35', '3.6.3.36', '3.6.3.37', '3.6.3.38', '3.6.3.39', '3.6.3.4', '3.6.3.40', '3.6.3.41', '3.6.3.42', '3.6.3.43', '3.6.3.44', '3.6.3.46', '3.6.3.47', '3.6.3.48', '3.6.3.49', '3.6.3.5', '3.6.3.50', '3.6.3.51', '3.6.3.52', '3.6.3.53', '3.6.3.54', '3.6.3.6', '3.6.3.7', '3.6.3.8', '3.6.3.9', '3.6.4.1', '3.6.4.10', '3.6.4.11', '3.6.4.12', '3.6.4.13', '3.6.4.2', '3.6.4.3', '3.6.4.4', '3.6.4.5', '3.6.4.6', '3.6.4.7', '3.6.4.8', '3.6.4.9']"
GALKr,b0757,2.7.1.6
PANTS,b0133,6.3.2.1
YUMPS,b2165,
DHQS,b3389,4.2.3.4
PGCD,b2913,1.1.1.95
ADSL1r,b1131,4.3.2.2
SERD_D,b2366,4.3.1.18
AICART,b4006,2.1.2.3
FRUpts2pp,b1819 and b1817 and b1818 and b2416 and b2415,
G6Pt6_2pp,b3666,
PROtex,b0241 or b1377 or b2215 or b0929,
SBTtex,b1377 or b0241 or b0929 or b2215,
PFK,b3916 or b1723,2.7.1.11
PGM,b0755 or b3612,"['5.4.2.1', '5.4.2.11', '5.4.2.12']"
TPI,b3919,5.3.1.1
RPI,b2914 or b4090,5.3.1.6
PERD,b2320,1.1.1.290
PYDAMK,b2418,2.7.1.35
AKGtex,b1377 or b0241 or b0929 or b2215,
ALLTNtex,b1377 or b0241 or b0929 or b2215,
ASNtex,b1377 or b0241 or b0929 or b2215,
FE3HOXabcpp,b0152 and b0151 and b0153,
FADRx2,b2764,"['1.5.1.30', '1.5.1.45']"
PDE4,b1489,"['3.1.4.17', '3.1.4.35']"
AGM4PH,b1107,
AM4PA,b0110,
ATHRDHr,b1539,1.1.1.381
LSERDHr,b1539,1.1.1.276
DSERDHr,b1539,
OBTFL,( b0902 and b0903 ) or ( b0903 and b0902 and b2579 ) or ( b0902 and b3114 ),"['2.3.1.-', '2.3.1.54']"
THRt2pp,b0813 or b3823,
G6PP,b3826 or b0822 or b2293,"['3.1.3.58', '3.1.3.9']"
MMCD,b2919,"['4.1.1.41', '4.1.1.9']"
GLNS,b3870,6.3.1.2
TYMtex,b1377 or b0241 or b0929 or b2215,
GTHS,b2947,6.3.2.3
CMPtex,b1377 or b0241 or b0929 or b2215,
DUMPtex,b1377 or b0241 or b0929 or b2215,
XMPtex,b1377 or b0241 or b0929 or b2215,
3PEPTtex,b1377 or b0241 or b0929 or b2215,
ANHGMtex,b1377 or b0241 or b0929 or b2215,
UDPKAAT,b2253,2.6.1.87
ULA4NFT,b2255,2.1.2.13
UPLA4FNT,b2254,
UPLA4FNF,b2256,
ULA4Ntppi,b2258 and b4544,
HEPT1,b3621,2.4.-.-
FALDtex,b1377 or b0241 or b0929 or b2215,
ALR2,b1781 or b3012 or b0207 or b3001,1.1.1.-
AMALT2,b3416,2.4.1.25
MLTP1,b3417,2.4.1.1
HEPT2,b3620,
CYSDtex,b1377 or b0241 or b0929 or b2215,
HXAND,b2867 and b2866 and b2868,1.17.1.4
G3PItex,b1377 or b0241 or b0929 or b2215,
G3PGtex,b1377 or b0241 or b0929 or b2215,
G3PEtex,b2215 or b0929 or b1377 or b0241,
G3PCtex,b1377 or b0241 or b0929 or b2215,
MOAT3C,b3624,
RHAT1,b3629,
GLCabcpp,b2148 and b2149 and b2150,3.6.3.17
GALT1,b3628,
GLCTR2,b3627,
UDPGPpp,b0480,"['3.6.1.45', '3.6.1.8', '3.6.1.9']"
PPPGO,b3850,1.3.3.4
DAMPtex,b1377 or b0241 or b0929 or b2215,
DCMPtex,b1377 or b0241 or b0929 or b2215,
DGMPtex,b1377 or b0241 or b0929 or b2215,
DTMPtex,b1377 or b0241 or b0929 or b2215,
GMPtex,b0929 or b2215 or b0241 or b1377,
IMPtex,b1377 or b0241 or b0929 or b2215,
UMPtex,b2215 or b0929 or b1377 or b0241,
G1Ptex,b1377 or b0241 or b0929 or b2215,
ADNK1,b0474,"['2.7.1.20', '2.7.1.74']"
CUt3,b0573 and b0572 and b0574 and b0575,
ZN2t3pp,b3915 or b0752,
SKMtex,b1377 or b0241 or b0929 or b2215,
MNt2pp,b2392,
MNtex,b1377 or b0241 or b0929 or b2215,
GAL1Ptex,b1377 or b0241 or b0929 or b2215,
O2Stex,b0241 or b1377 or b2215 or b0929,
HEPK1,b3630,
HEPT3,b3632,
HEPK2,b3625,
ALDD3y,b4269 or b3588 or b3011,
R5PP,b2293 or b2690 or b0822 or b0675 or b3697,
CYSSADS,b2810 or b1680,"['4.1.1.12', '4.4.1.1']"
CPPPGO2,b3867,"['1.3.98.3', '1.3.99.22']"
AGM3PH,b1107,
HOMt2pp,b0813 or b3824,
HOMtex,b1377 or b0241 or b0929 or b2215,
SO2tex,b1377 or b0241 or b0929 or b2215,
SO2tpp,s0001,
LDH_D2,b2133,
SHCHF,b3368,4.99.1.4
SUCBZL,b2260,6.2.1.26
CYSDDS,b1919,4.4.1.15
CYStpp,b2578 or b1533,
ACSERtpp,b2578 or b1533,
ACSERtex,b0241 or b1377 or b2215 or b0929,
LALDO3,,"['1.1.1.283', '1.2.1.49']"
NTP10,b4161 or b4394,"['3.6.1.-', '3.6.1.5']"
PRAIS,b2499,6.3.3.1
GDMANE,b2052,
GPDDA4,b3449,3.1.4.46
LPLIPAL2E140,b3825,
LPLIPAL2E180,b3825,3.1.1.5
LPLIPAL2G161,b3825,
LPLIPAL2G181,b3825,
2AGPE120tipp,b2835,
AACPS6,b1094 and b2836,6.2.1.20
AACPS7,b1094 and b2836,6.2.1.l
G3PGabcpp,b3453 and b3450 and b3451 and b3452,
G3PIabcpp,b3453 and b3450 and b3451 and b3452,
G3PSabcpp,b3453 and b3450 and b3451 and b3452,
QMO2,b3029,
QMO3,b3029,
LPLIPAL2E141,b3825,
LPLIPAL2E161,b3825,
LPLIPAL2E181,b3825,
LPLIPAL2G180,b3825,
LPLIPAL2G141,b3825,
2AGPA120tipp,b2835,
2AGPG180tipp,b2835,
IPDDI,b2889,5.3.3.2
2AGPGAT180,b2836,
2AGPGAT181,b2836,
LPLIPAL2ATG120,b3825,
PLIPA1E140pp,b3821,
PLIPA1E160pp,b3821,3.1.1.32
PLIPA1E161pp,b3821,
AACPS8,b1094 and b2836,6.2.1.20
AACPS9,b1094 and b2836,6.2.1.l
HXCT,b2222 and b2221,2.8.3.8
2AGPEAT160,b2836,2.3.1.40
DURADx,b2147 and b2146,1.3.1.1
ECOAH7,b2341 or b3846,"['4.2.1.17', '4.2.1.74']"
G1PPpp,b1002 or b0383,3.1.3.10
GALCTND,b4478,"['4.2.1.140', '4.2.1.6']"
GCALDD,b1415,1.2.1.21
HISTP,b2022,3.1.3.15
LDH_D,b1380,1.1.1.28
AMALT4,b3416,2.4.1.25
NTD11,b2744 or b3399,"['3.1.3.5', '3.1.3.99']"
ORNDC,b2965 or b0693,4.1.1.17
UPP3MT,b3368,2.1.1.107
KAS15,b1091,2.3.1.180
ALAALAtex,b1377 or b0241 or b0929 or b2215,
FACOAL181t2pp,b1805 or b1701,
T2DECAI,b0954,
3OAS161,b2323,2.3.1.41
EAR141y,b1288,1.3.1.10
EAR161x,b1288,1.3.1.9
DASYN160,b0175,2.7.7.41
DASYN161,b0175,2.7.7.41
DASYN181,b0175,2.7.7.41
CDAPPA161,b3918,3.6.1.26
PGSA180,b1912,2.7.8.5
PSSA140,b2585,
2AGPGAT141,b2836,
FACOAE180,b0452,3.1.2.2
FACOAE100,b0452,3.1.2.2
FACOAE80,b0452,
FACOAE60,b0452,
PLIPA1E120pp,b3821,
MALtex,b1377 or b0241 or b0929 or b2215,
NO3tex,b0929 or b1377 or b0241 or b2215,
3OAS141,b2323,2.3.1.41
3OAR121,b1093,1.1.1.100
CFAS160G,b1661,2.1.1.79
URAt2pp,b2497 or b1006,
FACOAE141,b0452,
FACOAE161,b0452,
TTDCEAtexi,b2344,
HDCEAtexi,b2344,
ALAALAD,b1488,3.4.13.22
2AGPEAT180,b2836,2.3.1.40
2AGPEAT181,b2836,
2AGPGAT140,b2836,
PLIPA1E181pp,b3821,
PLIPA1G180pp,b3821,
PLIPA1G181pp,b3821,
ALAALAabcpp,( b3540 and b3542 and b3544 and b3543 and b3541 ) or ( b1485 and b1486 and b1487 and b1483 and b1484 ),
HEXt2rpp,b2223,
G3PEabcpp,b3453 and b3450 and b3451 and b3452,
G3PCabcpp,b3453 and b3450 and b3451 and b3452,
2AGPGAT161,b2836,
AMPTASEPG,b4260 or b2523 or b0932 or b0237,
PROGLYabcpp,b3541 and b3542 and b3544 and b3540 and b3543,
GTHRDabcpp,b0829 and b0831 and b0830 and b0832,
2AGPG140tipp,b2835,
2AGPG160tipp,b2835,
2AGPG141tipp,b2835,
2AGPG161tipp,b2835,
2AGPG181tipp,b2835,
2AGPEAT140,b2836,
2AGPEAT120,b2836,
2AGPEAT161,b2836,
2AGPEAT141,b2836,
2AGPGAT160,b2836,
LPLIPAL2ATG140,b3825,
LPLIPAL2ATG141,b3825,
LPLIPAL2ATG160,b3825,
LPLIPAL2ATG180,b3825,
LPLIPAL2ATG161,b3825,
LPLIPAL2ATG181,b3825,
CLPNS180pp,b1249 or b0789,
CLPNS181pp,b1249 or b0789,
PG161abcpp,b0914,
PGP120abcpp,b0914,
PGP161abcpp,b0914,
PGP181abcpp,b0914,
PA120abcpp,b0914,
PLIPA1G120pp,b3821,
CLPNS120pp,b0789 or b1249,
ALPATE160pp,b1677 and b0657,
ALPATG160pp,b1677 and b0657,
2AGPGAT120,b2836,
LPLIPAL2ATE120,b3825,
LPLIPAL2ATE140,b3825,
LPLIPAL2ATE160,b3825,
LPLIPAL2ATE180,b3825,
LPLIPAL2ATE141,b3825,
LPLIPAL2ATE161,b3825,
LPLIPAL2ATE181,b3825,
FACOAL141t2pp,b1701 or b1805,
FACOAL161t2pp,b1805 or b1701,
PA160abcpp,b0914,
PA181abcpp,b0914,
PGPP140pp,b0418 or b1278,
PGPP141pp,b0418 or b1278,
PGPP160pp,b0418 or b1278,3.1.3.27
PGPP180pp,b0418 or b1278,3.1.3.27
PLIPA1E180pp,b3821,3.1.1.32
PLIPA1G140pp,b3821,
PLIPA1G161pp,b3821,
CLPNS160pp,b0789 or b1249,
CLPNS161pp,b1249 or b0789,
PG160abcpp,b0914,
PGP140abcpp,b0914,
PAPA120pp,b1278,
PAPA140pp,b1278,
PAPA141pp,b1278,
PAPA160pp,b1278,3.1.3.4
PAPA161pp,b1278,
PAPA180pp,b1278,
HPYRI,b0508,5.3.1.22
TPRDCOAS,b0613,2.4.2.52
ACGAM1PPpp,,3.1.3.10
GAMptspp,b1817 and b2416 and b2415 and b1819 and b1818,
GSNt2pp,b2964,
GSNtex,b1377 or b0241 or b0929 or b2215,
FORtex,b1377 or b0241 or b0929 or b2215,
D_LACt2pp,b3603 or b2975,
RIBtex,b1377 or b0241 or b0929 or b2215,
FLVRx,b3844,"['1.5.1.36', '1.5.1.41']"
THMtex,b1377 or b0241 or b0929 or b2215,
XYLUtex,b1377 or b0241 or b0929 or b2215,
ALLtex,b1377 or b0929 or b0241 or b2215,
GGPTRCO,b1301,
34dhpactex,b1377 or b0241 or b0929 or b2215,
MALTHXtexi,b4036,
HYD1pp,( b2996 and b2994 and b2997 and b2995 ) or ( b0974 and b0973 and b0972 ) or ( b2721 and b2724 and b2722 and b2723 and b2720 and b2719 ),
FE3DHBZStonex,( b3006 and b1252 and b3005 and b0805 ) or ( b3006 and b1252 and b3005 and b2155 ),
AACTOOR,,"['1.4.3.21', '1.4.3.4', '1.4.3.6']"
H2tpp,s0001,
23DAPPAtex,b1377 or b0241 or b0929 or b2215,
ECAP3pp,b3785 and b3793 and b3792,
FEOXAMtonex,b0150 and b3006 and b1252 and b3005,
FMNRx,b0937 or b3844,"['1.5.1.-', '1.5.1.36', '1.5.1.39', '1.5.1.41', '1.5.1.42']"
PHEt2rpp,b0576 or b0112,
DHBS,b0594,2.7.7.58
MDDCP1pp,b0376 or b0839 or b0632 or b3182 or b2010 or b2430,3.4.16.4
GUI2,b3092,5.3.1.12
OMBZLM,b3833,
GLYCK,b0514,2.7.1.31
MLTG5,b0403,3.2.1.20
GPDDA3,b3449,3.1.4.46
2DOXG6PP,b2293 or b3826 or b1727 or b0446,3.1.3.68
OXAMTC,,2.1.3.5
AGMH,b1107,
MPTG,( b1069 and b2519 and b0089 ) or ( b0089 and b1069 and b3208 ) or ( b1069 and b3396 and b0089 ) or ( b1069 and b0149 and b0089 ),
MPTG2,( b1069 and b3396 and b0089 ) or ( b1069 and b0149 and b0089 ) or ( b0089 and b1069 and b3208 ) or ( b1069 and b2519 and b0089 ),
MCTP1App,( b0084 and b0635 and b3396 ) or ( b0084 and b0635 and b0149 ),
MCTP2App,( b0084 and b0635 and b3396 ) or ( b0084 and b0635 and b0149 ),
MCTP1Bpp,b1678 or b0925,
MELIBt3ipp,b1528,
GLCtex_copy2,b0241 or b0929 or b1377 or b2215,
NAt3pp,b0842 or b1216,
SFGTHi,b2154 or b0355,3.1.2.12
DHORDfum,,1.3.98.1
K2L4Aabcpp,b0914,
DSBCGT,b2893,
DSBGGT,b0604,
DHNAOT4,b3930,2.5.1.74
AMPMS2,b3994,
THIORDXi,b1710 or ( b3781 and b2480 ) or ( b2582 and b2480 ),1.11.1.16
PPPGO3,b3850,1.3.3.4
PDX5POi,b1638,1.4.3.5
PLIPA1A181pp,b3821,
LPLIPAL2A141,b3825,3.1.1.5
HG2t3pp,b3915,
CYTBO3_4pp,b0429 and b0432 and b0431 and b0430,
EAR141x,b1288,1.3.1.9
EAR181x,b1288,1.3.1.9
EAR181y,b1288,1.3.1.10
G3PAT141,b1094 and b4041,2.3.1.15
G3PAT181,b1094 and b4041,2.3.1.15
DASYN140,b0175,2.7.7.41
DASYN180,b0175,2.7.7.41
DASYN141,b0175,2.7.7.41
CDAPPA160,b3918,3.6.1.26
CDAPPA141,b3918,3.6.1.26
PGSA141,b1912,
5DOAN,b0159,
FACOAE120,b0452,3.1.2.2
3OAR120,b1093,"['1.1.1.100', '2.3.1.-', '2.3.1.85', '2.3.1.86']"
3HAD80,b0954 or b0180,"['2.3.1.-', '2.3.1.85', '2.3.1.86', '4.2.1.58', '4.2.1.59', '4.2.1.61']"
3HAD120,b0180 or b0954,"['2.3.1.-', '2.3.1.85', '2.3.1.86', '4.2.1.58', '4.2.1.59', '4.2.1.60', '4.2.1.61']"
EAR180x,b1288,1.3.1.9
SO4t2pp,b2413,
EAR180y,b1288,1.3.1.10
AGPAT120,b3018,2.3.1.51
PGPP120,b0418 or b1278,3.1.3.27
DAGK120,b4042,
PSSA180,b2585,2.7.8.8
PSSA161,b2585,2.7.8.8
PSSA141,b2585,
PSD160,b4160,4.1.1.65
PSD161,b4160,4.1.1.65
PSD180,b4160,4.1.1.65
COLIPAabcpp,b0914,
PLIPA2A140pp,b3821,3.1.1.4
PLIPA2A141pp,b3821,3.1.1.4
PLIPA2A180pp,b3821,3.1.1.4
GAM6Pt6_2pp,b3666,
PPALtex,b1377 or b0241 or b0929 or b2215,
CA2tex,b1377 or b0241 or b0929 or b2215,3.6.3.8
CUtex,b1377 or b0241 or b0929 or b2215,
CU1Opp,b0123,1.16.3.-
SUCDi,b0723 and b0721 and b0722 and b0724,
LPLIPAL1E141pp,b0494,
LALDO2x,b3945,"['1.1.1.78', '1.1.1.79']"
12PPDRtex,b1377 or b0241 or b0929 or b2215,
LPLIPAL1E160pp,b0494,
LPLIPAL1E180pp,b0494,
LPLIPAL1E181pp,b0494,
LPLIPAL1G160pp,b0494,
LPLIPAL1G161pp,b0494,
LPLIPAL1G120pp,b0494,
PLIPA2E140pp,b3821,
PLIPA2E160pp,b3821,
PLIPA2A161pp,b3821,
PLIPA2A181pp,b3821,
F6Ptex,b1377 or b0241 or b0929 or b2215,
GAMAN6Ptex,b1377 or b0241 or b0929 or b2215,
ALR4x,b3945,
LPLIPAL1G141pp,b0494,
LPLIPAL1G180pp,b0494,
LPLIPAL1G181pp,b0494,
ACONIs,s0001,5.3.3.7
ACONTb,b0118 or b1276,4.2.1.3
GLCP2,b3417 or b3428,2.4.1.1
F6Pt6_2pp,b3666,
PLIPA2E141pp,b3821,
PLIPA2E181pp,b3821,
PLIPA2G140pp,b3821,
3HAD161,b0954 or b0180,4.2.1.61
PLIPA2G160pp,b3821,
PLIPA2G181pp,b3821,
ASNS1,b0674,6.3.5.4
EAR80y,b1288,2.3.1.86
EAR120y,b1288,2.3.1.86
3OAR181,b1093,1.1.1.100
3HAD121,b0954 or b0180,4.2.1.61
EAR121y,b1288,1.3.1.10
GTHRDHpp,b3447,"['3.4.19.-', '3.4.19.13']"
PROGLYtex,b1377 or b0241 or b0929 or b2215,
MDDCP2pp,b2430 or b0839 or b0632 or b3182 or b2010 or b0376,3.4.16.4
MDDCP3pp,b2430 or b0839 or b0632 or b3182 or b2010 or b0376,3.4.16.4
EAR140x,b1288,2.3.1.-
EAR40y,b1288,2.3.1.86
3OAS181,b1095,2.3.1.179
EAR161y,b1288,1.3.1.10
G3PAT140,b1094 and b4041,2.3.1.15
G3PAT160,b1094 and b4041,2.3.1.15
G3PAT161,b1094 and b4041,2.3.1.15
AGPAT160,b3018,2.3.1.51
CDAPPA140,b3918,3.6.1.26
MLDCP1App,b1678 or b1990 or b0925 or b1113 or b0819,3.4.17.13
EAR160y,b1288,1.3.1.10
EAR100y,b1288,2.3.1.86
3OAR141,b1093,1.1.1.100
3OAR161,b1093,1.1.1.100
3HAD141,b0954 or b0180,4.2.1.61
EAR121x,b1288,1.3.1.9
PSD140,b4160,
MICITDr,b0118,4.2.1.99
CDAPPA181,b3918,3.6.1.26
PGSA140,b1912,
LPLIPAL1A141pp,b0494,3.1.1.5
LPLIPAL1A180pp,b0494,3.1.1.5
LPLIPAL1E140pp,b0494,
LPLIPAL1E161pp,b0494,
LPLIPAL1G140pp,b0494,
ACONTa,b0118 or b1276,4.2.1.3
MLDCP2App,b0925 or b1678 or b1113 or b0819 or b1990,3.4.17.13
PGPP120pp,b0418 or b1278,3.1.3.27
PGPP181pp,b0418 or b1278,3.1.3.27
PGSA181,b1912,2.7.8.5
PGPP140,b0418 or b1278,
PGPP141,b0418 or b1278,
MDDCP5pp,b2430 or b0839 or b0632 or b3182 or b2010 or b0376,3.4.16.4
MLTGY3pp,b0211 or b2963 or b2701 or b4392 or b2813 or b1193 or b2558 or b1097,
G3PAT180,b1094 and b4041,2.3.1.15
AGPAT140,b3018,2.3.1.51
PGSA160,b1912,2.7.8.5
MLDCP2Bpp,b1678 or b0819 or b1113 or b1990 or b0925,3.4.17.13
3OAS140,b2323 or b1095,2.3.1.86
3OAR140,b1093,"['1.1.1.100', '2.3.1.-', '2.3.1.85', '2.3.1.86']"
3OAR160,b1093,"['1.1.1.100', '2.3.1.-', '2.3.1.85', '2.3.1.86']"
PGSA161,b1912,2.7.8.5
3HAD181,b0954 or b0180,4.2.1.61
PGPP160,b0418 or b1278,3.1.3.27
PGPP180,b0418 or b1278,3.1.3.27
PGPP161,b0418 or b1278,3.1.3.27
PGPP181,b1278 or b0418,3.1.3.27
CDAPPA180,b3918,3.6.1.26
NTP12,b4394,3.6.1.-
PE141abcpp,b0914,
PE160abcpp,b0914,
PE161abcpp,b0914,
PSD141,b4160,
PG140abcpp,b0914,
PG141abcpp,b0914,
PG180abcpp,b0914,
PG181abcpp,b0914,
PGP141abcpp,b0914,
PGP160abcpp,b0914,
PGP180abcpp,b0914,
PAPA181pp,b1278,
PA140abcpp,b0914,
MDDCP4pp,b2430 or b0839 or b0632 or b3182 or b2010 or b0376,3.4.16.4
CLPNS140pp,b1249 or b0789,
CLPNS141pp,b1249 or b0789,
PG120abcpp,b0914,
PE140abcpp,b0914,
CFAS160E,b1661,2.1.1.79
CFAS180E,b1661,2.1.1.79
CFAS180G,b1661,2.1.1.79
PAPA160,b1278,3.1.3.4
PAPA180,b1278,
PAPA181,b1278,
PETNT161pp,b3546,
PSSA160,b2585,2.7.8.8
PSSA181,b2585,2.7.8.8
DAGK140,b4042,
DAGK160,b4042,2.7.1.107
DAGK141,b4042,
DAGK161,b4042,
AGPAT181,b3018,2.3.1.51
MDDEP3pp,b1655 or b2175 or b2328 or b3182 or b2134 or b0376 or b1856,
MDDEP4pp,b1655 or b0376 or b2328 or b3182 or b2134 or b2175 or b1856,
MLTGY1pp,b0211 or b1193 or b2813 or b2963 or b4392 or b2701 or b2558 or b1097,
CGLYtex,b1377 or b0241 or b0929 or b2215,
3HAD40,b0954 or b0180,4.2.1.58
PLIPA1E141pp,b3821,
3OAS60,b1095 or b2323,2.3.1.86
3OAS160,b2323 or b1095,2.3.1.86
3OAR60,b1093,"['1.1.1.100', '2.3.1.-', '2.3.1.85', '2.3.1.86']"
3OAR80,b1093,"['1.1.1.100', '2.3.1.-', '2.3.1.85', '2.3.1.86']"
MLDCP3App,b1678 or b1990 or b0925 or b1113 or b0819,3.4.17.13
MLDCP1Bpp,b1678 or b1990 or b0925 or b1113 or b0819,3.4.17.13
2AGPE181tipp,b2835,
2AGPA140tipp,b2835,
2AGPA160tipp,b2835,
2AGPA180tipp,b2835,
2AGPA141tipp,b2835,
PLIPA1G160pp,b3821,
PLIPA1G141pp,b3821,
LPLIPAL2E160,b3825,3.1.1.5
LPLIPAL2G140,b3825,
LPLIPAL2G160,b3825,
2AGPE140tipp,b2835,
2AGPE160tipp,b2835,
2AGPE180tipp,b2835,
2AGPE141tipp,b2835,
2AGPE161tipp,b2835,
2AGPA161tipp,b2835,
2AGPA181tipp,b2835,
2AGPG120tipp,b2835,
LPLIPAL2G120,b3825,
PA141abcpp,b0914,
PA161abcpp,b0914,
PA180abcpp,b0914,
PGPP161pp,b0418 or b1278,3.1.3.27
PE120abcpp,b0914,
PE180abcpp,b0914,
PAPA140,b1278,
PAPA141,b1278,
PAPA161,b1278,
GTHOXtex,b1377 or b0241 or b0929 or b2215,
DSBAO1,b1185 and b3860,
DSBAO2,b1185 and b3860,
DSBDR,( b2582 and b4136 ) or ( b3781 and b4136 ),
TDSR1,b2893 and b4136,
CGLYabcpp,b3540 and b3542 and b3544 and b3543 and b3541,
PLIPA2A120pp,b3821,3.1.1.4
PLIPA2A160pp,b3821,3.1.1.4
LPLIPAL2E120,b3825,
EAR100x,b1288,2.3.1.-
EAR120x,b1288,2.3.1.-
EAR160x,b1288,1.3.1.9
EAR140y,b1288,2.3.1.86
3OAS121,b2323,2.3.1.41
3OAS80,b2323 or b1095,2.3.1.86
3OAS100,b2323 or b1095,2.3.1.86
3OAS120,b1095 or b2323,2.3.1.86
3OAR40,b1093,1.1.1.100
3OAR100,b1093,"['1.1.1.100', '2.3.1.-', '2.3.1.85', '2.3.1.86']"
3HAD60,b0954 or b0180,"['2.3.1.-', '2.3.1.85', '2.3.1.86', '4.2.1.58', '4.2.1.59']"
3HAD100,b0954 or b0180,"['2.3.1.-', '2.3.1.85', '2.3.1.86', '4.2.1.58', '4.2.1.59', '4.2.1.60', '4.2.1.61']"
3HAD140,b0954 or b0180,"['2.3.1.-', '2.3.1.85', '2.3.1.86', '4.2.1.59', '4.2.1.61']"
3HAD160,b0954 or b0180,"['2.3.1.-', '2.3.1.85', '2.3.1.86', '4.2.1.59', '4.2.1.61']"
AGPAT180,b3018,2.3.1.51
AGPAT141,b3018,2.3.1.51
AGPAT161,b3018,2.3.1.51
DASYN120,b0175,2.7.7.41
EAR40x,b1288,2.3.1.-
EAR60y,b1288,2.3.1.86
MLDEP1pp,b2328,
MLDEP2pp,b2328,
MLTGY2pp,b0211 or b1193 or b2813 or b2963 or b4392 or b2701 or b2558 or b1097,
MLTGY4pp,b0211 or b2963 or b2701 or b4392 or b2813 or b1193 or b2558 or b1097,
EAR60x,b1288,2.3.1.-
EAR80x,b1288,2.3.1.-
PE181abcpp,b0914,
NTP11,b4394,
3OAS180,b1095 or b2323,2.3.1.41
3HAD180,b0954 or b0180,"['2.3.1.-', '4.2.1.-', '4.2.1.61']"
CDAPPA120,b3918,3.6.1.26
PSSA120,b2585,2.7.8.8
PSD120,b4160,4.1.1.65
PAPA120,b1278,
MDDEP1pp,b2175 or b1655 or b2328 or b3182 or b2134 or b1856 or b0376,
MDDEP2pp,b2175 or b1655 or b2328 or b3182 or b2134 or b1856 or b0376,
PSD181,b4160,4.1.1.65
DAGK180,b4042,
DAGK181,b4042,
PLIPA2E120pp,b3821,
PLIPA2G141pp,b3821,
PLIPA2G161pp,b3821,
LPLIPAL1A120pp,b0494,3.1.1.5
LPLIPAL1A140pp,b0494,3.1.1.5
LPLIPAL1A181pp,b0494,
LPLIPAL1E120pp,b0494,
3OAR180,b1093,1.1.1.100
G3PAT120,b1094 and b4041,2.3.1.15
PGSA120,b1912,2.7.8.5
TDSR2,b0604 and b4136,
GTHRDtex,b1377 or b0241 or b0929 or b2215,
GTHRDabc2pp,b0886 and b0887,
NADHPO,b0606 and b0605,1.11.1.1
ACOAD7f,b0221,"['1.3.3.6', '1.3.8.7', '1.3.8.8', '1.3.8.9', '1.3.99.-', '1.3.99.3']"
ACOAD8f,b0221,
ACOAD5f,b0221,"['1.3.3.6', '1.3.8.7', '1.3.8.8', '1.3.99.-', '1.3.99.3']"
ACOAD3f,b0221,"['1.3.3.6', '1.3.8.7', '1.3.8.8', '1.3.99.-', '1.3.99.3']"
ACOAD2f,b0221,1.3.99.3
ACOAD4f,b0221,1.3.99.3
ACOAD6f,b0221,"['1.3.3.6', '1.3.8.7', '1.3.8.8', '1.3.8.9', '1.3.99.-', '1.3.99.3']"
NADH16pp,b2280 and b2281 and b2287 and b2288 and b2282 and b2277 and b2279 and b2284 and b2278 and b2276 and b2283 and b2286 and b2285,1.6.5.3
NADH18pp,b2280 and b2281 and b2287 and b2288 and b2282 and b2277 and b2279 and b2284 and b2278 and b2276 and b2283 and b2286 and b2285,1.6.5.3
GLYBt2pp,b1801 or b4111,
DSERt2pp,b4208,
ALAt4pp,b0007,
LYSt3pp,b2923 or b0874,
CTBTCAL2,b0037,
BGLA1,b2716 or b1734 or b3721,
GDPMNP,b2467,"['3.6.1.-', '3.6.1.21']"
AMMQLT8,b3833,2.1.1.163
FA120ACPHi,b0404,3.1.2.21
FA80ACPHi,b0404,3.1.2.21
FA140ACPHi,b0404,3.1.2.14
FA100ACPHi,b0404,3.1.2.21
CRNDCAL2,b0037,
CRNCAL2,b0037,
CHLt2pp,b0314 or b1801,
GLYt4pp,b0007,
FRULYSE,b4474,
FRULYSt2pp,b3370,
TUNGStex,b1377 or b0929 or b2215 or b0241,
COBALT2tpp,b3040 or b3816,
OXCDC,b2373,4.1.1.8
LPLIPAL2A140,b3825,3.1.1.5
LPLIPAL2A160,b3825,3.1.1.5
LPLIPAL2A161,b3825,
LPLIPAL2A180,b3825,3.1.1.5
LPLIPAL2A181,b3825,
UM3PL,b4233,
UM4PL,b4233,
2MAHMP,b0446 or b1134,3.6.1.-
ZN2tpp,b3040,
NI2tpp,b3816,
COBALT2t3pp,b0752 or b3915,
PLIPA1A120pp,b3821,3.1.1.32
PLIPA1A140pp,b3821,3.1.1.32
PLIPA1A141pp,b3821,3.1.1.32
PLIPA1A160pp,b3821,3.1.1.32
PLIPA1A161pp,b3821,
PLIPA1A180pp,b3821,3.1.1.32
LPLIPAL2A120,b3825,3.1.1.5
CAt6pp,b3196,
5DGLCNt2rpp,b4265,
GALCTNt2pp,b3691,
GALCTNLtex,b0929 or b2215 or b1377 or b0241,
KDUI,b2843,
CA2t3pp,b1216,
NADH17pp,b2280 and b2281 and b2287 and b2288 and b2282 and b2277 and b2279 and b2284 and b2278 and b2276 and b2283 and b2286 and b2285,1.6.5.3
FA161ACPHi,b0404,3.1.2.14
FA141ACPHi,b0404,3.1.2.14
ARGt3pp,b2923,
FA160ACPHi,b0404,3.1.2.14
MALDtex,b0241 or b1377 or b2215 or b0929,
OROTtex,b2215 or b1377 or b0929 or b0241,
PPAt4pp,b1015,
OROTt2_2pp,b3528,
MALDt2_2pp,b3528,
5DGLCNtex,b0929 or b1377 or b0241 or b2215,
DTARTD,b4122,4.2.1.81
PLIPA2E161pp,b3821,
PLIPA2E180pp,b3821,
PLIPA2G120pp,b3821,
PLIPA2G180pp,b3821,
LPLIPAL1A161pp,b0494,
LPLIPAL1A160pp,b0494,3.1.1.5
PSCLYSt2pp,b3370,
LYSt2pp,b2156,
GLYt2pp,b1801 or b4208,
ALAt2pp,b4208 or b4130,
BALAt2pp,b4208,
DALAt2pp,b4208,
FE2tpp,b3040,
MN2tpp,b3040,
MG2tpp,b3816,
NI2t3pp,b3915 or b0752,
PPAtex,b0929 or b0241 or b1377 or b2215,
GALCTNLt2pp,b4356,
GALCTLO,b4358,1.1.1.M8
PSCLYStex,b1377 or b0929 or b2215 or b0241,
THYMtex,b2215 or b0241 or b1377 or b0929,
CU2tpp,b3040,
FE2t3pp,b3915,
MN2t3pp,b3915 or b0752,
CD2tpp,b3040,
FE3abcpp,,3.6.3.30
THRA,b2551 or b0870,"['4.1.2.48', '4.1.2.5']"
XYLK2,b0063 or b3580,2.7.1.53
GLDBRAN2,b3431,2.4.1.18
CLt3_2pp,b0155,
POR5,( b1378 and b0684 ) or ( b1378 and b2895 ),
HACD8,b3846 or b2341,1.1.1.35
CTECOAI8,b3846,5.3.3.8
CTECOAI6,b3846,5.3.3.8
MTHTHFSs,s0001,
MALCOAMT,b0777,
OGMEACPS,b1091,
OGMEACPR,b1093,
OPMEACPS,b2323,
LIPAabctex,b0054 and b3201 and b4261 and b4262 and b3199 and b3200 and b0641,
DGUNC,b1025 or b1794 or b1341 or b1535 or b1490,
CDGUNPD,b1285 or b1489 or b2503 or b3525 or b0315,
LDGUNPD,b1285,
MPTAT,b0009,2.7.7.75
MOADSUx,b0784 and b2530,
CMtpp,( b3035 and b0463 and b2470 ) or ( b3035 and b0463 and b0462 ),
FUSAtpp,( b3035 and b0463 and b0462 ) or ( b3035 and b0463 and b2470 ),
RFAMPtex,s0001,
MINCYCtex,b0929 or b1377 or b0241 or b2215,
MINCYCtpp,( b3035 and b0463 and b2470 ) or ( b3035 and b0463 and b0462 ),
DOXRBCNtex,b1377 or b0929 or b2215 or b0241,
DOXRBCNtpp,( b3035 and b0463 and b0462 ) or ( b3035 and b0463 and b2470 ),
ETOHtrpp,s0001,
REPHACCOAI,b1394,
ACPPAT141,b1094 and b1090,
ACPPAT161,b1094 and b1090,
ACPPAT180,b1094 and b1090,
APG3PAT160,b3059,
APG3PAT161,b3059,
APG3PAT180,b3059,
ICYSDS,b2530,
I4FE4SR,b2529,
S2FE2ST,b1684 and b1682 and b1681 and b1683,
BMOCOS,b0827,
BWCOS,b0827,
BWCOGDS1,b3857,
BWCOGDS2,b3857,
DHNPTE,b3058,
DHMPTR,b1606,
NOVBCNtpp,( b3035 and b0463 and b2470 ) or ( b3035 and b0463 and b0462 ),
CMtex,b1377 or b2215 or b0929 or b0241,
LALALGLUtex,b0929 or b1377 or b0241 or b2215,
LALADGLUtpp,b3496 or b0709 or b1634 or b4130,
I2FE2SS,b2530 and b2529,
I2FE2ST,b2529 and b2528,
I2FE2SS2,b2530 and b2529,
I4FE4ST,b2529 and b2528,
S4FE4ST,b1684 and b1682 and b1681 and b1683,
S2FE2SS2,b1682 and b1683 and b1680 and b1681 and b1679,
BTS5,b0775,
5MTRtex,b2215 or b1377 or b0929 or b0241,
LALADGLUtex,b0241 or b2215 or b1377 or b0929,
LALALGLUtpp,b4130 or b1634 or b3496 or b0709,
3AMACHYD,b1009,3.5.1.-
3HPPtex,b2215 or b1377 or b0929 or b0241,
CCGS,b0444,6.3.4.20
CDGR,b2794,1.7.1.13
CBMD,s0001,"['3.5.1.110', '4.2.1.104']"
MSAR,b1008 or b1539,"['1.1.1.-', '1.1.1.298']"
ACPPAT120,b1094 and b1090,
CPH4S,b2765,4.1.2.50
SHCHCS3,b2263,4.2.99.20
URACPAH,b1011,3.5.1.110
POAACR,b1010,
ACPPAT160,b1094 and b1090,
ACPPAT181,b1094 and b1090,
APH141,b0968,
APH161,b0968,
APH180,b0968,
APH181,b0968,
GTHPi,b1710,1.11.1.9
SEPHCHCS,b2264,2.2.1.9
DHNCOAS,b2262,
DHNCOAT,b1686,
FESD1s,s0001,
I2FE2SR,b2529 and b2530,
TYRL,b3991,4.1.99.19
THZPSN3,b3992 and b3990 and b0423 and b2530 and b4407 and b3991,
APG3PAT120,b3059,
APH120,b0968,
MOCDS,b2877,
FUSAtex,b1377 or b2215 or b0929 or b0241,
NOVBCNtex,s0001,
QUIN2tex,b0241 or b2215 or b1377 or b0929,
FORCT,b2374,2.8.3.16
DHPTDCs2,s0001,
PACCOAE,b1389 and b1388 and b1391 and b1392 and b1390,
OXDHCOAT,b1397 and b1394,2.3.1.223
HADPCOADH3,b1395,"['1.1.1.157', '1.1.1.35']"
O16A4COLIPAabctex,b0054 and b3201 and b4261 and b4262 and b3199 and b3200 and b0641,
COLIPAabctex,b0054 and b3201 and b3200 and b0641 and b4262 and b3199 and b4261,
ENLIPAabctex,b0054 and b3201 and b4261 and b4262 and b3199 and b3200 and b0641,
PYROX,b1007 and b1012,
BMOGDS1,b3857,
MPTS,b0785 and b0784,
MOCOS,b0827,
BMOGDS2,b3857,
FESD2s,s0001,
S2FE2SR,b1681 and b1679 and b1680 and b1682 and b1683,
ACACT8r,b2342 or b3845,
CTECOAI7,b3846,5.3.3.8
CLIPAabctex,b0054 and b3201 and b4261 and b4262 and b3199 and b3200 and b0641,
K2L4Aabctex,b0054 and b3201 and b4261 and b4262 and b3199 and b3200 and b0641,
FDH4pp,( b3894 and b3893 and b3892 ) or ( b1476 and b1474 and b1475 ),
FDH5pp,( b1476 and b1474 and b1475 ) or ( b3894 and b3893 and b3892 ),
ACPPAT140,b1094 and b1090,
APG3PAT140,b3059,
APG3PAT141,b3059,
APG3PAT181,b3059,
APH140,b0968,
APH160,b0968,
OPMEACPD,b0180,4.2.1.59
EPMEACPR,b1288,1.3.1.10
AOXSr2,b0776,2.3.1.47
MEOHtrpp,s0001,
SCYSDS,b1680 and b1679,
S2FE2SS,b1682 and b1683 and b1680 and b1681 and b1679,
S4FE4SR,b1681 and b1682 and b1683,
SELtex,b2215 or b1377 or b0929 or b0241,
SELR,b1588 and b1589 and b1590 and b1587,
OGMEACPD,b0180,4.2.1.59
EGMEACPR,b1288,1.3.1.10
OPMEACPR,b1093,
PMEACPE,b3412,3.1.1.85
MEOHtex,b2215 or b0929 or b1377 or b0241,
MECDPDH5,( b2515 and b2895 ) or ( b2515 and b0684 ),
RNTR1c2,( b0684 and b4238 ) or ( b4238 and b3924 and b0684 and b4237 ) or ( b4238 and b3924 and b2895 and b4237 ) or ( b2895 and b4238 ),
RNTR2c2,( b4238 and b3924 and b0684 and b4237 ) or ( b4238 and b3924 and b2895 and b4237 ) or ( b2895 and b4238 ) or ( b0684 and b4238 ),
RNTR3c2,( b2895 and b4238 ) or ( b4238 and b3924 and b0684 and b4237 ) or ( b4238 and b3924 and b2895 and b4237 ) or ( b0684 and b4238 ),
RNTR4c2,( b0684 and b4238 ) or ( b4238 and b3924 and b0684 and b4237 ) or ( b4238 and b3924 and b2895 and b4237 ) or ( b2895 and b4238 ),
FLDR2,( b3924 and b2895 ) or ( b3924 and b0684 ),
CDGS,,4.3.99.3
TTRCYCtex,b1377 or b0929 or b0241 or b2215,
TTRCYCtpp,( b3035 and b0463 and b2470 ) or ( b3035 and b0463 and b0462 ),
FESR,b4209,
OXCOAHDH,b1387,
DHACOAH,b1393,4.2.1.17
THFAT,b2551,2.1.2.10
FOMETRi,b2912,2.1.2.10
SLNTtex,b2215 or b1377 or b0929 or b0241,
GDPTPDP,b3650,3.1.7.2
COLIPAKpp,b2174,
MPTSS,b0826,
CPMPS,b0783 and b0781,4.1.99.18
LIPOCT,b0630,
LIPOS,b0628,
OCTNLL,b4386,
LIPATPT,b4386,"['2.7.7.63', '6.3.1.20']"
LIPAMPL,b4386,
ALDD19xr,b1385,"['1.2.1.39', '1.2.1.5']"
MMM,b2917,
MOGDS,b3857,
WCOS,b0827,
RFAMPtpp,( b3035 and b0463 and b0462 ) or ( b3035 and b0463 and b2470 ),
VPAMTr,b3572,2.6.1.66
ACOLIPAabctex,b0054 and b3201 and b4261 and b4262 and b3199 and b3200 and b0641,
ECA4COLIPAabctex,b0054 and b3201 and b4261 and b4262 and b3199 and b3200 and b0641,
COLIPAPabctex,b0054 and b3201 and b4261 and b4262 and b3199 and b3200 and b0641,
TARTRDtex,b0241 or b1377 or b2215 or b0929,
3OXCOAT,b1397,"['2.3.1.16', '2.3.1.174']"
BTNtex,b0241 or b2215 or b1377 or b0929,
2DGULRGx,b3553,
2DGULRGy,b3553,
AP4AS,b4129,2.7.7.-
ARBTptspp,( b2416 and b3722 and b2415 ) or ( b2416 and b2715 and b2415 ),
ARBTtex,b1377 or b2215 or b0929 or b0241,
DMSOtpp,s0001,
PYDXtex,b1377 or b2215 or b0929 or b0241,
SUCASPtpp,b4123 or b4138 or b0621,
SUCMALtpp,b4123 or b4138 or b0621,
PYDXNtex,b1377 or b2215 or b0929 or b0241,
PYDAMtex,b1377 or b2215 or b0929 or b0241,
13PPDH2,b3011,
TARTt2_3pp,b4123,
SUCTARTtpp,b4123,
APCS,b0121,"['2.5.1.-', '2.5.1.16']"
CHTBSptspp,b2415 and b1737 and b1738 and b1736 and b2416,
CHTBStex,b0241 or b0929 or b2215 or b1377 or b0681,
TRPtipp,b1473,
TYRtipp,b1473,
ThDPAT,,2.7.7.-
GHBDHx,b3882,1.1.1.61
APPLDHr,b3945,"['1.1.1.75', '2.3.1.37']"
SPMDt3pp,b1600 and b1599,
PHEtipp,b1473,
G2PP,b2533,3.1.3.19
DHNPA2r,b3058,4.1.2.25
GLYC2Pabcpp,b3451 and b3450 and b3453 and b3452,
CRNDtex,b0241 or b1377 or b2215 or b0929,
SHGO,b2660,
NADHXD,b4167,
NADPHHR,s0001 or b1779,
NADPHHS,b1779 or s0001,
NADHHS,s0001 or b1779,
NADHXE,b4167,
SELabcpp,( b2425 and b2423 and b2422 and b2424 ) or ( b3917 and b2423 and b2422 and b2424 ),
PYK2,b1854,2.7.1.40
PYK3,b1854,2.7.1.40
PYK4,b1854,2.7.1.40
NADPHXD,b4167,
NADHHR,s0001 or b1779,
NADPHXE,b4167,
ALAtpp,b2670,
DHBSZ3FEabcpp,b0590 and b0588 and b0589 and b0592,
FE3DHBZS3R,b3070,
DXYLTD,b0269 or b4297,
2DDARAA,b4298 or b0268,
2DGLCptspp,b2416 and b1817 and b2415 and b1819 and b1818,
GNP,b3715 or b2690,
ALLTAMH2,b0516,
UGCIAMH,b0515,
METGLCUR,b1617,
ACOAD1fr,b1695,
23DOGULNt4pp,b3579 and b3577 and b3578,
FE3DCITexs,s0001,
FEENTERES,b0585,
FEENTERR4,b3070,
DXYLONtex,b0929 or b1377 or b2215,
PSURItex,b2215 or b0929 or b1377 or b0241,
ALR2x,b1771,
OMPHHXy,b2907,
CHLt3pp,b0543,
GLYBt3pp,b0543,
AI2tpp,b1601,
Ftpp,b0624,
SQVOSI,b3880,
6D6SPA,b3881,
DHPStr,b3877,
SQtr,b3876,
DHPStex,b3875,
FMNtex,b2215 or b0929 or b0241 or b1377,
AI2K,b1511,
CLBtex,b0929 or b0241 or b1377 or b2215,
ACOXT,b2371,
2HESR,b2989 or b2302,
CHOLID,b1619,
CHOLATEtpp,b4337,
4ABZGLUH,b1337 and b1338,
4ABZGLUtr,b1336,
PHDA,b2873,
TEO2M,b1430,
PACOAT,b1396,
CYSItpp,b3943,
DHPTDNR,b0578,1.5.1.34
DHPTDNRN,b0578,1.5.1.34
PCNO,b3253,"['1.3.1.-', '1.3.1.84']"
HPACOAT,b1396,
PUACGAMtr,b1021 and b1022,
DC6PDA,b1733,
5DGLCNR,b4266,"['1.1.1.-', '1.1.1.69']"
PIt2rpp,b3493 or b2987,
LEUt2rpp,b0401,
LCTStpp,b0343,
ILEt3pp,b4141,
METt3pp,b1798 or b4141,
GSNt3pp,b3662,
CLtipp,b1592,
5DKGR,b2842 or b4266,
PItpp,b4020,
LEUt3pp,b1798 or b4141,
INSt3pp,b3662,
INDOLEt2rpp,b3161,
ILEt2rpp,b0401,
GLYtpp,b3927,
PYK6,b1854,
FADt,b1985,
FADtex,b1377 or b0241 or b2215 or b0929,
AI2abcpp,b1515 and b1516 and b1513 and b1514,
PAI2I,b1518,
4HBZt3pp,b3240 and b3241,
CURR,b1449,
LKDRA,b2245,
METNA,b1448,
XYHDL,b3656,
2DGLCtex,b2215 or b1377 or b0241 or b0929,
E4PP,b3826 or b2293 or b0822 or b2690 or b1727,
PUACGAMS,b1021 and b1022,
RU5PP,b2293,
6D6SFK,b3883,
3SLAR,b3882,
SQtex,b3875,
MOX,,1.1.5.4
URATEtex,b0929 or b2215 or b0241 or b1377,
CBL1tonex,b3006 and b1252 and b3005 and b3966,
CBItonex,b3006 and b1252 and b3005 and b3966,
ARHGDx,b2913,
CPL,b4098,
INOSTO,b3488,1.13.99.1
HPYRP,b1813,
PSURIK,b2166,
Ftex,b2215 or b0241 or b0929 or b1377,
CYSItex,b1377 or b0929 or b0241 or b2215,
SERtpp,b1533,
QUINDHyi,b1692,
DHGLYH,s0001,
PNSPA,b1103,
4HTHRK,b0003,2.7.1.-
URATEtpp,b2888,
CS1tex,b0241 or b0929 or b2215 or b1377,
ADOCBLtonex,b3006 and b1252 and b3005 and b3966,
PETNT181pp,b3546,
ARMEPNS,b4099 and b4096 and b4100 and b4101,
RPNTPH,b4095,
PRCPD,b4092,
MEPNtex,b2215 or b0929 or b0241 or b1377,
UDPGPT,b2047,
MEPNabcpp,b4105 and b4104 and b4106,
OMMBLHXy,b0662,
OPHHXy,b2906,
PROD3,b1014,
F1PP,b0822 or b2690 or b2293 or b3697,
ACP1p,b0383,
3HPADHi,b1300,
4ABZGLUtex,b2215 or b0241 or b1377 or b0929,
2HPTCOAT,b1400,
MC6PH,b1734,
SLNTabcpp,( b2425 and b2423 and b2422 and b2424 ) or ( b3917 and b2423 and b2422 and b2424 ),
VALt2rpp,b0401,
VALt3pp,( b2683 and b2682 ) or b4141,
MN2tipp,b1821,
PSURItpp,b2164,
CYSTA,b0928,"['2.6.1.1', '2.6.1.3']"
FE3DCITR5,b3070,
4HTHRA,b0870,
GAPP,b1727,
METGLCURt2pp,b1616,
METGLCURtex,b2215 or b1377 or b0241 or b0929,
FMNt,b1985,
AI2tex,b0241 or b2215 or b0929 or b1377,
PAI2T,b1517,
CUt2pp,b2924 or b0577 or b0465 or b3291 or b1330 or b4159 or b0808,
DHCURR,b1449,
RHMND,b2247,
3HBZCT,b0597,
CXSAMS,b1870,
THRt2rpp,b3116,
SERt2rpp,b2796 or b3116,
ACOAD1f,b0221,"['1.3.3.6', '1.3.8.1', '1.3.8.7', '1.3.99.-', '1.3.99.3']"
AMPNTAT,b4093,
SQGH,b3878,
ASPtpp,b1206,
FUMt1pp,b1206,
SUCCt1pp,b1206,
QUINDH,b1692,"['1.1.1.24', '1.1.1.282']"
LCARSyi,b0325,
SHK3Dr_reverse,b1692,
