metname,inchikey,Canonical_SMILES
camp,IVOMOUWHDPKRLL-KQYNXXCUSA-M,C1C2C(C(C(O2)N3C=NC4=C(N=CN=C43)N)O)OP(=O)(O1)[O-]
nad,BAWFJGJZGIEFAR-NNYOXOHSSA-M,C1=CC(=C[N+](=C1)C2C(C(C(O2)COP(=O)([O-])OP(=O)([O-])OCC3C(C(C(O3)N4C=NC5=C(N=CN=C54)N)O)O)O)O)C(=O)N
amob,UOKVQQMBGVMXPU-CJPDYEHRSA-N,C[S+](CCC(=O)C(=O)[O-])CC1C(C(C(O1)N2C=NC3=C(N=CN=C32)N)O)O
adocbip,MQCMBMUJJHSGIF-QMUWONGRSA-K,noinchikey_inpubchem
5mthf,ZNOVTXRBGFNYRX-STQMWFEESA-L,CN1C(CNC2=C1C(=O)N=C(N2)N)CNC3=CC=C(C=C3)C(=O)NC(CCC(=O)[O-])C(=O)[O-]
2pg,GXIURPTVHJPJLF-UWTATZPHSA-K,C(C(C(=O)[O-])OP(=O)([O-])[O-])O
dpcoa,KDTSHFARGAKYJN-IBOSZNHHSA-L,CC(C)(COP(=O)([O-])OP(=O)([O-])OCC1C(C(C(O1)N2C=NC3=C(N=CN=C32)N)O)O)C(C(=O)NCCC(=O)NCCS)O
2dhp,PKVVTUWHANFMQC-UHFFFAOYSA-M,CC(C)(CO)C(=O)C(=O)[O-]
pep,DTBNBXWJWCWCIK-UHFFFAOYSA-K,C=C(C(=O)[O-])OP(=O)([O-])[O-]
g1p,HXXFSFRBOHSIMQ-GASJEMHNSA-L,C(C1C(C(C(C(O1)OP(=O)([O-])[O-])O)O)O)O
dma,ROSDSFDQCJNGOL-UHFFFAOYSA-O,C[NH2+]C
4ampm,SSWDVESQMBHOQT-UHFFFAOYSA-N,noinchikey_inpubchem
5caiz,JHLXDWGVSYMXPL-XVFCMESISA-K,C1=C(N(C=N1)C2C(C(C(O2)COP(=O)([O-])[O-])O)O)NC(=O)[O-]
aacoa,OJFDKHTZOUZBOS-CITAKDKDSA-J,CC(=O)CC(=O)SCCNC(=O)CCNC(=O)C(C(C)(C)COP(=O)([O-])OP(=O)([O-])OCC1C(C(C(O1)N2C=NC3=C(N=CN=C32)N)O)OP(=O)([O-])[O-])O
grdp,GVVPGTZRZFNKDS-JXMROGBWSA-K,CC(=CCCC(=CCOP(=O)([O-])OP(=O)([O-])[O-])C)C
hmgcoa,CABVTRNMFUVUDM-SJBCKIPMSA-I,noinchikey_inpubchem
udp,XCCTYIAWTASOJW-XVFCMESISA-K,C1=CN(C(=O)NC1=O)C2C(C(C(O2)COP(=O)([O-])OP(=O)([O-])[O-])O)O
thymd,IQFYYKKMVGJFEH-XLPZGREQSA-N,CC1=CN(C(=O)NC1=O)C2CC(C(O2)CO)O
meoh,OKKJLVBELUTLKV-UHFFFAOYSA-N,CO
urea,XSQUKJJJFZCRTK-UHFFFAOYSA-N,C(=O)(N)N
nadph,ACFIXJIJDZMPPO-NNYOXOHSSA-J,C1C=CN(C=C1C(=O)N)C2C(C(C(O2)COP(=O)([O-])OP(=O)([O-])OCC3C(C(C(O3)N4C=NC5=C(N=CN=C54)N)OP(=O)([O-])[O-])O)O)O
f420_5,NA,noinchikey_inpubchem
trnapro,NA,noinchikey_inpubchem
sheme,DLKSSIHHLYNIKN-QIISWYHFSA-D,CC1(C(C2=CC3=NC(=CC4=C(C(=C([N-]4)C=C5C(=C(C(=N5)C=C1[N-]2)CC(=O)[O-])CCC(=O)[O-])CCC(=O)[O-])CC(=O)[O-])C(C3(C)CC(=O)[O-])CCC(=O)[O-])CCC(=O)[O-])CC(=O)[O-].[Fe+2]
cdpg,PZJOIILIPTVGFU-UWTATZPHSA-K,C1C(OP(=O)(OP(=O)(O1)[O-])[O-])C(=O)[O-]
dhadrtpr,NA,noinchikey_inpubchem
pmcoa,LYCRXMTYUZDUGA-UYRKPTJQSA-I,CC(C)(COP(=O)([O-])OP(=O)([O-])OCC1C(C(C(O1)N2C=NC3=C(N=CN=C32)N)O)OP(=O)([O-])[O-])C(C(=O)NCCC(=O)NCCSC(=O)CCCCCC(=O)[O-])O
trnamet,NA,noinchikey_inpubchem
13dpg,LJQLQCAXBUHEAZ-UWTATZPHSA-J,C(C(C(=O)OP(=O)([O-])[O-])O)OP(=O)([O-])[O-]
alac__S,NMDWGEGFJUBKLB-YFKPBYRVSA-M,CC(=O)C(C)(C(=O)[O-])O
applp,YBOLZUJJGUZUDC-GSVOUGTGSA-M,CC(C[NH3+])OP(=O)([O-])[O-]
copre2,BKIWSQUNFCJSOI-HZUOBFSFSA-E,CC1(C(C2=CC3=NC(=C(C3CC(=O)[O-])CCC(=O)[O-])CC4=C(C(=C([N-]4)C=C5C(C(C(=N5)C=C1[N-]2)CCC(=O)[O-])(C)CC(=O)[O-])CC(=O)[O-])CCC(=O)[O-])CCC(=O)[O-])CC(=O)[O-].[Co+2]
lppg,JAIRGSHHKMPRGE-LJRSMJOYSA-K,CC(C(=O)[O-])OP(=O)([O-])OP(=O)([O-])OCC1C(C(C(O1)N2C=NC3=C2NC(=NC3=O)N)O)O
lac__L,JVTAAEKCZFNVCJ-REOHCLBHSA-M,CC(C(=O)[O-])O
argtrna,NA,noinchikey_inpubchem
2pglyc,ASCFNMCAHFUBCO-UHFFFAOYSA-K,C(C(=O)[O-])OP(=O)([O-])[O-]
4pasp,IXZNKTPIYKDIGG-REOHCLBHSA-L,C(C(C(=O)[O-])[NH3+])C(=O)OP(=O)([O-])[O-]
hmbil,WDFJYRZCZIUBPR-UHFFFAOYSA-F,C1=C(C(=C(N1)CC2=C(C(=C(N2)CC3=C(C(=C(N3)CC4=C(C(=C(N4)CO)CC(=O)[O-])CCC(=O)[O-])CC(=O)[O-])CCC(=O)[O-])CC(=O)[O-])CCC(=O)[O-])CC(=O)[O-])CCC(=O)[O-]
cmp,IERHLVCPSMICTF-XVFCMESISA-L,C1=CN(C(=O)N=C1N)C2C(C(C(O2)COP(=O)([O-])[O-])O)O
6hmhptpp,FCQGJGLSOWZZON-UHFFFAOYSA-K,C1C(=NC2=C(N1)NC(=NC2=O)N)COP(=O)([O-])OP(=O)([O-])[O-]
lald__L,BSABBBMNWQWLLU-VKHMYHEASA-N,CC(C=O)O
cbasp,HLKXYZVTANABHZ-REOHCLBHSA-L,C(C(C(=O)[O-])NC(=O)N)C(=O)[O-]
mphenh2,NA,noinchikey_inpubchem
acser,VZXPDPZARILFQX-BYPYZUCNSA-N,CC(=O)OCC(C(=O)O)N
chor,WTFXTQVDAKGDEY-HTQZYQBOSA-L,C=C(C(=O)[O-])OC1C=C(C=CC1O)C(=O)[O-]
copre3,FKTVLCPLZMVWHD-LPFAUARPSA-E,CC1=C2C(C(C(=N2)C=C3C(C(C(=CC4=NC(=C(C4CC(=O)[O-])CCC(=O)[O-])CC5=C(C(=C1[N-]5)CC(=O)[O-])CCC(=O)[O-])[N-]3)CCC(=O)[O-])(C)CC(=O)[O-])CCC(=O)[O-])(C)CC(=O)[O-].[Co+2]
cdp,ZWIADYZPOWUWEW-XVFCMESISA-K,C1=CN(C(=O)N=C1N)C2C(C(C(O2)COP(=O)([O-])OP(=O)([O-])[O-])O)O
uaccg,BEGZZYPUNCJHKP-DBYWSUQTSA-K,CC(=O)NC1C(C(C(OC1OP(=O)([O-])OP(=O)([O-])OCC2C(C(C(O2)N3C=CC(=O)NC3=O)O)O)CO)O)OC(=C)C(=O)[O-]
4hba,BVJSUAQZOZWCKN-UHFFFAOYSA-N,C1=CC(=CC=C1CO)O
25aics,NAQGHJTUZRHGAC-ZZZDFHIKSA-J,C1=NC(=C(N1C2C(C(C(O2)COP(=O)([O-])[O-])O)O)N)C(=O)NC(CC(=O)[O-])C(=O)[O-]
indpyr,RSTKLPZEZYGQPY-UHFFFAOYSA-M,C1=CC=C2C(=C1)C(=CN2)CC(=O)C(=O)[O-]
4abut,BTCSSZJGUNDROE-UHFFFAOYSA-N,C(CC(=O)O)CN
hxan,FDGQSTZJBFJUBT-UHFFFAOYSA-N,C1=NC2=C(N1)C(=O)N=CN2
gal1p,HXXFSFRBOHSIMQ-FPRJBGLDSA-L,C(C1C(C(C(C(O1)OP(=O)([O-])[O-])O)O)O)O
cmaphis,YBMOTEQVMANKGX-JAMMHHFISA-N,CNC(CCC1=NC=C(N1)CC(C(=O)O)N)C(=O)O
ppcoa,QAQREVBBADEHPA-IEXPHMLFSA-J,CCC(=O)SCCNC(=O)CCNC(=O)C(C(C)(C)COP(=O)([O-])OP(=O)([O-])OCC1C(C(C(O1)N2C=NC3=C(N=CN=C32)N)O)OP(=O)([O-])[O-])O
thr__L,AYFVYJQAPQTCCC-GBXIJSLDSA-N,CC(C(C(=O)O)N)O
gln__L,ZDXPYRJPNDTMRX-VKHMYHEASA-N,C(CC(=O)N)C(C(=O)O)N
oxa,MUBZPKHOEPUJKR-UHFFFAOYSA-L,C(=O)(C(=O)[O-])[O-]
zn2,PTFCDOFLOPIGGS-UHFFFAOYSA-N,[Zn+2]
dtdpglu,YSYKRGRSMLTJNL-URARBOGNSA-L,CC1=CN(C(=O)NC1=O)C2CC(C(O2)COP(=O)([O-])OP(=O)([O-])OC3C(C(C(C(O3)CO)O)O)O)O
glu5p,PJRXVIJAERNUIP-VKHMYHEASA-L,C(CC(=O)OP(=O)([O-])[O-])C(C(=O)[O-])[NH3+]
ipdp,NUHSROFQTUXZQQ-UHFFFAOYSA-K,CC(=C)CCOP(=O)([O-])OP(=O)([O-])[O-]
actn__R,ROWKJAVDOGWPAT-GSVOUGTGSA-N,CC(C(=O)C)O
4ppan,XHFVGHPGDLDEQO-ZETCQYMHSA-K,CC(C)(COP(=O)([O-])[O-])C(C(=O)NCCC(=O)[O-])O
dmlz,SXDXRJZUAJBNFL-XKSSXDPKSA-M,CC1=C(N(C2=NC(=NC(=O)C2=N1)[O-])CC(C(C(CO)O)O)O)C
ctp,PCDQPRRSZKQHHS-XVFCMESISA-J,C1=CN(C(=O)N=C1N)C2C(C(C(O2)COP(=O)([O-])OP(=O)([O-])OP(=O)([O-])[O-])O)O
copre4,VHHGJROBFDFFAE-QTESGACZSA-F,CC1C23C4=C(C(C(=N4)CC5=C(C(=C([N-]5)C=C6C(C(C(=N6)C=C([N-]2)C(C3(CC(=O)O1)C)CCC(=O)[O-])(C)CC(=O)[O-])CCC(=O)[O-])CC(=O)[O-])CCC(=O)[O-])(C)CCC(=O)[O-])CC(=O)[O-].[Co+2]
indole,SIKJAQJRHWYJAI-UHFFFAOYSA-N,C1=CC=C2C(=C1)C=CN2
dha,RXKJFZQQPQGTFL-UHFFFAOYSA-N,C(C(=O)CO)O
6pgl,IJOJIVNDFQSGAB-SQOUGZDYSA-L,C(C1C(C(C(C(=O)O1)O)O)O)OP(=O)([O-])[O-]
mppp9,REJJDEGSUOCEEW-RGGAHWMASA-J,noinchikey_inpubchem
6ax6ax,IWENLYKHSZCPRD-UHFFFAOYSA-N,C(CCC(=O)NCCCCCC(=O)O)CCN
glyc1p,AWUCVROLDVIAJX-UHFFFAOYSA-L,C(C(COP(=O)([O-])[O-])O)O
cdgggp,NA,noinchikey_inpubchem
3hdgggp,NA,noinchikey_inpubchem
tyrtrna,NA,noinchikey_inpubchem
orn,AHLPHDHHMVZTML-BYPYZUCNSA-O,C(CC(C(=O)[O-])[NH3+])C[NH3+]
dpgpi,NA,noinchikey_inpubchem
thm,MYVIATVLJGTBFV-UHFFFAOYSA-M,CC1=C(SC=[N+]1CC2=CN=C(N=C2N)C)CCO.[Cl-]
lystrna,NA,noinchikey_inpubchem
2cpr5p,QKMBYNRMPRKVTO-MNOVXSKESA-K,C1=CC=C(C(=C1)C(=O)[O-])NCC(=O)C(C(COP(=O)([O-])[O-])O)O
dann,KCEGBPIYGIWCDH-UHFFFAOYSA-O,CC(C(CCCCCC(=O)[O-])[NH3+])[NH3+]
dtdp,UJLXYODCHAELLY-XLPZGREQSA-K,CC1=CN(C(=O)NC1=O)C2CC(C(O2)COP(=O)([O-])OP(=O)([O-])[O-])O
gam6p,XHMJOUIAFHJHBW-IVMDWMLBSA-M,C(C1C(C(C(C(O1)O)[NH3+])O)O)OP(=O)([O-])[O-]
damp,KHWCHTKSEGGWEX-RRKCRQDMSA-L,C1C(C(OC1N2C=NC3=C(N=CN=C32)N)COP(=O)([O-])[O-])O
trdox,NA,noinchikey_inpubchem
fum,VZCYOOQTPOCHFL-OWOJBTEDSA-L,C(=CC(=O)[O-])C(=O)[O-]
25dhpp,NA,noinchikey_inpubchem
arg__L,ODKSFYDXXFIFQN-BYPYZUCNSA-O,C(CC(C(=O)[O-])[NH3+])C[NH+]=C(N)N
3hdggpgp,NA,noinchikey_inpubchem
f430p3,NA,noinchikey_inpubchem
uacgam,LFTYTUAZOPRMMI-CFRASDGPSA-L,CC(=O)NC1C(C(C(OC1OP(=O)([O-])OP(=O)([O-])OCC2C(C(C(O2)N3C=CC(=O)NC3=O)O)O)CO)O)O
glyb,KWIUHFFTVRNATP-UHFFFAOYSA-N,C[N+](C)(C)CC(=O)[O-]
datp,SUYVUBYJARFZHO-RRKCRQDMSA-J,C1C(C(OC1N2C=NC3=C(N=CN=C32)N)COP(=O)([O-])OP(=O)([O-])OP(=O)([O-])[O-])O
2tcc,HYGZRLVEUKTESI-WUCPZUCCSA-M,noinchikey_inpubchem
pppi,UNXRWKVEANCORM-UHFFFAOYSA-I,[O-]P(=O)([O-])OP(=O)([O-])OP(=O)([O-])[O-]
dtbt,AUTOLBMXDDTRRT-UHFFFAOYSA-M,CC1C(NC(=O)N1)CCCCCC(=O)[O-]
adn,OIRDTQYFTABQOQ-KQYNXXCUSA-N,C1=NC(=C2C(=N1)N(C=N2)C3C(C(C(O3)CO)O)O)N
icit,ODBLHEXUDAPZAU-UHFFFAOYSA-K,C(C(C(C(=O)[O-])O)C(=O)[O-])C(=O)[O-]
gtp,XKMLYUALXHKNFT-UUOKFMHZSA-J,C1=NC2=C(N1C3C(C(C(O3)COP(=O)([O-])OP(=O)([O-])OP(=O)([O-])[O-])O)O)NC(=NC2=O)N
atp,ZKHQWZAMYRWXGA-KQYNXXCUSA-J,C1=NC(=C2C(=N1)N(C=N2)C3C(C(C(O3)COP(=O)([O-])OP(=O)([O-])OP(=O)([O-])[O-])O)O)N
dhadrp,NA,noinchikey_inpubchem
tih2cit,KVEBLTAWTCBJNF-UJURSFKZSA-K,C(CC(C(C(=O)[O-])O)C(=O)[O-])CC(=O)[O-]
f420_0,OLEQJMXJEZZMHZ-GQPBWUKJSA-K,noinchikey_inpubchem
2mahmp,AGQJQCFEPUVXNK-UHFFFAOYSA-K,CC1=NC=C(C(=N1)N)COP(=O)([O-])OP(=O)([O-])[O-]
dhap,GNGACRATGGDKBX-UHFFFAOYSA-L,C(C(=O)COP(=O)([O-])[O-])O
ac,QTBSBXVTEAMEQO-UHFFFAOYSA-M,CC(=O)[O-]
so3,LSNNMFCWUKXFEE-UHFFFAOYSA-L,[O-]S(=O)[O-]
inost,CDAISMWEOUEBRE-GPIVLXJGSA-N,noinchikey_inpubchem
glcn,RGHNJXZEOKUKBD-SQOUGZDYSA-M,C(C(C(C(C(C(=O)[O-])O)O)O)O)O
air,PDACUKOKVHBVHJ-ZRTZXPPTSA-M,C1=C([N+](=CN1)C2C(C(C(O2)COP(=O)([O-])[O-])O)O)N
co2,CURLTUGMZLYLDI-UHFFFAOYSA-N,C(=O)=O
34hpp,KKADPXVIOXHVKN-UHFFFAOYSA-M,C1=CC(=CC=C1CC(=O)C(=O)[O-])O
skm,JXOHGGNKMLTUBP-HSUXUTPPSA-M,C1C(C(C(C=C1C(=O)[O-])O)O)O
f390g,AGIBFKDQHBKZJS-BANWBAIDSA-H,noinchikey_inpubchem
orot,PXQPEWDEAKTCGB-UHFFFAOYSA-M,C1=C(NC(=O)NC1=O)C(=O)[O-]
g6p,NBSCHQHZLSJFNQ-GASJEMHNSA-L,C(C1C(C(C(C(O1)O)O)O)O)OP(=O)([O-])[O-]
ch4,VNWKTOKETHGBQD-UHFFFAOYSA-N,C
formh4spt,NA,noinchikey_inpubchem
formmfr_b,NA,noinchikey_inpubchem
3psme,QUTYKIXIUDQOLK-PRJMDXOYSA-J,C=C(C(=O)[O-])OC1CC(=CC(C1O)OP(=O)([O-])[O-])C(=O)[O-]
mphen,NA,noinchikey_inpubchem
2ins,VYEGBDHSGHXOGT-HYFGLKJPSA-N,noinchikey_inpubchem
3hdpgps,NA,noinchikey_inpubchem
for,BDAGIHXWWSANSR-UHFFFAOYSA-M,C(=O)[O-]
h4spt,DOMRFGVDYQUXCH-HXBMNFMZSA-J,CC1C(NC2=C(N1)NC(=NC2=O)N)C(C)NC3=CC=C(C=C3)CC(C(C(COC4C(C(C(O4)COP(=O)([O-])OC(CCC(=O)[O-])C(=O)NC(CCC(=O)[O-])C(=O)[O-])O)O)O)O)O
mleneh4spt,NA,noinchikey_inpubchem
cd2,WLZRMCYVCSSEQC-UHFFFAOYSA-N,[Cd+2]
csn,OPTASPLRGRRNAP-UHFFFAOYSA-N,C1=C(NC(=O)N=C1)N
xmp,DCTLYFZHFGENCW-UUOKFMHZSA-L,C1=NC2=C(N1C3C(C(C(O3)COP(=O)([O-])[O-])O)O)NC(=O)NC2=O
histrna,NA,noinchikey_inpubchem
ala__L,QNAYBMKLOCPYGJ-REOHCLBHSA-N,CC(C(=O)O)N
dkmp,NA,noinchikey_inpubchem
gua,UYTPUPDQBNUYGX-UHFFFAOYSA-N,C1=NC2=C(N1)C(=O)N=C(N2)N
dhadr,NA,noinchikey_inpubchem
pan4p,JDMUPRLRUUMCTL-VIFPVBQESA-L,CC(C)(COP(=O)([O-])[O-])C(C(=O)NCCC(=O)NCCS)O
etha,HZAXFHJVJLSVMW-UHFFFAOYSA-O,C(CO)[NH3+]
4mhetz,BKAWJIRCKVUVED-UHFFFAOYSA-N,CC1=C(SC=N1)CCO
trnalys,NA,noinchikey_inpubchem
ohepa,NA,noinchikey_inpubchem
ahdt,DGGUVLXVLHAAGT-XINAWCOVSA-J,C1C(=NC2=C(N1)NC(=NC2=O)N)C(C(COP(=O)([O-])OP(=O)([O-])OP(=O)([O-])[O-])O)O
asptrna,NA,noinchikey_inpubchem
dudp,QHWZTVCCBMIIKE-SHYZEUOFSA-K,C1C(C(OC1N2C=CC(=O)NC2=O)COP(=O)([O-])OP(=O)([O-])[O-])O
5hbzid,NA,noinchikey_inpubchem
3hdggpi,NA,noinchikey_inpubchem
tma,GETQZCLCWQTVFV-UHFFFAOYSA-O,C[NH+](C)C
4ahmmp,VUTBELPREDJDDH-UHFFFAOYSA-N,CC1=NC=C(C(=N1)N)CO
trnaile,NA,noinchikey_inpubchem
iasp,NMUOATVLLQEYHI-UHFFFAOYSA-M,C(C(=N)C(=O)O)C(=O)[O-]
citr__L,RHGKLRLOHDJJDR-BYPYZUCNSA-N,C(CC(C(=O)O)N)CNC(=O)N
dmpp,CBIDRCWHNCKSTO-UHFFFAOYSA-K,CC(=CCOP(=O)([O-])OP(=O)([O-])[O-])C
23dhmp,PDGXJDXVGMHUIR-UJURSFKZSA-M,CCC(C)(C(C(=O)[O-])O)O
f430p1,NA,noinchikey_inpubchem
udpglcur,HDYANYHVCAPMJV-LXQIFKJMSA-K,C1=CN(C(=O)NC1=O)C2C(C(C(O2)COP(=O)([O-])OP(=O)([O-])OC3C(C(C(C(O3)C(=O)[O-])O)O)O)O)O
anth,RWZYAGGXGHYGMB-UHFFFAOYSA-M,C1=CC=C(C(=C1)C(=O)[O-])N
ump,DJJCXFVJDGTHFX-XVFCMESISA-L,C1=CN(C(=O)NC1=O)C2C(C(C(O2)COP(=O)([O-])[O-])O)O
ptrc,KIDHWZJUCRJVML-UHFFFAOYSA-P,C(CC[NH3+])C[NH3+]
ala_B,UCMIRNVEIXFBKS-UHFFFAOYSA-N,C(CN)C(=O)O
s7p,JDTUMPKOJBQPKX-GBNDHIKLSA-L,C(C(C(C(C(C(=O)CO)O)O)O)O)OP(=O)([O-])[O-]
dhadrpr,NA,noinchikey_inpubchem
gdpddman,PNHLMHWWFOPQLK-BKUUWRAGSA-L,CC1C(=O)C(C(C(O1)OP(=O)([O-])OP(=O)([O-])OCC2C(C(C(O2)N3C=NC4=C3NC(=NC4=O)N)O)O)O)O
acgam1p,FZLJPEPAYPUMMR-RTRLPJTCSA-L,noinchikey_inpubchem
adcobhex,AXZSUSWNAXMBBB-NQYRMHKHSA-L,noinchikey_inpubchem
trnacys,NA,noinchikey_inpubchem
gdp,QGWNDRXFNXRZMB-UUOKFMHZSA-K,C1=NC2=C(N1C3C(C(C(O3)COP(=O)([O-])OP(=O)([O-])[O-])O)O)NC(=NC2=O)N
2ahbut,VUQLHQFKACOHNZ-LURJTMIESA-M,CCC(C(=O)C)(C(=O)[O-])O
mi1p__D,INAPMGSXUVUWAF-UOTPTPDRSA-L,noinchikey_inpubchem
cystrna,NA,noinchikey_inpubchem
fru,RFSUNEUAIZKAJO-VRPWFDPXSA-N,C(C1C(C(C(O1)(CO)O)O)O)O
fgam,VDXLUNDMVKSKHO-ZRTZXPPTSA-L,C(C1C(C(C(O1)NC(=O)CNC=O)O)O)OP(=O)([O-])[O-]
tyr__L,OUYCCCASQSFEME-QMMMGPOBSA-N,C1=CC(=CC=C1CC(C(=O)O)N)O
dpgps,REWAKYJADCBFMU-BMCGWPBGSA-M,CC(C)CCCC(C)CCCC(C)CCCC(C)CCOCC(COP(=O)([O-])OCC(C(=O)[O-])[NH3+])OCCC(C)CCCC(C)CCCC(C)CCCC(C)C
cbi,XQRJFEVDQXEIAX-JFYQDRLCSA-M,noinchikey_inpubchem
nadp,XJLXINKUBYWONI-NNYOXOHSSA-K,C1=CC(=C[N+](=C1)C2C(C(C(O2)COP(=O)([O-])OP(=O)([O-])OCC3C(C(C(O3)N4C=NC5=C(N=CN=C54)N)OP(=O)([O-])[O-])O)O)O)C(=O)N
25dthpp,NA,noinchikey_inpubchem
hco3,BVKZGUZCCUSVTD-UHFFFAOYSA-M,C(=O)(O)[O-]
indaccoa,WXOGUAPLOCTRFO-HSJNEKGZSA-J,CC(C)(COP(=O)([O-])OP(=O)([O-])OCC1C(C(C(O1)N2C=NC3=C(N=CN=C32)N)O)OP(=O)([O-])[O-])C(C(=O)NCCC(=O)NCCSC(=O)CC4=CNC5=CC=CC=C54)O
acglu,RFMMMVDNIPUKGG-YFKPBYRVSA-L,CC(=O)NC(CCC(=O)[O-])C(=O)[O-]
dhor__S,UFIVEPVSAGBUSI-REOHCLBHSA-M,C1C(NC(=O)NC1=O)C(=O)[O-]
caphis,CJCSNWWKPUXVRD-MLWJPKLSSA-N,C1=C(NC(=N1)CCC(C(=O)O)N)CC(C(=O)O)N
3php,LFLUCDOSQPJJBE-UHFFFAOYSA-K,C(C(=O)C(=O)[O-])OP(=O)([O-])[O-]
dgdp,CIKGWCTVFSRMJU-KVQBGUIXSA-K,C1C(C(OC1N2C=NC3=C2NC(=NC3=O)N)COP(=O)([O-])OP(=O)([O-])[O-])O
quln,GJAWHXHKYYXBSV-UHFFFAOYSA-L,C1=CC(=C(N=C1)C(=O)[O-])C(=O)[O-]
dpgpe,NA,noinchikey_inpubchem
succ,KDYFGRWQOYBRFD-UHFFFAOYSA-L,C(CC(=O)[O-])C(=O)[O-]
5aprbu,RQRINYISXYAZKL-RPDRRWSUSA-L,C(C(C(C(COP(=O)([O-])[O-])O)O)O)NC1=C(C(=O)NC(=O)N1)N
thf,MSTNYGQPCMXVAQ-RYUDHWBXSA-L,C1C(NC2=C(N1)NC(=NC2=O)N)CNC3=CC=C(C=C3)C(=O)NC(CCC(=O)[O-])C(=O)[O-]
adocblhbi,NA,noinchikey_inpubchem
mmh2mpt,NA,noinchikey_inpubchem
h4mpt,SCBIBGUJSMHIAI-LHIIQLEZSA-K,CC1C(NC2=C(N1)NC(=NC2=O)N)C(C)NC3=CC=C(C=C3)CC(C(C(COC4C(C(C(O4)COP(=O)([O-])OC(CCC(=O)[O-])C(=O)[O-])O)O)O)O)O
4hphac,HBMCQTHGYMTCOF-UHFFFAOYSA-N,CC(=O)OC1=CC=C(C=C1)O
duri,MXHRCPNRJAMMIM-SHYZEUOFSA-N,C1C(C(OC1N2C=CC(=O)NC2=O)CO)O
dggpg,NA,noinchikey_inpubchem
itp,HAEJPQIATWHALX-KQYNXXCUSA-J,C1=NC(=O)C2=C(N1)N(C=N2)C3C(C(C(O3)COP(=O)([O-])OP(=O)([O-])OP(=O)([O-])[O-])O)O
dscl,OQIIYZQTTMKFAU-ZNLOQLQNSA-G,CC1(C(C2=CC3=C(C(=C(N3)CC4=C(C(=C(N4)C=C5C(C(C(=N5)C=C1[NH2+]2)CCC(=O)[O-])(C)CC(=O)[O-])CC(=O)[O-])CCC(=O)[O-])CCC(=O)[O-])CC(=O)[O-])CCC(=O)[O-])CC(=O)[O-]
ind3ac,SEOVTRFCIGRIMH-UHFFFAOYSA-M,C1=CC=C2C(=C1)C(=CN2)CC(=O)[O-]
pram,SKCBPEVYGOQGJN-TXICZTDVSA-M,C(C1C(C(C(O1)[NH3+])O)O)OP(=O)([O-])[O-]
Shcit,XKJVEVRQMLKSMO-ZETCQYMHSA-K,C(CC(CC(=O)[O-])(C(=O)[O-])O)C(=O)[O-]
man1p,HXXFSFRBOHSIMQ-RWOPYEJCSA-L,C(C1C(C(C(C(O1)OP(=O)([O-])[O-])O)O)O)O
akg,KPGXRSRHYNQIFN-UHFFFAOYSA-L,C(CC(=O)[O-])C(=O)C(=O)[O-]
thrtrna,NA,noinchikey_inpubchem
mma,BAVYZALUXZFZLV-UHFFFAOYSA-O,C[NH3+]
dadp,DAEAPNUQQAICNR-RRKCRQDMSA-K,C1C(C(OC1N2C=NC3=C(N=CN=C32)N)COP(=O)([O-])OP(=O)([O-])[O-])O
dggpi,NA,noinchikey_inpubchem
appl,HXKKHQJGJAFBHI-GSVOUGTGSA-O,CC(C[NH3+])O
3hdgggps,NA,noinchikey_inpubchem
prbamp,RTQMRTSPTLIIHM-KEOHHSTQSA-J,C1=NC2=C(N1C3C(C(C(O3)COP(=O)([O-])[O-])O)O)N=CN(C2=N)C4C(C(C(O4)COP(=O)([O-])[O-])O)O
ch4s,LSDPWZHWYPCBBB-UHFFFAOYSA-N,CS
ru5p__D,FNZLKVNUWIIPSJ-UHNVWZDZSA-L,C(C(C(C(=O)CO)O)O)OP(=O)([O-])[O-]
dms,QMMFVYPAHWMCMS-UHFFFAOYSA-N,CSC
2ppoh,KFZMGEQAYNKOFK-UHFFFAOYSA-N,CC(C)O
f420_3,NA,noinchikey_inpubchem
atrz,MXWJVTOOROXGIU-UHFFFAOYSA-N,CCNC1=NC(=NC(=N1)Cl)NC(C)C
h2,UFHFLCQGNIYNRP-UHFFFAOYSA-N,[HH]
methf,MEANFMOQMXYMCT-OLZOCXBDSA-M,C1C2CN(C=[N+]2C3=C(N1)NC(=NC3=O)N)C4=CC=C(C=C4)C(=O)NC(CCC(=O)[O-])C(=O)[O-]
acald,IKHGUXGNUITLKF-UHFFFAOYSA-N,CC=O
glc__D,WQZGKKKJIJFFOK-GASJEMHNSA-N,C(C1C(C(C(C(O1)O)O)O)O)O
h,GPRLSGONYQIRFK-UHFFFAOYSA-N,[H+]
cit,KRKNYBCHXYNGOX-UHFFFAOYSA-K,C(C(=O)[O-])C(CC(=O)[O-])(C(=O)[O-])O
ggdp,OINNEUNVOZHBOX-QIRCYJPOSA-K,CC(=CCCC(=CCCC(=CCCC(=CCOP(=O)([O-])OP(=O)([O-])[O-])C)C)C)C
3hdggpg,NA,noinchikey_inpubchem
pac,WLJVXDMOQOGPHL-UHFFFAOYSA-M,C1=CC=C(C=C1)CC(=O)[O-]
fpram,PMCOGCVKOAOZQM-ZRTZXPPTSA-M,C(C1C(C(C(O1)[NH+]=C(CNC=O)N)O)O)OP(=O)([O-])[O-]
thym,RWQNBRDOKXIBIV-UHFFFAOYSA-N,CC1=CNC(=O)NC1=O
gam1p,YMJBYRVFGYXULK-QZABAPFNSA-M,C(C1C(C(C(C(O1)OP(=O)([O-])[O-])[NH3+])O)O)O
uacmam,LFTYTUAZOPRMMI-ZYQOOJPVSA-L,CC(=O)NC1C(C(C(OC1OP(=O)([O-])OP(=O)([O-])OCC2C(C(C(O2)N3C=CC(=O)NC3=O)O)O)CO)O)O
trnatyr,NA,noinchikey_inpubchem
dhnpt,YQIFAMYNGGOTFB-XINAWCOVSA-N,C1C(=NC2=C(N1)NC(=NC2=O)N)C(C(CO)O)O
trdrd,NA,noinchikey_inpubchem
ile__L,AGPKZVBTJJNPAG-WHFBIAKZSA-N,CCC(C)C(C(=O)O)N
mev__R,KJTLQQUUPVSXIM-ZCFIWIBFSA-M,CC(CCO)(CC(=O)[O-])O
thdp,CXMBCXQHOXUCEO-BYPYZUCNSA-L,C1CC(N=C(C1)C(=O)[O-])C(=O)[O-]
co,UGFAIRIUMAVXCW-UHFFFAOYSA-N,[C-]#[O+]
3mop,JVQYSWDUAOAHFM-BYPYZUCNSA-M,CCC(C)C(=O)C(=O)[O-]
trnaarg,NA,noinchikey_inpubchem
e4p,NGHMDNPXVRFFGS-IUYQGCFVSA-L,C(C(C(C=O)O)O)OP(=O)([O-])[O-]
trnahis,NA,noinchikey_inpubchem
4abz,ALYNCZNDIQEVRV-UHFFFAOYSA-M,C1=CC(=CC=C1C(=O)[O-])N
4cml,DHCUIDTZCMREHG-UHFFFAOYSA-L,C1=CC(OC1=O)(CC(=O)[O-])C(=O)[O-]
3uib,PHENTZNALBMCQD-UHFFFAOYSA-M,CC(CNC(=O)N)C(=O)[O-]
scl,KWIZRXMMFRBUML-AHGFGAHVSA-F,noinchikey_inpubchem
phaccoa,ZIGIFDRJFZYEEQ-CECATXLMSA-J,CC(C)(COP(=O)([O-])OP(=O)([O-])OCC1C(C(C(O1)N2C=NC3=C(N=CN=C32)N)O)OP(=O)([O-])[O-])C(C(=O)NCCC(=O)NCCSC(=O)CC4=CC=CC=C4)O
uamr,NQBRVZNDBBMBLJ-MQTLHLSBSA-K,CC(C(=O)[O-])OC1C(C(OC(C1O)CO)OP(=O)([O-])OP(=O)([O-])OCC2C(C(C(O2)N3C=CC(=O)NC3=O)O)O)NC(=O)C
dhrfap,NA,noinchikey_inpubchem
cys__L,XUJNEKJLAYXESH-REOHCLBHSA-N,C(C(C(=O)O)N)S
na1,FKNQFGJONOIPTF-UHFFFAOYSA-N,[Na+]
mal__L,BJEPYKJPYRNKOW-REOHCLBHSA-L,C(C(C(=O)[O-])O)C(=O)[O-]
trnaphe,NA,noinchikey_inpubchem
3dhsk,SLWWJZMPHJJOPH-PHDIDXHHSA-M,C1C(C(C(=O)C=C1C(=O)[O-])O)O
3c2hmp,RNQHMTFBUSSBJQ-CRCLSJGQSA-L,CC(C)C(C(C(=O)[O-])O)C(=O)[O-]
mlthf,QYNUQALWYRSVHF-OLZOCXBDSA-L,C1C2CN(CN2C3=C(N1)NC(=NC3=O)N)C4=CC=C(C=C4)C(=O)NC(CCC(=O)[O-])C(=O)[O-]
trnathr,NA,noinchikey_inpubchem
4mpetz,OCYMERZCMYJQQO-UHFFFAOYSA-L,CC1=C(SC=N1)CCOP(=O)([O-])[O-]
glu__L,WHUUTDBJXJRKMK-VKHMYHEASA-M,C(CC(=O)[O-])C(C(=O)[O-])[NH3+]
h3acon_C,NGULBISQWGMRGK-WAYWQWQTSA-K,C(CCC(=O)[O-])CC(=CC(=O)[O-])C(=O)[O-]
histd,ZQISRDCJNBUVMM-YFKPBYRVSA-O,C1=C(NC=N1)CC(CO)[NH3+]
glyald,MNQZXJOMYWMBOU-VKHMYHEASA-N,C(C(C=O)O)O
gdpfuc,LQEBEXMHBLQMDB-JGQUBWHWSA-L,CC1C(C(C(C(O1)OP(=O)([O-])OP(=O)([O-])OCC2C(C(C(O2)N3C=NC4=C3NC(=NC4=O)N)O)O)O)O)O
glutrna,NA,noinchikey_inpubchem
4ppcys,XQYALQVLCNHCFT-CBAPKCEASA-K,CC(C)(COP(=O)([O-])[O-])C(C(=O)NCCC(=O)NC(CS)C(=O)[O-])O
phe__L,COLNVLDHVKWLRT-QMMMGPOBSA-N,C1=CC=C(C=C1)CC(C(=O)O)N
mfr_b,CPAPOMBQCWDUMV-DYXSIQFUSA-L,C1=CC(=CC=C1CCNC(=O)CCC(C(=O)[O-])NC(=O)CCC(C(=O)[O-])NC(=O)CCC(C(=O)[O-])NC(=O)CCC(C(=O)[O-])[NH3+])OCC2=COC(=C2)C[NH3+]
n2,IJGRMHOSHXDMSA-UHFFFAOYSA-N,N#N
aconm,BRYKYSQCLNCYQW-DUXPYHPUSA-L,COC(=O)C(=CC(=O)[O-])CC(=O)[O-]
6ax,SLXKOJJOQWFEFD-UHFFFAOYSA-N,C(CCC(=O)O)CCN
hphaccoa,GPCAQTOAAYEBGJ-CECATXLMSA-J,CC(C)(COP(=O)([O-])OP(=O)([O-])OCC1C(C(C(O1)N2C=NC3=C(N=CN=C32)N)O)OP(=O)([O-])[O-])C(C(=O)NCCC(=O)NCCSC(=O)CC4=CC=C(C=C4)O)O
S2hglut,HWXBTNAVRSUOJR-VKHMYHEASA-L,C(CC(=O)[O-])C(C(=O)[O-])O
dxyl5p,AJPADPZSRRUGHI-RFZPGFLSSA-L,CC(=O)C(C(COP(=O)([O-])[O-])O)O
pi,NBIIXXVUZAFLBC-UHFFFAOYSA-L,OP(=O)([O-])[O-]
4kfbp,NA,noinchikey_inpubchem
val__L,KZSNJWFQEVHDMF-BYPYZUCNSA-N,CC(C)C(C(=O)O)N
ptp,XJKSTNDFUHDPQJ-UHFFFAOYSA-N,C1=CC=C(C=C1)C2=CC=C(C=C2)C3=CC=CC=C3
2saa,JTJIXCMSHWPJJE-UHFFFAOYSA-M,C(C=O)S(=O)(=O)[O-]
fe2,CWYNVVGOOAEACU-UHFFFAOYSA-N,[Fe+2]
o2s,OUUQCZGPVNCOIJ-UHFFFAOYSA-M,[O-][O]
gthox,YPZRWBKMTBYPTK-BJDJZHNGSA-L,C(CC(=O)NC(CSSCC(C(=O)NCC(=O)[O-])NC(=O)CCC(C(=O)[O-])[NH3+])C(=O)NCC(=O)[O-])C(C(=O)[O-])[NH3+]
o2,MYMOFIZGZYHOMD-UHFFFAOYSA-N,O=O
fmn,ANKZYBDXHMZBDK-SCRDCRAPSA-K,noinchikey_inpubchem
tsul,DHCDFWKWKRSZHF-UHFFFAOYSA-M,OS(=O)(=S)[O-]
2plac__L,CSZRNWHGZPKNKY-REOHCLBHSA-K,CC(C(=O)[O-])OP(=O)([O-])[O-]
dgtp,HAAZLUGHYHWQIW-KVQBGUIXSA-J,C1C(C(OC1N2C=NC3=C2NC(=NC3=O)N)COP(=O)([O-])OP(=O)([O-])OP(=O)([O-])[O-])O
3hfrdp,NA,noinchikey_inpubchem
pnto__R,GHOKWGTUZJEAQD-ZETCQYMHSA-M,CC(C)(CO)C(C(=O)NCCC(=O)[O-])O
prfp,QOUSHGMTBIIAHR-KEOHHSTQSA-J,C1=NC(=C(N1C2C(C(C(O2)COP(=O)([O-])[O-])O)O)NC=NC3C(C(C(O3)COP(=O)([O-])[O-])O)O)C(=O)N
hatrz,NFMIMWNQWAWNDW-UHFFFAOYSA-N,CCNC1=NC(=O)N=C(N1)NC(C)C
4r5au,XKQZIXVJVUPORE-RPDRRWSUSA-N,C(C(C(C(CO)O)O)O)NC1=C(C(=O)NC(=O)N1)N
actp,LIPOUNRJVLNBCD-UHFFFAOYSA-L,CC(=O)OP(=O)([O-])[O-]
adp,XTWYTFMLZFPYCI-KQYNXXCUSA-K,C1=NC(=C2C(=N1)N(C=N2)C3C(C(C(O3)COP(=O)([O-])OP(=O)([O-])[O-])O)O)N
com,ZNEWHQLOPFWXOF-UHFFFAOYSA-M,C(CS(=O)(=O)[O-])S
co1dam,NKLHEMWEQJCPPF-OKJGWHJPSA-H,noinchikey_inpubchem
r5p,KTVPXOYAKDPRHY-AIHAYLRMSA-L,C(C1C(C(C(O1)O)O)O)OP(=O)([O-])[O-]
sucsal,UIUJIQZEACWQSV-UHFFFAOYSA-M,C(CC(=O)[O-])C=O
g3p,LXJXRIRHZLFYRP-VKHMYHEASA-L,C(C(C=O)O)OP(=O)([O-])[O-]
dtdp4d6dg,PSXWNITXWWECNY-UCBTUHGZSA-L,CC1C(=O)C(C(C(O1)OP(=O)([O-])OP(=O)([O-])OCC2C(CC(O2)N3C=C(C(=O)NC3=O)C)O)O)O
uppg3,HUHWZXWWOFSFKF-UHFFFAOYSA-F,C1C2=C(C(=C(N2)CC3=C(C(=C(N3)CC4=C(C(=C(N4)CC5=C(C(=C1N5)CCC(=O)[O-])CC(=O)[O-])CC(=O)[O-])CCC(=O)[O-])CC(=O)[O-])CCC(=O)[O-])CC(=O)[O-])CCC(=O)[O-]
cobya,ZRAQEEAQQLYOBK-OKJGWHJPSA-F,CC1=C2C(C(C([N-]2)C3(C(C(C(=N3)C(=C4C(C(C(=N4)C=C5C(C(C1=N5)CCC(=O)[O-])(C)C)CCC(=O)[O-])(C)CC(=O)[O-])C)CCC(=O)[O-])(C)CC(=O)[O-])C)CC(=O)[O-])(C)CCC(=O)[O-].[Co+2]
trnaval,NA,noinchikey_inpubchem
dcamp,OFBHPPMPBOJXRT-DPXQIYNJSA-J,C1=NC(=C2C(=N1)N(C=N2)C3C(C(C(O3)COP(=O)([O-])[O-])O)O)NC(CC(=O)[O-])C(=O)[O-]
hcit,NA,noinchikey_inpubchem
dhf,OZRNSSUDZOLUSN-LBPRGKRZSA-L,C1C(=NC2=C(N1)NC(=NC2=O)N)CNC3=CC=C(C=C3)C(=O)NC(CCC(=O)[O-])C(=O)[O-]
dttp,NHVNXKFIZYSCEB-XLPZGREQSA-J,CC1=CN(C(=O)NC1=O)C2CC(C(O2)COP(=O)([O-])OP(=O)([O-])OP(=O)([O-])[O-])O
56dura,OIVLITBTBDPEFK-UHFFFAOYSA-N,C1CNC(=O)NC1=O
codhpre6,RFBIUXAOZAPWCC-RDKWKEIWSA-E,CC12CC3=C(C(C(=CC4=NC(C5C(C(C(=N5)CC(=N1)C(=C2CC(=O)[O-])CCC(=O)[O-])(C)CCC(=O)[O-])CC(=O)[O-])(C(C4CCC(=O)[O-])(C)CC(=O)[O-])C)[N-]3)(C)CC(=O)[O-])CCC(=O)[O-].[Co+2]
hom__L,UKAUYVFTDYCKQA-VKHMYHEASA-N,C(CO)C(C(=O)O)N
fdred,NA,noinchikey_inpubchem
fol,OVBPIULPVIDEAO-LBPRGKRZSA-L,C1=CC(=CC=C1C(=O)NC(CCC(=O)[O-])C(=O)[O-])NCC2=CN=C3C(=N2)C(=O)N=C(N3)N
udpg,HSCJRCZFDFQWRP-RDKQLNKOSA-L,C1=CN(C(=O)NC1=O)C2C(C(C(O2)COP(=O)([O-])OP(=O)([O-])OC3C(C(C(C(O3)CO)O)O)O)O)O
dgggp,NA,noinchikey_inpubchem
dohdu,NA,noinchikey_inpubchem
acetone,CSCPPACGZOOCGX-UHFFFAOYSA-N,CC(=O)C
gdpofuc,PNHLMHWWFOPQLK-WAMCPPDZSA-L,CC1C(=O)C(C(C(O1)OP(=O)(O)OP(=O)([O-])OCC2C(C(C(O2)N3C=NC4=C3N=C(N=C4[O-])N)O)O)O)O
cbl1hbi,NA,noinchikey_inpubchem
3hgrdp,NA,noinchikey_inpubchem
eig3p,HFYBTHCYPKEDQQ-RITPCOANSA-L,C1=C(NC=N1)C(C(COP(=O)([O-])[O-])O)O
36dahx,QKEWQOJCHPFEAF-YFKPBYRVSA-O,C(CC(CC(=O)[O-])[NH3+])C[NH3+]
trnaglu,NA,noinchikey_inpubchem
hspmd,UODZHRGDSPLRMD-UHFFFAOYSA-Q,C(CC[NH2+]CCCC[NH3+])C[NH3+]
3c4mop,HIIZAGQWABAMRR-BYPYZUCNSA-L,CC(C)C(C(=O)C(=O)[O-])C(=O)[O-]
f420_7,NA,noinchikey_inpubchem
23dhdp,UWOCFOFVIBZJGH-YFKPBYRVSA-L,C1C=CC(=NC1C(=O)[O-])C(=O)[O-]
pser__L,BZQFBWGGLXLEPQ-REOHCLBHSA-L,C(C(C(=O)[O-])[NH3+])OP(=O)([O-])[O-]
7ohp,OOFMTFUTWFAVGC-UHFFFAOYSA-M,C(CCC=O)CCC(=O)[O-]
acmana,MBLBDJOUHNCFQT-XAMCCFCMSA-N,CC(=O)NC(C=O)C(C(C(CO)O)O)O
sf430a,NA,noinchikey_inpubchem
dump,JSRLJPSBLDHEIO-SHYZEUOFSA-L,C1C(C(OC1N2C=CC(=O)NC2=O)COP(=O)([O-])[O-])O
tih3cit,NLOCBSDWTSPKMJ-UHFFFAOYSA-K,C(CCC(=O)[O-])CC(C(C(=O)[O-])O)C(=O)[O-]
4mop,BKAJNAXTPSGJCU-UHFFFAOYSA-M,CC(C)CC(=O)C(=O)[O-]
hgbam,JJMDOVLPFPOLFZ-IPUCCYEASA-L,noinchikey_inpubchem
nmn,DAYLJWODMCOQEW-TURQNECASA-M,C1=CC(=C[N+](=C1)C2C(C(C(O2)COP(=O)([O-])[O-])O)O)C(=O)N
amp,UDMBCSSLTHHNCD-KQYNXXCUSA-L,C1=NC(=C2C(=N1)N(C=N2)C3C(C(C(O3)COP(=O)([O-])[O-])O)O)N
man6p,NBSCHQHZLSJFNQ-QTVWNMPRSA-L,C(C1C(C(C(C(O1)O)O)O)O)OP(=O)([O-])[O-]
ibcoa,AEWHYWSPVRZHCT-NDZSKPAWSA-J,CC(C)C(=O)SCCNC(=O)CCNC(=O)C(C(C)(C)COP(=O)([O-])OP(=O)([O-])OCC1C(C(C(O1)N2C=NC3=C(N=CN=C32)N)O)OP(=O)([O-])[O-])O
dcmp,NCMVOABPESMRCP-SHYZEUOFSA-L,C1C(C(OC1N2C=CC(=NC2=O)N)COP(=O)([O-])[O-])O
7mht,MZUIODFZFFPDDR-SCZZXKLOSA-M,CC(C(C(=O)[O-])NC(=O)CCCCCCS)O
unknown,NA,noinchikey_inpubchem
dhp23cp,NA,noinchikey_inpubchem
btn,YBJHBAHKTGYVGT-ZKWXMUAHSA-M,C1C2C(C(S1)CCCCC(=O)[O-])NC(=O)N2
3hdpgpe,NA,noinchikey_inpubchem
dggpgp,NA,noinchikey_inpubchem
5aop,ZGXJTSGNIOSYLO-UHFFFAOYSA-N,C(CC(=O)O)C(=O)CN
2ood,NA,noinchikey_inpubchem
dgggps,NA,noinchikey_inpubchem
pant__R,OTOIIPJYVQJATP-BYPYZUCNSA-M,CC(C)(CO)C(C(=O)[O-])O
prpp,PQGCEDQWHSBAJP-TXICZTDVSA-I,C(C1C(C(C(O1)OP(=O)([O-])OP(=O)([O-])[O-])O)O)OP(=O)([O-])[O-]
3hdpgpg,NA,noinchikey_inpubchem
ppi,XPPKVPWEQAFLFU-UHFFFAOYSA-K,OP(=O)([O-])OP(=O)([O-])[O-]
gthrd,RWSXRVCMGQZWBV-WDSKDSINSA-M,C(CC(=O)NC(C[S-])C(=O)NCC(=O)O)C(C(=O)O)N
f420_4,NA,noinchikey_inpubchem
adocbi,KQXSPGAEBZWHMC-OCUXTBADSA-N,noinchikey_inpubchem
mettrna,NA,noinchikey_inpubchem
3hdpgpi,NA,noinchikey_inpubchem
etoh,LFQSCWFLJHTTHZ-UHFFFAOYSA-N,CCO
cbp,FFQKYPRQEYGKAF-UHFFFAOYSA-L,C(=O)(N)OP(=O)([O-])[O-]
glutrna_gln,NA,noinchikey_inpubchem
r15bp,AAAFZMYJJHWUPN-TXICZTDVSA-J,C(C1C(C(C(O1)OP(=O)([O-])[O-])O)O)OP(=O)([O-])[O-]
thrp,USRGIUJOYOXOQJ-GBXIJSLDSA-L,CC(C(C(=O)[O-])[NH3+])OP(=O)([O-])[O-]
argsuc,KDZOASGQNOPSCU-ZBHICJROSA-M,C(CC(C(=O)[O-])[NH3+])C[NH+]=C(N)NC(CC(=O)[O-])C(=O)[O-]
gdpmann,MVMSCBBUIHUTGJ-GDJBGNAASA-L,C1=NC2=C(N1C3C(C(C(O3)COP(=O)([O-])OP(=O)([O-])OC4C(C(C(C(O4)CO)O)O)O)O)O)NC(=NC2=O)N
8aonn,GUAHPAJOXVYFON-UHFFFAOYSA-N,CC(C(=O)CCCCCC(=O)O)N
dhpt,WBFYVDCHGVNRBH-UHFFFAOYSA-M,C1C(=NC2=C(N1)NC(=NC2=O)N)CNC3=CC=C(C=C3)C(=O)[O-]
fmettrna,NA,noinchikey_inpubchem
cobalt2,XLJKHNWPARRRJB-UHFFFAOYSA-N,[Co+2]
rib__D,HMFHBZSHGGEWLO-SOOFDHNKSA-N,C(C1C(C(C(O1)O)O)O)O
Brfap,NA,noinchikey_inpubchem
hisp,CWNDERHTHMWBSI-YFKPBYRVSA-M,C1=C(NC=N1)CC(COP(=O)([O-])[O-])[NH3+]
xan,LRFVTYWOQMYALW-UHFFFAOYSA-N,C1=NC2=C(N1)C(=O)NC(=O)N2
3c3hmp,BITYXLXUCSKTJS-ZETCQYMHSA-L,CC(C)C(CC(=O)[O-])(C(=O)[O-])O
glyc__R,RBNPOMFGQQGHHO-UWTATZPHSA-M,C(C(C(=O)[O-])O)O
dutp,AHCYMLUZIRLXAA-SHYZEUOFSA-J,C1C(C(OC1N2C=CC(=O)NC2=O)COP(=O)([O-])OP(=O)([O-])OP(=O)([O-])[O-])O
cu2,JPVYNHNXODAKFH-UHFFFAOYSA-N,[Cu+2]
dkfp,XBUYIELOLLPBOC-PHDIDXHHSA-L,CC(=O)C(C(C(=O)COP(=O)([O-])[O-])O)O
23dpg,XOHUEYCVLUUEJJ-UWTATZPHSA-I,C(C(C(=O)[O-])OP(=O)([O-])[O-])OP(=O)([O-])[O-]
2obut,TYEYBOSBBBHJIV-UHFFFAOYSA-M,CCC(=O)C(=O)[O-]
utp,PGAVKCOVUIYSFO-XVFCMESISA-J,C1=CN(C(=O)NC1=O)C2C(C(C(O2)COP(=O)([O-])OP(=O)([O-])OP(=O)([O-])[O-])O)O
copre5,CMNLELJQIRWSFR-GFSZXBFJSA-M,noinchikey_inpubchem
glyc,PEDCQBHIVMGVHV-UHFFFAOYSA-N,C(C(CO)O)O
fe3,VTLYFUHAOXGGBS-UHFFFAOYSA-N,[Fe+3]
ddhrb,YUTUUCYDXGWRNU-XQQFMLRXSA-M,noinchikey_inpubchem
carn,NA,noinchikey_inpubchem
fc1p,KNYGWWDTPGSEPD-LFRDXLMFSA-L,CC(C(C(C(=O)COP(=O)([O-])[O-])O)O)O
ppbng,QSHWIQZFGQKFMA-UHFFFAOYSA-M,C1=C(C(=C(N1)C[NH3+])CC(=O)[O-])CCC(=O)[O-]
phetrna,NA,noinchikey_inpubchem
btamp,UTQCSTJVMLODHM-RHCAYAJFSA-N,C1C2C(C(S1)CCCCC(=O)OP(=O)(O)OCC3C(C(C(O3)N4C=NC5=C(N=CN=C54)N)O)O)NC(=O)N2
acg5p,FCVIHFVSXHOPSW-YFKPBYRVSA-K,CC(=O)NC(CCC(=O)OP(=O)([O-])[O-])C(=O)[O-]
prlp,BLKFNHOCHNCLII-GHVQHMAVSA-J,C1=NC(=C(N1C2C(C(C(O2)COP(=O)([O-])[O-])O)O)NC=NCC(=O)C(C(COP(=O)([O-])[O-])O)O)C(=O)N
mobd,MEFBJEMVZONFCJ-UHFFFAOYSA-N,[O-][Mo](=O)(=O)[O-]
gdpgpi,NA,noinchikey_inpubchem
trnagly,NA,noinchikey_inpubchem
mcom,FGMRHOCVEPGURB-UHFFFAOYSA-M,CSCCS(=O)(=O)[O-]
hacon_C,BJYPZFUWWJSAKC-ARJAWSKDSA-K,C(CC(=O)[O-])C(=CC(=O)[O-])C(=O)[O-]
f430,CSIZETLYBMWYQA-SXMZNAGASA-M,noinchikey_inpubchem
aspsa,HOSWPDPVFBCLSY-VKHMYHEASA-N,C(C=O)C(C(=O)O)N
5aizc,XFVULMDJZXYMSG-ZIYNGMLESA-L,C1=NC(=C(N1C2C(C(C(O2)COP(=O)([O-])[O-])O)O)N)C(=O)O
dtmp,GYOZYWVXFNDGLU-XLPZGREQSA-L,CC1=CN(C(=O)NC1=O)C2CC(C(O2)COP(=O)([O-])[O-])O
his__L,HNDVDQJCIGZPNO-YFKPBYRVSA-N,C1=C(NC=N1)CC(C(=O)O)N
frdp,VWFJDQUYCIWHTN-YFVJMOTDSA-K,CC(=CCCC(=CCCC(=CCOP(=O)([O-])OP(=O)([O-])[O-])C)C)C
dmh2mpt,NA,noinchikey_inpubchem
s,NINIDFKCEFEMDL-UHFFFAOYSA-N,[S]
imp,GRSZFWQUAKGDAV-KQYNXXCUSA-L,C1=NC(=O)C2=C(N1)N(C=N2)C3C(C(C(O3)COP(=O)([O-])[O-])O)O
f390a,ZFXANEJZHDIWDP-CSDPJWOXSA-H,noinchikey_inpubchem
cala,JSJWCHRYRHKBBW-UHFFFAOYSA-M,C(CNC(=O)N)C(=O)[O-]
dkdofp,NA,noinchikey_inpubchem
1pyr5c,DWAKNKKXGALPNW-UHFFFAOYSA-M,C1CC(N=C1)C(=O)[O-]
cob,JBJSVEVEEGOEBZ-SCZZXKLOSA-K,CC(C(C(=O)[O-])NC(=O)CCCCCCS)OP(=O)([O-])[O-]
leutrna,NA,noinchikey_inpubchem
asp__L,CKLJMWTZIZZHCS-REOHCLBHSA-M,C(C(C(=O)[O-])[NH3+])C(=O)[O-]
cbl1,OMAOKVYASDIYQG-DSRCUDDDSA-L,noinchikey_inpubchem
udpgal,HSCJRCZFDFQWRP-ABVWGUQPSA-L,C1=CN(C(=O)NC1=O)C2C(C(C(O2)COP(=O)([O-])OP(=O)([O-])OC3C(C(C(C(O3)CO)O)O)O)O)O
copre6,DFFFCFUPOVLDTP-IICGDJHVSA-N,noinchikey_inpubchem
imacp,YCFFMSOLUMRAMD-UHFFFAOYSA-L,C1=C(NC=N1)CC(=O)COP(=O)([O-])[O-]
5mta,WUUGFSXJNOTRMR-IOSLPCCCSA-N,CSCC1C(C(C(O1)N2C=NC3=C(N=CN=C32)N)O)O
5pr5hbz,NA,noinchikey_inpubchem
f1p,RHKKZBWRNHGJEZ-VRPWFDPXSA-L,C(C1C(C(C(O1)(COP(=O)([O-])[O-])O)O)O)O
succoa,VNOYUJKHFWYWIR-ITIYDSSPSA-I,CC(C)(COP(=O)([O-])OP(=O)([O-])OCC1C(C(C(O1)N2C=NC3=C(N=CN=C32)N)O)OP(=O)([O-])[O-])C(C(=O)NCCC(=O)NCCSC(=O)CCC(=O)[O-])O
sl__L,CQQGIWJSICOUON-UWTATZPHSA-L,C(C(C(=O)[O-])O)S(=O)(=O)[O-]
psd5p,NA,noinchikey_inpubchem
2dr1p,KBDKAJNTYKVSEK-VPENINKCSA-L,C1C(C(OC1OP(=O)([O-])[O-])CO)O
dtdprmn,ZOSQFDVXNQFKBY-CGAXJHMRSA-L,CC1C(C(C(C(O1)OP(=O)([O-])OP(=O)([O-])OCC2C(CC(O2)N3C=C(C(=O)NC3=O)C)O)O)O)O
h2mpt,WTMBWYHMZCVPRJ-WJBIZLLUSA-K,CC1C(=NC2=C(N1)NC(=NC2=O)N)C(C)NC3=CC=C(C=C3)CC(C(C(COC4C(C(C(O4)COP(=O)([O-])OC(CCC(=O)[O-])C(=O)[O-])O)O)O)O)O
hcys__L,FFFHZYDWPBMWHY-UHFFFAOYSA-N,C(CS)C(C(=O)O)N
pphn,FPWMCUPFBRFMLH-XGAOUMNUSA-L,noinchikey_inpubchem
f420_1,VXLZCIMPZIERNZ-LADHFWMSSA-J,noinchikey_inpubchem
alatrna,NA,noinchikey_inpubchem
so4,QAOWNCQODCNURD-UHFFFAOYSA-L,[O-]S(=O)(=O)[O-]
glntrna,NA,noinchikey_inpubchem
k,NPYPAHLBTDXSSS-UHFFFAOYSA-N,[K+]
xu5p__D,FNZLKVNUWIIPSJ-RFZPGFLSSA-L,C(C(C(C(=O)CO)O)O)OP(=O)([O-])[O-]
h2s,RWSOTUBLDIXVET-UHFFFAOYSA-M,[SH-]
23dhmb,JTEYKUFKXGDTEU-VKHMYHEASA-M,CC(C)(C(C(=O)[O-])O)O
sec,NA,noinchikey_inpubchem
dtdp4d6dm,PSXWNITXWWECNY-LPVGZGSHSA-L,CC1C(=O)C(C(C(O1)OP(=O)([O-])OP(=O)([O-])OCC2C(CC(O2)N3C=C(C(=O)NC3=O)C)O)O)O
nabl,NA,noinchikey_inpubchem
agdpcbi,IQTYKHRKNGVJEO-RRMAJTJESA-K,noinchikey_inpubchem
aicar,NOTGFIUVDGNKRI-UUOKFMHZSA-L,C1=NC(=C(N1C2C(C(C(O2)COP(=O)([O-])[O-])O)O)N)C(=O)N
h2o,XLYOFNOQVPJJNP-UHFFFAOYSA-N,O
ohexa,NA,noinchikey_inpubchem
leu__L,ROHFNLRQFUQHCH-YFKPBYRVSA-N,CC(C)CC(C(=O)O)N
r5hbzi,NA,noinchikey_inpubchem
fdp,RNBGYGVWRKECFJ-VRPWFDPXSA-J,C(C1C(C(C(O1)(COP(=O)([O-])[O-])O)O)O)OP(=O)([O-])[O-]
nadh,BOPGDPNILDQYTO-NNYOXOHSSA-L,C1C=CN(C=C1C(=O)N)C2C(C(C(O2)COP(=O)([O-])OP(=O)([O-])OCC3C(C(C(O3)N4C=NC5=C(N=CN=C54)N)O)O)O)O
pyr,LCTONWCANYUPML-UHFFFAOYSA-M,CC(=O)C(=O)[O-]
f430p2,NA,noinchikey_inpubchem
ni2,VEQPNABPJHWNSG-UHFFFAOYSA-N,[Ni+2]
asn__L,DCXYFEDJOCDNAF-REOHCLBHSA-N,C(C(C(=O)O)N)C(=O)N
trnatrp,NA,noinchikey_inpubchem
ppp9,KSFOVUSSGSKXFI-UJJXFSCMSA-L,noinchikey_inpubchem
5dpmev,SIGQQUBJQXSAMW-ZCFIWIBFSA-J,CC(CCOP(=O)([O-])OP(=O)([O-])[O-])(CC(=O)[O-])O
Rh2cit,LOUWLTSPEXZLSA-MRVPVSSYSA-K,C(CC(=O)[O-])CC(CC(=O)[O-])(C(=O)[O-])O
ppap,FMNMEQSRDWIBFO-UHFFFAOYSA-L,CCC(=O)OP(=O)([O-])[O-]
dnad,SENPVEZBRZQVST-HISDBWNOSA-L,C1=CC(=C[N+](=C1)C2C(C(C(O2)COP(=O)([O-])OP(=O)([O-])OCC3C(C(C(O3)N4C=NC5=C(N=CN=C54)N)O)O)O)O)C(=O)[O-]
prbatp,RKNHJBVBFHDXGR-KEOHHSTQSA-H,C1=NC2=C(N1C3C(C(C(O3)COP(=O)([O-])OP(=O)([O-])OP(=O)([O-])[O-])O)O)N=CN(C2=N)C4C(C(C(O4)COP(=O)([O-])[O-])O)O
3ig3p,NQEQTYPJSIEPHW-MNOVXSKESA-L,C1=CC=C2C(=C1)C(=CN2)C(C(COP(=O)([O-])[O-])O)O
trptrna,NA,noinchikey_inpubchem
f420_2,BEUZRXRCQLIWPE-NALJQGANSA-I,noinchikey_inpubchem
ihcit_T,NA,noinchikey_inpubchem
thmmp,HZSAJDVWZRBGIF-UHFFFAOYSA-M,CC1=C(SC=[N+]1CC2=CN=C(N=C2N)C)CCOP(=O)([O-])[O-]
cl,VEXZGXHMUGYJMC-UHFFFAOYSA-M,[Cl-]
ura,ISAKRJDGNUQOIC-UHFFFAOYSA-N,C1=CNC(=O)NC1=O
5mdr1p,JTFITTQBRJDSTL-KVTDHHQDSA-L,CSCC1C(C(C(O1)OP(=O)([O-])[O-])O)O
pap,WHTCPDAXWFLDIH-KQYNXXCUSA-J,C1=NC(=C2C(=N1)N(C=N2)C3C(C(C(O3)COP(=O)([O-])[O-])OP(=O)([O-])[O-])O)N
3hcdgggp,NA,noinchikey_inpubchem
sertrna,NA,noinchikey_inpubchem
glu5sa,KABXUUFDPUOJMW-BYPYZUCNSA-N,C(CC(C(=O)O)N)C=O
accoa,ZSLZBFCDCINBPY-ZSJPKINUSA-J,CC(=O)SCCNC(=O)CCNC(=O)C(C(C)(C)COP(=O)([O-])OP(=O)([O-])OCC1C(C(C(O1)N2C=NC3=C(N=CN=C32)N)O)OP(=O)([O-])[O-])O
glu1sa,MPUUQNGXJSEWTF-BYPYZUCNSA-N,C(CC(=O)O)C(C=O)N
h2o2,MHAJPDPJQMAIIY-UHFFFAOYSA-N,OO
6hmhpt,CQQNNQTXUGLUEV-UHFFFAOYSA-N,C1C(=NC2=C(N1)NC(=NC2=O)N)CO
26dap__M,GMKMEZVLHJARHF-SYDPRGILSA-N,C(CC(C(=O)O)N)CC(C(=O)O)N
56dthm,NBAKTGXDIBVZOO-UHFFFAOYSA-N,CC1CNC(=O)NC1=O
nac,PVNIIMVLHYAWGP-UHFFFAOYSA-M,C1=CC(=CN=C1)C(=O)[O-]
hsfd,NA,noinchikey_inpubchem
trp__L,QIVBCDIJIAJPQS-VIFPVBQESA-N,C1=CC=C2C(=C1)C(=CN2)CC(C(=O)O)N
orot5p,KYOBSHFOBAOFBF-XVFCMESISA-K,C1=C(N(C(=O)NC1=O)C2C(C(C(O2)COP(=O)([O-])[O-])O)O)C(=O)[O-]
gggp,NA,noinchikey_inpubchem
rb15bp,YAHZABJORDUQGO-NQXXGFSBSA-J,C(C(C(C(=O)COP(=O)([O-])[O-])O)O)OP(=O)([O-])[O-]
ppa,NA,noinchikey_inpubchem
copre8,DPVDDBUQBNNVPO-WTEINHRPSA-F,CC1C2=NC(CC3=C(C(C(=N3)C(=C4C(C(C([N-]4)(C5C(C(C1=N5)(C)CCC(=O)[O-])CC(=O)[O-])C)(C)CC(=O)[O-])CCC(=O)[O-])C)(C)CC(=O)[O-])CCC(=O)[O-])(C(=C2CCC(=O)[O-])C)C.[Co+2]
pran,PMFMJXPRNJUYMB-GWOFURMSSA-K,C1=CC=C(C(=C1)C(=O)[O-])NC2C(C(C(O2)COP(=O)([O-])[O-])O)O
dpgpg,NA,noinchikey_inpubchem
acg5sa,BCPSFKBPHHBDAI-LURJTMIESA-M,CC(=O)NC(CCC=O)C(=O)[O-]
5odhf2a,ZPEHSARSWGDCEX-UHFFFAOYSA-M,C1C=C(OC1=O)CC(=O)[O-]
5pmev,OKZYCXHTTZZYSK-ZCFIWIBFSA-K,CC(CCOP(=O)([O-])[O-])(CC(=O)[O-])O
ahcys,ZJUKTBDSGOFHSH-WFMPWKQPSA-N,C1=NC(=C2C(=N1)N(C=N2)C3C(C(C(O3)CSCCC(C(=O)O)N)O)O)N
trnaleu,NA,noinchikey_inpubchem
f420_2h2,NA,noinchikey_inpubchem
phpyr,BTNMPGBKDVTSJY-UHFFFAOYSA-M,C1=CC=C(C=C1)CC(=O)C(=O)[O-]
mh4spt,DVZXLRSUEMKBID-XVKAKHOPSA-J,CC1C(N(C2=C(N1)NC(=NC2=O)N)C)C(C)NC3=CC=C(C=C3)CC(C(C(COC4C(C(C(O4)COP(=O)([O-])OC(CCC(=O)[O-])C(=O)NC(CCC(=O)[O-])C(=O)[O-])O)O)O)O)O
menylh4spt,NA,noinchikey_inpubchem
dctp,RGWHQCVHVJXOKC-SHYZEUOFSA-J,C1C(C(OC1N2C=CC(=NC2=O)N)COP(=O)([O-])OP(=O)([O-])OP(=O)([O-])[O-])O
amet,MEFKEPWMEQBLKI-AIRLBKTGSA-O,C[S+](CCC(C(=O)O)N)CC1C(C(C(O1)N2C=NC3=C(N=CN=C32)N)O)O
ca2,BHPQYMZQTOCNFJ-UHFFFAOYSA-N,[Ca+2]
nicrnt,JOUIQRNQJGXQDC-ZYUZMQFOSA-L,C1=CC(=C[N+](=C1)C2C(C(C(O2)COP(=O)([O-])[O-])O)O)C(=O)[O-]
2ippm,NJMGRJLQRLFQQX-HYXAFXHYSA-L,CC(C)C(=CC(=O)[O-])C(=O)[O-]
glytrna,NA,noinchikey_inpubchem
glycogen,NA,noinchikey_inpubchem
acon_T,GTZCVFVGUGFEME-HNQUOIGGSA-K,C(C(=CC(=O)[O-])C(=O)[O-])C(=O)[O-]
mg2,JLVVSXFLKOJNIY-UHFFFAOYSA-N,[Mg+2]
gar,OBQMLSFOUZUIOB-HJZCUYRDSA-M,C(C1C(C(C(O1)NC(=O)C[NH3+])O)O)OP(=O)([O-])[O-]
slp__L,NA,noinchikey_inpubchem
dcdp,FTDHDKPUHBLBTL-SHYZEUOFSA-K,C1C(C(OC1N2C=CC(=NC2=O)N)COP(=O)([O-])OP(=O)([O-])[O-])O
3spyr,BUTHMSUEBYPMKJ-UHFFFAOYSA-L,C(C(=O)C(=O)[O-])S(=O)(=O)[O-]
achms,FCXZBWSIAGGPCB-YFKPBYRVSA-N,CC(=O)OCCC(C(=O)O)N
phom,FXDNYOANAXWZHG-VKHMYHEASA-L,C(COP(=O)([O-])[O-])C(C(=O)[O-])[NH3+]
met__L,FFEARJCKVFRZRR-BYPYZUCNSA-N,CSCCC(C(=O)O)N
trnagln,NA,noinchikey_inpubchem
pro__L,ONIBWKKTOPOVIA-BYPYZUCNSA-N,C1CC(NC1)C(=O)O
gcald,WGCNASOHLSPBMP-UHFFFAOYSA-N,C(C=O)O
dhpmp,PLSQMGZYOGSOCE-XINAWCOVSA-L,C1C(=NC2=C(N1)NC(=NC2=O)N)C(C(COP(=O)([O-])[O-])O)O
fald,WSFSSNUMVMOOMR-UHFFFAOYSA-N,C=O
hacon_T,BJYPZFUWWJSAKC-ONEGZZNKSA-K,C(CC(=O)[O-])C(=CC(=O)[O-])C(=O)[O-]
ser__L,MTCFGRXMJLQNBG-REOHCLBHSA-N,C(C(C(=O)O)N)O
adcobdam,OCNLJCZKGHKJGF-QOCQOLRHSA-N,noinchikey_inpubchem
coa,RGJOEKWQDUBAIZ-IBOSZNHHSA-J,CC(C)(COP(=O)([O-])OP(=O)([O-])OCC1C(C(C(O1)N2C=NC3=C(N=CN=C32)N)O)OP(=O)([O-])[O-])C(C(=O)NCCC(=O)NCCS)O
agm,QYPPJABKJHAVHS-UHFFFAOYSA-P,C(CC[NH+]=C(N)N)C[NH3+]
Rh3cit,YNPKOQYWJZNZGP-SECBINFHSA-K,C(CCC(CC(=O)[O-])(C(=O)[O-])O)CC(=O)[O-]
hista,NTYJJOPFIAHURM-UHFFFAOYSA-O,C1=C(NC=N1)CC[NH3+]
5oxpro,ODHCTXKNWHHXJC-VKHMYHEASA-M,C1CC(=O)NC1C(=O)[O-]
gly,DHMQDGOQFOQNFH-UHFFFAOYSA-N,C(C(=O)O)N
thmpp,AYEKOFBPNLCAJY-UHFFFAOYSA-L,CC1=C(SC=[N+]1CC2=CN=C(N=C2N)C)CCOP(=O)([O-])OP(=O)([O-])[O-]
lys__L,KDXKERNSBIXSRK-YFKPBYRVSA-O,C(CC[NH3+])CC(C(=O)O)N
co2dam,IADMSJRJSGLGJI-OKJGWHJPSA-H,CC1=C2C(C(C([N-]2)C3(C(C(C(=N3)C(=C4C(C(C(=N4)C=C5C(C(C1=N5)CCC(=O)[O-])(C)C)CCC(=O)[O-])(C)CC(=O)N)C)CCC(=O)[O-])(C)CC(=O)N)C)CC(=O)[O-])(C)CCC(=O)[O-].[Co+2]
skm5p,QYOJSKGCWNAKGW-PBXRRBTRSA-K,C1C(C(C(C=C1C(=O)[O-])OP(=O)([O-])[O-])O)O
trnaser,NA,noinchikey_inpubchem
agdpgpi,NA,noinchikey_inpubchem
db4p,OKYHYXLCTGGOLM-UHFFFAOYSA-L,CC(=O)C(COP(=O)([O-])[O-])O
trnaala,NA,noinchikey_inpubchem
iletrna,NA,noinchikey_inpubchem
ribflv,AUNGANRZJHBGPY-SCRDCRAPSA-M,CC1=CC2=C(C=C1C)N(C3=NC(=NC(=O)C3=N2)[O-])CC(C(C(CO)O)O)O
mn2,WAEMQWOKJMHJLA-UHFFFAOYSA-N,[Mn+2]
protrna,NA,noinchikey_inpubchem
f420_6,NA,noinchikey_inpubchem
6pthp,WBJZXBUVECZHCE-SCSAIBSYSA-N,CC(=O)C(=O)C1CNC2=C(N1)C(=O)N=C(N2)N
valtrna,NA,noinchikey_inpubchem
dhadrdpr,NA,noinchikey_inpubchem
3pg,OSJPPGNTCRNQQC-UWTATZPHSA-K,C(C(C(=O)[O-])O)OP(=O)([O-])[O-]
ade,GFFGJBXGBJISGV-UHFFFAOYSA-N,C1=NC2=NC=NC(=C2N1)N
m3hdp,NA,noinchikey_inpubchem
fdox,NA,noinchikey_inpubchem
7mhp,AZJTUYPIWZAMTM-UHFFFAOYSA-M,C(CCCS)CCC(=O)[O-]
idp,JPXZQMKKFWMMGK-KQYNXXCUSA-K,C1=NC(=O)C2=C(N1)N(C=N2)C3C(C(C(O3)COP(=O)([O-])OP(=O)([O-])[O-])O)O
f6p,BGWGXPAPYGQALX-ARQDHWQXSA-L,C(C1C(C(C(O1)(CO)O)O)O)OP(=O)([O-])[O-]
unknown_rbfdeg,NA,noinchikey_inpubchem
3hggdp,NA,noinchikey_inpubchem
paps,GACDQMDRPRGCTN-KQYNXXCUSA-J,C1=NC(=C2C(=N1)N(C=N2)C3C(C(C(O3)COP(=O)([O-])OS(=O)(=O)[O-])OP(=O)([O-])[O-])O)N
dohau,NA,noinchikey_inpubchem
nh4,QGZKDVFQNNGYKY-UHFFFAOYSA-O,[NH4+]
oaa,KHPXUQMNIQBQEV-UHFFFAOYSA-L,C(C(=O)C(=O)[O-])C(=O)[O-]
gmp,RQFCJASXJCIDSX-UUOKFMHZSA-L,C1=NC2=C(N1C3C(C(C(O3)COP(=O)([O-])[O-])O)O)NC(=NC2=O)N
h2acon_C,WXZASCSXAMHFCX-PLNGDYQASA-K,C(CC(=CC(=O)[O-])C(=O)[O-])CC(=O)[O-]
3mob,QHKABHOOEWYVLI-UHFFFAOYSA-M,CC(C)C(=O)C(=O)[O-]
fprica,ABCOOORLYAOBOZ-KQYNXXCUSA-L,C1=NC(=C(N1C2C(C(C(O2)COP(=O)([O-])[O-])O)O)NC=O)C(=O)N
10fthf,AUFGTPPARQZWDO-YPMHNXCESA-L,C1C(NC2=C(N1)NC(=NC2=O)N)CN(C=O)C3=CC=C(C=C3)C(=O)NC(CCC(=O)[O-])C(=O)[O-]
glyclt,AEMRFAOFKBGASW-UHFFFAOYSA-M,C(C(=O)[O-])O
3dhq,WVMWZWGZRAXUBK-SYTVJDICSA-M,C1C(C(C(=O)CC1(C(=O)[O-])O)O)O
acorn,JRLGPAXAGHMNOL-LURJTMIESA-N,CC(=O)NC(CCCN)C(=O)O
no2,IOVCWXUNBOPUCH-UHFFFAOYSA-M,N(=O)[O-]
trnaasp,NA,noinchikey_inpubchem
