reactions,metabolites,metabolitestotal,gpr,genes
3OAS161,malACP_c,malACP,CLJU_RS20760,CLJU_RS20760
3OAS161,tdeACP_c,tdeACP,CLJU_RS20760,CLJU_RS20760
3OAS180,malACP_c,malACP,CLJU_RS20760,CLJU_RS20760
3OAS180,palmACP_c,palmACP,CLJU_RS20760,CLJU_RS20760
3OAS181,hdeACP_c,hdeACP,CLJU_RS20760,CLJU_RS20760
3OAS181,malACP_c,malACP,CLJU_RS20760,CLJU_RS20760
3OAS60,butACP_c,butACP,CLJU_RS20760,CLJU_RS20760
3OAS60,malACP_c,malACP,CLJU_RS20760,CLJU_RS20760
3OAS80,hexACP_c,hexACP,CLJU_RS20760,CLJU_RS20760
3OAS80,malACP_c,malACP,CLJU_RS20760,CLJU_RS20760
3OAS100,malACP_c,malACP,CLJU_RS20760,CLJU_RS20760
3OAS100,ocACP_c,ocACP,CLJU_RS20760,CLJU_RS20760
3OAS120,dcaACP_c,dcaACP,CLJU_RS20760,CLJU_RS20760
3OAS120,malACP_c,malACP,CLJU_RS20760,CLJU_RS20760
3OAS121,cdec3eACP_c,cdec3eACP,CLJU_RS20760,CLJU_RS20760
3OAS121,malACP_c,malACP,CLJU_RS20760,CLJU_RS20760
3OAS140,ddcaACP_c,ddcaACP,CLJU_RS20760,CLJU_RS20760
3OAS140,malACP_c,malACP,CLJU_RS20760,CLJU_RS20760
3OAR100_num1,3odecACP_c,3odecACP,CLJU_RS17225,CLJU_RS17225
3OAR120_num1,3oddecACP_c,3oddecACP,CLJU_RS17225,CLJU_RS17225
3OAR121_num1,3ocddec5eACP_c,3ocddec5eACP,CLJU_RS17225,CLJU_RS17225
3OAR140_num1,3omrsACP_c,3omrsACP,CLJU_RS17225,CLJU_RS17225
3OAR141_num1,3ocmrs7eACP_c,3ocmrs7eACP,CLJU_RS17225,CLJU_RS17225
3OAR160_num1,3opalmACP_c,3opalmACP,CLJU_RS20765,CLJU_RS20765
3OAR161_num1,3ocpalm9eACP_c,3ocpalm9eACP,CLJU_RS20765,CLJU_RS20765
3OAR180_num1,3ooctdACP_c,3ooctdACP,CLJU_RS20765,CLJU_RS20765
3OAR181_num1,3ocvac11eACP_c,3ocvac11eACP,CLJU_RS20765,CLJU_RS20765
3OAS141,cddec5eACP_c,cddec5eACP,CLJU_RS20760,CLJU_RS20760
3OAS141,malACP_c,malACP,CLJU_RS20760,CLJU_RS20760
3OAS160,malACP_c,malACP,CLJU_RS20760,CLJU_RS20760
3OAS160,myrsACP_c,myrsACP,CLJU_RS20760,CLJU_RS20760
ACBIPGT,adocbip_c,adocbip,CLJU_RS17490,CLJU_RS17490
4HTHRS_num1,phthr_c,phthr,CLJU_RS19875,CLJU_RS19875
ABFA,araban__L_e,araban__L,CLJU_RS00605,CLJU_RS00605
ABTA,4abut_c,4abut,CLJU_RS10045,CLJU_RS10045
ABTA,akg_c,akg,CLJU_RS10045,CLJU_RS10045
ACGK,acglu_c,acglu,CLJU_RS10565,CLJU_RS10565
ACGS,accoa_c,accoa,CLJU_RS10570,CLJU_RS10570
ACGS,glu__L_c,glu__L,CLJU_RS10570,CLJU_RS10570
ACALD_num1,acald_c,acald,CLJU_RS08095,CLJU_RS08095
ACHBS_num1,2obut_c,2obut,CLJU_RS10025 and (CLJU_RS10020,CLJU_RS10020
ACHBS_num1,2obut_c,2obut,CLJU_RS10025 and (CLJU_RS10020,CLJU_RS10025
ACHBS_num1,pyr_c,pyr,CLJU_RS10025 and (CLJU_RS10020,CLJU_RS10020
ACHBS_num1,pyr_c,pyr,CLJU_RS10025 and (CLJU_RS10020,CLJU_RS10025
ACCOAC,accoa_c,accoa,CLJU_RS20735 and CLJU_RS20740 and CLJU_RS20745 and CLJU_RS20755,CLJU_RS20755
ACCOAC,accoa_c,accoa,CLJU_RS20735 and CLJU_RS20740 and CLJU_RS20745 and CLJU_RS20755,CLJU_RS20735
ACCOAC,accoa_c,accoa,CLJU_RS20735 and CLJU_RS20740 and CLJU_RS20745 and CLJU_RS20755,CLJU_RS20745
ACCOAC,accoa_c,accoa,CLJU_RS20735 and CLJU_RS20740 and CLJU_RS20745 and CLJU_RS20755,CLJU_RS20740
ACCOAC,hco3_c,hco3,CLJU_RS20735 and CLJU_RS20740 and CLJU_RS20745 and CLJU_RS20755,CLJU_RS20755
ACCOAC,hco3_c,hco3,CLJU_RS20735 and CLJU_RS20740 and CLJU_RS20745 and CLJU_RS20755,CLJU_RS20735
ACCOAC,hco3_c,hco3,CLJU_RS20735 and CLJU_RS20740 and CLJU_RS20745 and CLJU_RS20755,CLJU_RS20745
ACCOAC,hco3_c,hco3,CLJU_RS20735 and CLJU_RS20740 and CLJU_RS20745 and CLJU_RS20755,CLJU_RS20740
ACLS_num1,pyr_c,pyr,CLJU_RS19160 and (CLJU_RS10025 and CLJU_RS10025,CLJU_RS10025
ACLS_num1,pyr_c,pyr,CLJU_RS19160 and (CLJU_RS10025 and CLJU_RS10025,CLJU_RS19160
ADOCBIK,adocbi_c,adocbi,CLJU_RS17490,CLJU_RS17490
ACPS1,apoACP_c,apoACP,CLJU_RS01470,CLJU_RS01470
ACKr,ac_c,ac,CLJU_RS06265,CLJU_RS06265
ADA,adn_c,adn,CLJU_RS13960,CLJU_RS13960
ACLDC,alac__S_c,alac__S,CLJU_RS04120,CLJU_RS04120
ADCPS2,adcobhex_c,adcobhex,CLJU_RS15775,CLJU_RS15775
ADCPS2,applp_c,applp,CLJU_RS15775,CLJU_RS15775
ADCPS1,adcobhex_c,adcobhex,CLJU_RS15775,CLJU_RS15775
ADCPS1,appl_c,appl,CLJU_RS15775,CLJU_RS15775
ACOTA,acorn_c,acorn,CLJU_RS10560,CLJU_RS10560
ACOTA,akg_c,akg,CLJU_RS10560,CLJU_RS10560
ACOAD1z,b2coa_c,b2coa,CLJU_RS19410 and (CLJU_RS19400 and CLJU_RS19405,CLJU_RS19405
ACOAD1z,b2coa_c,b2coa,CLJU_RS19410 and (CLJU_RS19400 and CLJU_RS19405,CLJU_RS19400
ACOAD1z,b2coa_c,b2coa,CLJU_RS19410 and (CLJU_RS19400 and CLJU_RS19405,CLJU_RS19410
ACOAD1z,fdxo_42_c,fdxo_42,CLJU_RS19410 and (CLJU_RS19400 and CLJU_RS19405,CLJU_RS19405
ACOAD1z,fdxo_42_c,fdxo_42,CLJU_RS19410 and (CLJU_RS19400 and CLJU_RS19405,CLJU_RS19400
ACOAD1z,fdxo_42_c,fdxo_42,CLJU_RS19410 and (CLJU_RS19400 and CLJU_RS19405,CLJU_RS19410
ACONTb_num1,acon_C_c,acon_C,CLJU_RS15025,CLJU_RS15025
ACOATA,ACP_c,ACP,CLJU_RS06285 and CLJU_RS20780,CLJU_RS20780
ACOATA,ACP_c,ACP,CLJU_RS06285 and CLJU_RS20780,CLJU_RS06285
ACOATA,accoa_c,accoa,CLJU_RS06285 and CLJU_RS20780,CLJU_RS20780
ACOATA,accoa_c,accoa,CLJU_RS06285 and CLJU_RS20780,CLJU_RS06285
ADCYRS,adcobdam_c,adcobdam,CLJU_RS15780,CLJU_RS15780
ADCYRS,gln__L_c,gln__L,CLJU_RS15780,CLJU_RS15780
ADCS,chor_c,chor,CLJU_RS17720 and CLJU_RS17715,CLJU_RS17720
ADCS,chor_c,chor,CLJU_RS17720 and CLJU_RS17715,CLJU_RS17715
ADCS,gln__L_c,gln__L,CLJU_RS17720 and CLJU_RS17715,CLJU_RS17720
ADCS,gln__L_c,gln__L,CLJU_RS17720 and CLJU_RS17715,CLJU_RS17715
ADD_num1,ade_c,ade,CLJU_RS11775,CLJU_RS11775
ADMDC,amet_c,amet,CLJU_RS10460,CLJU_RS10460
ADOCBLS,agdpcbi_c,agdpcbi,CLJU_RS17495,CLJU_RS17495
ADOCBLS,rdmbzi_c,rdmbzi,CLJU_RS17495,CLJU_RS17495
ADPRDP,adprib_c,adprib,CLJU_RS05505,CLJU_RS05505
ADPT,ade_c,ade,CLJU_RS16620,CLJU_RS16620
ADPT,prpp_c,prpp,CLJU_RS16620,CLJU_RS16620
ADSS,asp__L_c,asp__L,CLJU_RS20860,CLJU_RS20860
AHCYSNS,ahcys_c,ahcys,CLJU_RS05255,CLJU_RS05255
AGPAT120_num1,1ddecg3p_c,1ddecg3p,CLJU_RS19340,CLJU_RS19340
AGPAT120_num1,ddcaACP_c,ddcaACP,CLJU_RS19340,CLJU_RS19340
AGPR,acg5sa_c,acg5sa,CLJU_RS10575,CLJU_RS10575
AHSERL2,achms_c,achms,CLJU_RS03265,CLJU_RS03265
AIRCr,air_c,air,CLJU_RS04205,CLJU_RS04205
AICART_num1,10fthf_c,10fthf,CLJU_RS04230,CLJU_RS04230
AICART_num1,aicar_c,aicar,CLJU_RS04230,CLJU_RS04230
ALAALAr,ala__D_c,ala__D,CLJU_RS15825,CLJU_RS15825
ALATA_L,akg_c,akg,CLJU_RS10450,CLJU_RS10450
ALATA_L,ala__L_c,ala__L,CLJU_RS10450,CLJU_RS10450
ALCD2y,etoh_c,etoh,CLJU_RS12245,CLJU_RS12245
AMMQLT8,2dmmql8_c,2dmmql8,CLJU_RS19845,CLJU_RS19845
AMMQLT8,amet_c,amet,CLJU_RS19845,CLJU_RS19845
DHPPDA,25dhpp_c,25dhpp,CLJU_RS10840,CLJU_RS10840
ALCD4y_num1,btoh_c,btoh,CLJU_RS12255,CLJU_RS12255
ALLTN_num1,alltn_c,alltn,CLJU_RS07520,CLJU_RS07520
CYSSADS,3sala_c,3sala,CLJU_RS16400,CLJU_RS16400
CYRDAAT,co1dam_c,co1dam,CLJU_RS15680,CLJU_RS15680
ALLTNt2r_num1,alltn_e,alltn,CLJU_RS07525,CLJU_RS07525
AMAA_num1,acmama_c,acmama,CLJU_RS02360,CLJU_RS02360
ASP4DC,asp__L_c,asp__L,CLJU_RS16400,CLJU_RS16400
ANPRT,anth_c,anth,CLJU_RS07885,CLJU_RS07885
ANPRT,prpp_c,prpp,CLJU_RS07885,CLJU_RS07885
CTPS2,gln__L_c,gln__L,CLJU_RS01075,CLJU_RS01075
APRAUR,5apru_c,5apru,CLJU_RS10840,CLJU_RS10840
ASPO2,asp__L_c,asp__L,CLJU_RS12015,CLJU_RS12015
CYRDAS,cobya_c,cobya,CLJU_RS15745,CLJU_RS15745
CYRDAS,gln__L_c,gln__L,CLJU_RS15745,CLJU_RS15745
ASPCT,asp__L_c,asp__L,CLJU_RS17595 and CLJU_RS17590,CLJU_RS17595
ASPCT,asp__L_c,asp__L,CLJU_RS17595 and CLJU_RS17590,CLJU_RS17590
ASPCT,cbp_c,cbp,CLJU_RS17595 and CLJU_RS17590,CLJU_RS17595
ASPCT,cbp_c,cbp,CLJU_RS17595 and CLJU_RS17590,CLJU_RS17590
ASPK_num1,asp__L_c,asp__L,CLJU_RS16210,CLJU_RS16210
ACAFDOR_num1,acald_c,acald,CLJU_RS09915,CLJU_RS09915
ACAFDOR_num1,fdxo_42_c,fdxo_42,CLJU_RS09915,CLJU_RS09915
ANS,chor_c,chor,CLJU_RS07875 and CLJU_RS07880,CLJU_RS07880
ANS,chor_c,chor,CLJU_RS07875 and CLJU_RS07880,CLJU_RS07875
ANS,gln__L_c,gln__L,CLJU_RS07875 and CLJU_RS07880,CLJU_RS07880
ANS,gln__L_c,gln__L,CLJU_RS07875 and CLJU_RS07880,CLJU_RS07875
ASPO2y,asp__L_c,asp__L,CLJU_RS12015,CLJU_RS12015
CYSDS,cys__L_c,cys__L,CLJU_RS11995,CLJU_RS11995
ATPPRT,prpp_c,prpp,CLJU_RS05725,CLJU_RS05725
BACCL,btn_c,btn,CLJU_RS13140,CLJU_RS13140
BTDD_RR,btd_RR_c,btd_RR,CLJU_RS11425,CLJU_RS11425
ANS2,chor_c,chor,CLJU_RS07875 and CLJU_RS07880,CLJU_RS07880
ANS2,chor_c,chor,CLJU_RS07875 and CLJU_RS07880,CLJU_RS07875
ARABR,arab__L_c,arab__L,CLJU_RS08755,CLJU_RS08755
CYSTL,cyst__L_c,cyst__L,CLJU_RS13635,CLJU_RS13635
ARBabc,arab__L_e,arab__L,CLJU_RS00965,CLJU_RS00965
ARBt2r,arab__L_e,arab__L,CLJU_RS00610,CLJU_RS00610
BTNt2i,btn_e,btn,CLJU_RS12040,CLJU_RS12040
CYSTS,hcys__L_c,hcys__L,CLJU_RS11990,CLJU_RS11990
CYSTS,ser__L_c,ser__L,CLJU_RS11990,CLJU_RS11990
CBIAT,cbi_c,cbi,CLJU_RS15680,CLJU_RS15680
CYSS_num1,acser_c,acser,CLJU_RS11990,CLJU_RS11990
CBLAT,cbl1_c,cbl1,CLJU_RS15680,CLJU_RS15680
ARGDr,arg__L_c,arg__L,CLJU_RS04570,CLJU_RS04570
ARGN,arg__L_c,arg__L,CLJU_RS10765,CLJU_RS10765
CYTD,cytd_c,cytd,CLJU_RS08905,CLJU_RS08905
ARGDC_num1,arg__L_c,arg__L,CLJU_RS00675,CLJU_RS00675
CDPMEK,4c2me_c,4c2me,CLJU_RS01030,CLJU_RS01030
ARGSS,asp__L_c,asp__L,CLJU_RS03295,CLJU_RS03295
ARGSS,citr__L_c,citr__L,CLJU_RS03295,CLJU_RS03295
CBPS_num1,gln__L_c,gln__L,CLJU_RS12420 and CLJU_RS12425,CLJU_RS12425
CBPS_num1,gln__L_c,gln__L,CLJU_RS12420 and CLJU_RS12425,CLJU_RS12420
CBPS_num1,hco3_c,hco3,CLJU_RS12420 and CLJU_RS12425,CLJU_RS12425
CBPS_num1,hco3_c,hco3,CLJU_RS12420 and CLJU_RS12425,CLJU_RS12420
ASAD,aspsa_c,aspsa,CLJU_RS17045,CLJU_RS17045
DCYTD,dcyt_c,dcyt,CLJU_RS08905,CLJU_RS08905
ARGt2r_num1,arg__L_e,arg__L,CLJU_RS02325 and CLJU_RS02330,CLJU_RS02330
ARGt2r_num1,arg__L_e,arg__L,CLJU_RS02325 and CLJU_RS02330,CLJU_RS02325
ASNS1_num1,asp__L_c,asp__L,CLJU_RS08700,CLJU_RS08700
ASNS1_num1,gln__L_c,gln__L,CLJU_RS08700,CLJU_RS08700
CODH4,co_c,co,CLJU_RS04480 and CLJU_RS04485 and CLJU_RS04490,CLJU_RS04480
CODH4,co_c,co,CLJU_RS04480 and CLJU_RS04485 and CLJU_RS04490,CLJU_RS04490
CODH4,co_c,co,CLJU_RS04480 and CLJU_RS04485 and CLJU_RS04490,CLJU_RS04485
CODH4,fdxo_42_c,fdxo_42,CLJU_RS04480 and CLJU_RS04485 and CLJU_RS04490,CLJU_RS04480
CODH4,fdxo_42_c,fdxo_42,CLJU_RS04480 and CLJU_RS04485 and CLJU_RS04490,CLJU_RS04490
CODH4,fdxo_42_c,fdxo_42,CLJU_RS04480 and CLJU_RS04485 and CLJU_RS04490,CLJU_RS04485
CYTDK2,cytd_c,cytd,CLJU_RS01390,CLJU_RS01390
CODH_ACS,fdxr_42_c,fdxr_42,CLJU_RS18465 and CLJU_RS18480 and CLJU_RS18490 and CLJU_RS18500 and CLJU_RS18505 and CLJU_RS18510 and CLJU_RS18545 and CLJU_RS18550,CLJU_RS18510
CODH_ACS,fdxr_42_c,fdxr_42,CLJU_RS18465 and CLJU_RS18480 and CLJU_RS18490 and CLJU_RS18500 and CLJU_RS18505 and CLJU_RS18510 and CLJU_RS18545 and CLJU_RS18550,CLJU_RS18490
CODH_ACS,fdxr_42_c,fdxr_42,CLJU_RS18465 and CLJU_RS18480 and CLJU_RS18490 and CLJU_RS18500 and CLJU_RS18505 and CLJU_RS18510 and CLJU_RS18545 and CLJU_RS18550,CLJU_RS18480
CODH_ACS,fdxr_42_c,fdxr_42,CLJU_RS18465 and CLJU_RS18480 and CLJU_RS18490 and CLJU_RS18500 and CLJU_RS18505 and CLJU_RS18510 and CLJU_RS18545 and CLJU_RS18550,CLJU_RS18545
CODH_ACS,fdxr_42_c,fdxr_42,CLJU_RS18465 and CLJU_RS18480 and CLJU_RS18490 and CLJU_RS18500 and CLJU_RS18505 and CLJU_RS18510 and CLJU_RS18545 and CLJU_RS18550,CLJU_RS18500
CODH_ACS,fdxr_42_c,fdxr_42,CLJU_RS18465 and CLJU_RS18480 and CLJU_RS18490 and CLJU_RS18500 and CLJU_RS18505 and CLJU_RS18510 and CLJU_RS18545 and CLJU_RS18550,CLJU_RS18505
CODH_ACS,fdxr_42_c,fdxr_42,CLJU_RS18465 and CLJU_RS18480 and CLJU_RS18490 and CLJU_RS18500 and CLJU_RS18505 and CLJU_RS18510 and CLJU_RS18545 and CLJU_RS18550,CLJU_RS18465
CODH_ACS,fdxr_42_c,fdxr_42,CLJU_RS18465 and CLJU_RS18480 and CLJU_RS18490 and CLJU_RS18500 and CLJU_RS18505 and CLJU_RS18510 and CLJU_RS18545 and CLJU_RS18550,CLJU_RS18550
CODH_ACS,mecfsp_c,mecfsp,CLJU_RS18465 and CLJU_RS18480 and CLJU_RS18490 and CLJU_RS18500 and CLJU_RS18505 and CLJU_RS18510 and CLJU_RS18545 and CLJU_RS18550,CLJU_RS18510
CODH_ACS,mecfsp_c,mecfsp,CLJU_RS18465 and CLJU_RS18480 and CLJU_RS18490 and CLJU_RS18500 and CLJU_RS18505 and CLJU_RS18510 and CLJU_RS18545 and CLJU_RS18550,CLJU_RS18490
CODH_ACS,mecfsp_c,mecfsp,CLJU_RS18465 and CLJU_RS18480 and CLJU_RS18490 and CLJU_RS18500 and CLJU_RS18505 and CLJU_RS18510 and CLJU_RS18545 and CLJU_RS18550,CLJU_RS18480
CODH_ACS,mecfsp_c,mecfsp,CLJU_RS18465 and CLJU_RS18480 and CLJU_RS18490 and CLJU_RS18500 and CLJU_RS18505 and CLJU_RS18510 and CLJU_RS18545 and CLJU_RS18550,CLJU_RS18545
CODH_ACS,mecfsp_c,mecfsp,CLJU_RS18465 and CLJU_RS18480 and CLJU_RS18490 and CLJU_RS18500 and CLJU_RS18505 and CLJU_RS18510 and CLJU_RS18545 and CLJU_RS18550,CLJU_RS18500
CODH_ACS,mecfsp_c,mecfsp,CLJU_RS18465 and CLJU_RS18480 and CLJU_RS18490 and CLJU_RS18500 and CLJU_RS18505 and CLJU_RS18510 and CLJU_RS18545 and CLJU_RS18550,CLJU_RS18505
CODH_ACS,mecfsp_c,mecfsp,CLJU_RS18465 and CLJU_RS18480 and CLJU_RS18490 and CLJU_RS18500 and CLJU_RS18505 and CLJU_RS18510 and CLJU_RS18545 and CLJU_RS18550,CLJU_RS18465
CODH_ACS,mecfsp_c,mecfsp,CLJU_RS18465 and CLJU_RS18480 and CLJU_RS18490 and CLJU_RS18500 and CLJU_RS18505 and CLJU_RS18510 and CLJU_RS18545 and CLJU_RS18550,CLJU_RS18550
CPC2MT,amet_c,amet,CLJU_RS15715,CLJU_RS15715
CPC2MT,copre2_c,copre2,CLJU_RS15715,CLJU_RS15715
CPC3MT,amet_c,amet,CLJU_RS15700,CLJU_RS15700
CPC3MT,copre3_c,copre3,CLJU_RS15700,CLJU_RS15700
D_LACt2,lac__D_e,lac__D,CLJU_RS10610,CLJU_RS10610
CPC4MT,amet_c,amet,CLJU_RS15710,CLJU_RS15710
CPC4MT,copre4_c,copre4,CLJU_RS15710,CLJU_RS15710
DAGK120,12dgr120_c,12dgr120,CLJU_RS03985,CLJU_RS03985
CPC6MT,amet_c,amet,CLJU_RS15725 and CLJU_RS15720,CLJU_RS15725
CPC6MT,amet_c,amet,CLJU_RS15725 and CLJU_RS15720,CLJU_RS15720
CPC6MT,codhpre6_c,codhpre6,CLJU_RS15725 and CLJU_RS15720,CLJU_RS15725
CPC6MT,codhpre6_c,codhpre6,CLJU_RS15725 and CLJU_RS15720,CLJU_RS15720
CPC5MT,amet_c,amet,CLJU_RS15730 and CLJU_RS15705,CLJU_RS15705
CPC5MT,amet_c,amet,CLJU_RS15730 and CLJU_RS15705,CLJU_RS15730
CPC5MT,copre5_c,copre5,CLJU_RS15730 and CLJU_RS15705,CLJU_RS15705
CPC5MT,copre5_c,copre5,CLJU_RS15730 and CLJU_RS15705,CLJU_RS15730
DAPDC,26dap__M_c,26dap__M,CLJU_RS18870,CLJU_RS18870
CPC6R,copre6_c,copre6,CLJU_RS15690,CLJU_RS15690
CPPPGOAN2,amet_c,amet,CLJU_RS03910,CLJU_RS03910
CPPPGOAN2,cpppg3_c,cpppg3,CLJU_RS03910,CLJU_RS03910
CPPPGOAN2,fdxo_42_c,fdxo_42,CLJU_RS03910,CLJU_RS03910
CS,accoa_c,accoa,CLJU_RS03250,CLJU_RS03250
CS,oaa_c,oaa,CLJU_RS03250,CLJU_RS03250
DSERt2_num1,ser__D_e,ser__D,CLJU_RS04100,CLJU_RS04100
CSND,csn_c,csn,CLJU_RS09420,CLJU_RS09420
DALAt2r_num1,ala__D_e,ala__D,CLJU_RS04100,CLJU_RS04100
FOLR2,fol_c,fol,CLJU_RS12050,CLJU_RS12050
LDAPAT,26dap_LL_c,26dap_LL,CLJU_RS07005,CLJU_RS07005
LDAPAT,akg_c,akg,CLJU_RS07005,CLJU_RS07005
CSNt2_num1,csn_e,csn,CLJU_RS13800,CLJU_RS13800
DASYN120,pa120_c,pa120,CLJU_RS06465,CLJU_RS06465
FRTT,frdp_c,frdp,CLJU_RS05465,CLJU_RS05465
FRTT,ipdp_c,ipdp,CLJU_RS05465,CLJU_RS05465
DASYN140,pa140_c,pa140,CLJU_RS06465,CLJU_RS06465
DURAD,56dura_c,56dura,CLJU_RS17650,CLJU_RS17650
DURIPP,duri_c,duri,CLJU_RS10190,CLJU_RS10190
DXPRIi,dxyl5p_c,dxyl5p,CLJU_RS06420,CLJU_RS06420
DASYN160,pa160_c,pa160,CLJU_RS06465,CLJU_RS06465
DXPS,g3p_c,g3p,CLJU_RS05470,CLJU_RS05470
DXPS,pyr_c,pyr,CLJU_RS05470,CLJU_RS05470
EAR100x,tdec2eACP_c,tdec2eACP,CLJU_RS20775,CLJU_RS20775
DASYN161,pa161_c,pa161,CLJU_RS06465,CLJU_RS06465
GPDDA1,g3pc_c,g3pc,CLJU_c21800,CLJU_c21800
GPDDA2,g3pe_c,g3pe,CLJU_c21800,CLJU_c21800
DASYN180,pa180_c,pa180,CLJU_RS06465,CLJU_RS06465
GPDDA4,g3pg_c,g3pg,CLJU_c21800,CLJU_c21800
FACOAL140,ttdca_c,ttdca,CLJU_RS19395,CLJU_RS19395
FACOAL160,hdca_c,hdca,CLJU_RS19395,CLJU_RS19395
DASYN181,pa181_c,pa181,CLJU_RS06465,CLJU_RS06465
FACOAL180,ocdca_c,ocdca,CLJU_RS19395,CLJU_RS19395
DDPA_num1,e4p_c,e4p,CLJU_RS07240,CLJU_RS07240
DDPA_num1,pep_c,pep,CLJU_RS07240,CLJU_RS07240
FBP,fdp_c,fdp,CLJU_RS14330,CLJU_RS14330
FDH7_num1,fdxr_42_c,fdxr_42,CLJU_c20040,CLJU_c20040
FORt2,for_e,for,CLJU_RS18460,CLJU_RS18460
G1PTT_num1,g1p_c,g1p,CLJU_RS02620,CLJU_RS02620
FGLU,forglu_c,forglu,CLJU_RS10515,CLJU_RS10515
FMNAT,fmn_c,fmn,CLJU_RS06475,CLJU_RS06475
FRD2,fum_c,fum,CLJU_RS11215 and CLJU_RS11225,CLJU_RS11215
FRD2,fum_c,fum,CLJU_RS11215 and CLJU_RS11225,CLJU_RS11225
FRD2,mql8_c,mql8,CLJU_RS11215 and CLJU_RS11225,CLJU_RS11215
FRD2,mql8_c,mql8,CLJU_RS11215 and CLJU_RS11225,CLJU_RS11225
FRNDPR2r,fdxr_42_c,fdxr_42,CLJU_RS18335,CLJU_RS18335
DHAK,dha_c,dha,CLJU_RS11915,CLJU_RS11915
HPPK,2ahhmp_c,2ahhmp,CLJU_RS03130,CLJU_RS03130
FRUK,f1p_c,f1p,CLJU_RS10115,CLJU_RS10115
FUM,fum_c,fum,CLJU_RS19995 and CLJU_RS19990,CLJU_RS19995
FUM,fum_c,fum,CLJU_RS19995 and CLJU_RS19990,CLJU_RS19990
GRTT,grdp_c,grdp,CLJU_RS05465,CLJU_RS05465
GRTT,ipdp_c,ipdp,CLJU_RS05465,CLJU_RS05465
FRUpts_num1,fru_e,fru,CLJU_RS10110,CLJU_RS10110
FRUpts_num1,pep_c,pep,CLJU_RS10110,CLJU_RS10110
DHFR,dhf_c,dhf,CLJU_RS12050,CLJU_RS12050
FTHFLi,for_c,for,CLJU_RS18540,CLJU_RS18540
FTHFLi,thf_c,thf,CLJU_RS18540,CLJU_RS18540
DHDPRy_num1,23dhdp_c,23dhdp,CLJU_RS08870,CLJU_RS08870
G1PACT,accoa_c,accoa,CLJU_RS20585,CLJU_RS20585
G1PACT,gam1p_c,gam1p,CLJU_RS20585,CLJU_RS20585
G3PAT140,glyc3p_c,glyc3p,CLJU_RS06280,CLJU_RS06280
G3PAT140,myrsACP_c,myrsACP,CLJU_RS06280,CLJU_RS06280
GLCURt2r,glcur_e,glcur,CLJU_RS01890,CLJU_RS01890
GF6PTA,f6p_c,f6p,CLJU_RS19905,CLJU_RS19905
GF6PTA,gln__L_c,gln__L,CLJU_RS19905,CLJU_RS19905
GHMT2r,ser__L_c,ser__L,CLJU_RS05640,CLJU_RS05640
GHMT2r,thf_c,thf,CLJU_RS05640,CLJU_RS05640
DHDPS_num1,aspsa_c,aspsa,CLJU_RS17040,CLJU_RS17040
DHDPS_num1,pyr_c,pyr,CLJU_RS17040,CLJU_RS17040
GLCNt2r_num1,glcn_e,glcn,CLJU_RS05690,CLJU_RS05690
G3PAT181,glyc3p_c,glyc3p,CLJU_RS06280,CLJU_RS06280
G3PAT181,octeACP_c,octeACP,CLJU_RS06280,CLJU_RS06280
GLNS,glu__L_c,glu__L,CLJU_RS20670,CLJU_RS20670
DHFS,dhpt_c,dhpt,CLJU_RS17100,CLJU_RS17100
DHFS,glu__L_c,glu__L,CLJU_RS17100,CLJU_RS17100
G3PAT120,ddcaACP_c,ddcaACP,CLJU_RS06280,CLJU_RS06280
G3PAT120,glyc3p_c,glyc3p,CLJU_RS06280,CLJU_RS06280
G3PAT160,glyc3p_c,glyc3p,CLJU_RS06280,CLJU_RS06280
G3PAT160,palmACP_c,palmACP,CLJU_RS06280,CLJU_RS06280
G3PAT161,glyc3p_c,glyc3p,CLJU_RS06280,CLJU_RS06280
G3PAT161,hdeACP_c,hdeACP,CLJU_RS06280,CLJU_RS06280
GLU5K,glu__L_c,glu__L,CLJU_RS02945,CLJU_RS02945
GLUDy,glu__L_c,glu__L,CLJU_RS01300,CLJU_RS01300
GLUPRT,gln__L_c,gln__L,CLJU_RS04215,CLJU_RS04215
GLUPRT,prpp_c,prpp,CLJU_RS04215,CLJU_RS04215
G3PAT180,glyc3p_c,glyc3p,CLJU_RS06280,CLJU_RS06280
G3PAT180,ocdcaACP_c,ocdcaACP,CLJU_RS06280,CLJU_RS06280
G3PD2,glyc3p_c,glyc3p,CLJU_RS06125,CLJU_RS06125
G5SD,glu5p_c,glu5p,CLJU_RS02950,CLJU_RS02950
GLUTRR,glutrna_c,glutrna,CLJU_RS02190,CLJU_RS02190
DHNAOT4,dhna_c,dhna,CLJU_RS19835,CLJU_RS19835
DHNAOT4,octdp_c,octdp,CLJU_RS19835,CLJU_RS19835
GALCTNt2r,galctn__D_e,galctn__D,CLJU_RS06685,CLJU_RS06685
GLUSy,akg_c,akg,CLJU_RS08530 and CLJU_RS08535,CLJU_RS08530
GLUSy,akg_c,akg,CLJU_RS08530 and CLJU_RS08535,CLJU_RS08535
GLUSy,gln__L_c,gln__L,CLJU_RS08530 and CLJU_RS08535,CLJU_RS08530
GLUSy,gln__L_c,gln__L,CLJU_RS08530 and CLJU_RS08535,CLJU_RS08535
GLUTRS,glu__L_c,glu__L,CLJU_RS06575,CLJU_RS06575
GLUTRS,trnaglu_c,trnaglu,CLJU_RS06575,CLJU_RS06575
GLUt2r,glu__L_e,glu__L,CLJU_RS10210,CLJU_RS10210
GAPD_num1,g3p_c,g3p,CLJU_RS19275,CLJU_RS19275
GALUi_num1,g1p_c,g1p,CLJU_RS16855,CLJU_RS16855
GALURt2r,galur_e,galur,CLJU_RS01890,CLJU_RS01890
GLUt4,glu__L_e,glu__L,CLJU_RS10210,CLJU_RS10210
GLYCDx,glyc_c,glyc,CLJU_RS13095,CLJU_RS13095
GALabc,gal_e,gal,CLJU_RS04410,CLJU_RS04410
DHORTS,dhor__S_c,dhor__S,CLJU_RS18360,CLJU_RS18360
GCCb,alpro_c,alpro,CLJU_RS11895,CLJU_RS11895
GCCb,thf_c,thf,CLJU_RS11895,CLJU_RS11895
GARFT,10fthf_c,10fthf,CLJU_RS04225,CLJU_RS04225
GARFT,gar_c,gar,CLJU_RS04225,CLJU_RS04225
GLYBt2r_num1,glyb_e,glyb,CLJU_RS13485,CLJU_RS13485
GMPS2,gln__L_c,gln__L,CLJU_RS18300,CLJU_RS18300
GLYCK_num1,glyc__R_c,glyc__R,CLJU_RS13885,CLJU_RS13885
GND,6pgc_c,6pgc,CLJU_RS05685,CLJU_RS05685
GCCa_num1,gly_c,gly,CLJU_RS11890,CLJU_RS11890
GCCa_num1,lpro_c,lpro,CLJU_RS11890,CLJU_RS11890
METR,5mthf_c,5mthf,CLJU_RS18495,CLJU_RS18495
METR,cfesp_c,cfesp,CLJU_RS18495,CLJU_RS18495
DHORD5,dhor__S_c,dhor__S,CLJU_RS17575 and CLJU_RS17580,CLJU_RS17575
DHORD5,dhor__S_c,dhor__S,CLJU_RS17575 and CLJU_RS17580,CLJU_RS17580
DHORD5,mqn8_c,mqn8,CLJU_RS17575 and CLJU_RS17580,CLJU_RS17575
DHORD5,mqn8_c,mqn8,CLJU_RS17575 and CLJU_RS17580,CLJU_RS17580
GNK,glcn_c,glcn,CLJU_RS05695,CLJU_RS05695
DHPS,2ahhmp_c,2ahhmp,CLJU_RS03115,CLJU_RS03115
DHPS,4abz_c,4abz,CLJU_RS03115,CLJU_RS03115
GUAD,gua_c,gua,CLJU_RS11785,CLJU_RS11785
HCITS,accoa_c,accoa,CLJU_RS02440,CLJU_RS02440
HCITS,akg_c,akg,CLJU_RS02440,CLJU_RS02440
DHPS2,4abz_c,4abz,CLJU_RS03115,CLJU_RS03115
DHPS2,6hmhptpp_c,6hmhptpp,CLJU_RS03115,CLJU_RS03115
KAS15,accoa_c,accoa,CLJU_RS20780,CLJU_RS20780
KAS15,malACP_c,malACP,CLJU_RS20780,CLJU_RS20780
IPDPS,h2mb4p_c,h2mb4p,CLJU_RS10465,CLJU_RS10465
HAMR_num1,ham_c,ham,CLJU_RS13445,CLJU_RS13445
HXPRT_num1,hxan_c,hxan,CLJU_RS16720,CLJU_RS16720
HXPRT_num1,prpp_c,prpp,CLJU_RS16720,CLJU_RS16720
GUAPRT_num1,gua_c,gua,CLJU_RS20465,CLJU_RS20465
GUAPRT_num1,prpp_c,prpp,CLJU_RS20465,CLJU_RS20465
LYSDC_num1,lys__L_c,lys__L,CLJU_RS16870,CLJU_RS16870
ICDHx,icit_c,icit,CLJU_RS03260,CLJU_RS03260
HYDFDN2r_num1,fdxo_42_c,fdxo_42,CLJU_RS07205 and CLJU_RS07210 and CLJU_RS07215,CLJU_RS07215
HYDFDN2r_num1,fdxo_42_c,fdxo_42,CLJU_RS07205 and CLJU_RS07210 and CLJU_RS07215,CLJU_RS07210
HYDFDN2r_num1,fdxo_42_c,fdxo_42,CLJU_RS07205 and CLJU_RS07210 and CLJU_RS07215,CLJU_RS07205
HEX1,glc__D_c,glc__D,CLJU_RS10220,CLJU_RS10220
HETZK_num1,4mhetz_c,4mhetz,CLJU_RS17275,CLJU_RS17275
HISTD,histd_c,histd,CLJU_RS05730,CLJU_RS05730
HYDFDi_num1,fdxr_42_c,fdxr_42,CLJU_RS18325,CLJU_RS18325
DMATT,dmpp_c,dmpp,CLJU_RS05465,CLJU_RS05465
DMATT,ipdp_c,ipdp,CLJU_RS05465,CLJU_RS05465
IG3PS,gln__L_c,gln__L,CLJU_RS05740 and CLJU_RS05755,CLJU_RS05755
IG3PS,gln__L_c,gln__L,CLJU_RS05740 and CLJU_RS05755,CLJU_RS05740
IG3PS,prlp_c,prlp,CLJU_RS05740 and CLJU_RS05755,CLJU_RS05755
IG3PS,prlp_c,prlp,CLJU_RS05740 and CLJU_RS05755,CLJU_RS05740
HISTP,hisp_c,hisp,CLJU_RS05795,CLJU_RS05795
IGPS,2cpr5p_c,2cpr5p,CLJU_RS07890,CLJU_RS07890
DMPPS,h2mb4p_c,h2mb4p,CLJU_RS10465,CLJU_RS10465
ILETRS,ile__L_c,ile__L,CLJU_RS00920,CLJU_RS00920
ILETRS,trnaile_c,trnaile,CLJU_RS00920,CLJU_RS00920
HMBS,ppbng_c,ppbng,CLJU_RS15760,CLJU_RS15760
HMPK1,4ahmmp_c,4ahmmp,CLJU_RS16285,CLJU_RS16285
HSK,hom__L_c,hom__L,CLJU_RS03525,CLJU_RS03525
DPCOAK,dpcoa_c,dpcoa,CLJU_RS16560,CLJU_RS16560
HSDy_num1,hom__L_c,hom__L,CLJU_RS04950,CLJU_RS04950
HSST,hom__L_c,hom__L,CLJU_RS11970,CLJU_RS11970
HSST,succoa_c,succoa,CLJU_RS11970,CLJU_RS11970
HSTPT,glu__L_c,glu__L,CLJU_RS05750,CLJU_RS05750
HSTPT,imacp_c,imacp,CLJU_RS05750,CLJU_RS05750
ILEt2r,ile__L_e,ile__L,CLJU_RS08715,CLJU_RS08715
ILETA_num1,akg_c,akg,CLJU_RS04310,CLJU_RS04310
ILETA_num1,ile__L_c,ile__L,CLJU_RS04310,CLJU_RS04310
LEUTA_num1,akg_c,akg,CLJU_RS04310,CLJU_RS04310
LEUTA_num1,leu__L_c,leu__L,CLJU_RS04310,CLJU_RS04310
HXAND_num1,hxan_c,hxan,CLJU_RS11600 and CLJU_RS11605 and CLJU_RS11610,CLJU_RS11605
HXAND_num1,hxan_c,hxan,CLJU_RS11600 and CLJU_RS11605 and CLJU_RS11610,CLJU_RS11610
HXAND_num1,hxan_c,hxan,CLJU_RS11600 and CLJU_RS11605 and CLJU_RS11610,CLJU_RS11600
DPR,2dhp_c,2dhp,CLJU_RS08690,CLJU_RS08690
METS,5mthf_c,5mthf,CLJU_RS03270,CLJU_RS03270
METS,hcys__L_c,hcys__L,CLJU_RS03270,CLJU_RS03270
LEUt2r,leu__L_e,leu__L,CLJU_RS08715,CLJU_RS08715
IPPS,3mob_c,3mob,CLJU_RS04460,CLJU_RS04460
IPPS,accoa_c,accoa,CLJU_RS04460,CLJU_RS04460
METTRS,met__L_c,met__L,CLJU_RS00840,CLJU_RS00840
METTRS,trnamet_c,trnamet,CLJU_RS00840,CLJU_RS00840
IPMD_num1,3c2hmp_c,3c2hmp,CLJU_RS19450,CLJU_RS19450
IZPN,4izp_c,4izp,CLJU_RS10540,CLJU_RS10540
IPPMIb,2ippm_c,2ippm,CLJU_RS04465 and CLJU_RS04470,CLJU_RS04465
IPPMIb,2ippm_c,2ippm,CLJU_RS04465 and CLJU_RS04470,CLJU_RS04470
KARA1_num1,23dhmb_c,23dhmb,CLJU_RS10010,CLJU_RS10010
KARA2_num1,2ahbut_c,2ahbut,CLJU_RS10010,CLJU_RS10010
LCARS,lald__L_c,lald__L,CLJU_RS17680,CLJU_RS17680
LDH_D,lac__D_c,lac__D,CLJU_RS15865,CLJU_RS15865
LEUTRS,leu__L_c,leu__L,CLJU_RS01345,CLJU_RS01345
LEUTRS,trnaleu_c,trnaleu,CLJU_RS01345,CLJU_RS01345
MALTHXabc,malthx_e,malthx,CLJU_RS08285,CLJU_RS08285
LYSt2r_num1,lys__L_e,lys__L,CLJU_RS10705,CLJU_RS10705
MALTTRabc,malttr_e,malttr,CLJU_RS08285,CLJU_RS08285
MALTabc,malt_e,malt,CLJU_RS08285,CLJU_RS08285
MAN1PT2_num1,man1p_c,man1p,CLJU_RS02725,CLJU_RS02725
MANpts,man_e,man,CLJU_RS01445,CLJU_RS01445
MANpts,pep_c,pep,CLJU_RS01445,CLJU_RS01445
MDH,mal__L_c,mal__L,CLJU_RS02910,CLJU_RS02910
MTAN,5mta_c,5mta,CLJU_RS05255,CLJU_RS05255
MPTG2ex,murein5p5p_e,murein5p5p,CLJU_RS16730,CLJU_RS16730
MPTG2ex,uaagmda_e,uaagmda,CLJU_RS16730,CLJU_RS16730
ORNDC_num1,orn_c,orn,CLJU_RS16870,CLJU_RS16870
MECDPDH2,2mecdp_c,2mecdp,CLJU_RS06430,CLJU_RS06430
ME1_num1,mal__L_c,mal__L,CLJU_RS15045,CLJU_RS15045
ME2_num1,mal__L_c,mal__L,CLJU_RS02030,CLJU_RS02030
MDDCP1ex_num1,murein5px4p_e,murein5px4p,CLJU_RS05525,CLJU_RS05525
MDDCP2ex_num1,murein5px4px4p_e,murein5px4px4p,CLJU_RS05525,CLJU_RS05525
MTHFD,mlthf_c,mlthf,CLJU_RS18530,CLJU_RS18530
MTHFC_num1,methf_c,methf,CLJU_RS18530,CLJU_RS18530
MTHFR5,fdxo_42_c,fdxo_42,CLJU_RS18520 and CLJU_RS18525,CLJU_RS18525
MTHFR5,fdxo_42_c,fdxo_42,CLJU_RS18520 and CLJU_RS18525,CLJU_RS18520
MTHFR5,mlthf_c,mlthf,CLJU_RS18520 and CLJU_RS18525,CLJU_RS18525
MTHFR5,mlthf_c,mlthf,CLJU_RS18520 and CLJU_RS18525,CLJU_RS18520
NADS1,dnad_c,dnad,CLJU_RS03400,CLJU_RS03400
MDDCP3ex_num1,murein5p5p_e,murein5p5p,CLJU_RS05525,CLJU_RS05525
MDDCP4ex_num1,murein5p4p_e,murein5p4p,CLJU_RS05525,CLJU_RS05525
MEPCT,2me4p_c,2me4p,CLJU_RS20335,CLJU_RS20335
METAT_num1,met__L_c,met__L,CLJU_RS11580,CLJU_RS11580
NADS2,dnad_c,dnad,CLJU_RS03400,CLJU_RS03400
NADS2,gln__L_c,gln__L,CLJU_RS03400,CLJU_RS03400
NAPRT,nac_c,nac,CLJU_RS06595,CLJU_RS06595
NAPRT,prpp_c,prpp,CLJU_RS06595,CLJU_RS06595
PHETRS,phe__L_c,phe__L,CLJU_RS16970,CLJU_RS16970
PHETRS,trnaphe_c,trnaphe,CLJU_RS16970,CLJU_RS16970
PC20M,amet_c,amet,CLJU_RS15715,CLJU_RS15715
PC20M,dscl_c,dscl,CLJU_RS15715,CLJU_RS15715
NFORGLUAH,Nforglu_c,Nforglu,CLJU_RS12030,CLJU_RS12030
PC17M,amet_c,amet,CLJU_RS15700,CLJU_RS15700
PC17M,pre3b_c,pre3b,CLJU_RS15700,CLJU_RS15700
NNAM,ncam_c,ncam,CLJU_RS11390,CLJU_RS11390
PC11M,amet_c,amet,CLJU_RS15710,CLJU_RS15710
PC11M,pre4_c,pre4,CLJU_RS15710,CLJU_RS15710
NIT1b_num1,fdxr_42_c,fdxr_42,CLJU_RS11565,CLJU_RS11565
NIT1b_num1,n2_c,n2,CLJU_RS11565,CLJU_RS11565
NNATr,nicrnt_c,nicrnt,CLJU_RS03645,CLJU_RS03645
NNDMBRT,dmbzid_c,dmbzid,CLJU_RS15740,CLJU_RS15740
NNDMBRT,nicrnt_c,nicrnt,CLJU_RS15740,CLJU_RS15740
PC6AR,pre6a_c,pre6a,CLJU_RS15690,CLJU_RS15690
PC6YM,amet_c,amet,CLJU_RS15725 and CLJU_RS15720,CLJU_RS15725
PC6YM,amet_c,amet,CLJU_RS15725 and CLJU_RS15720,CLJU_RS15720
PC6YM,pre6b_c,pre6b,CLJU_RS15725 and CLJU_RS15720,CLJU_RS15725
PC6YM,pre6b_c,pre6b,CLJU_RS15725 and CLJU_RS15720,CLJU_RS15720
NNDPR_num1,prpp_c,prpp,CLJU_RS12010,CLJU_RS12010
NNDPR_num1,quln_c,quln,CLJU_RS12010,CLJU_RS12010
SDPTA,akg_c,akg,CLJU_RS10560,CLJU_RS10560
SDPTA,sl26da_c,sl26da,CLJU_RS10560,CLJU_RS10560
PUNP1,adn_c,adn,CLJU_RS10190,CLJU_RS10190
PC8XM,pre8_c,pre8,CLJU_RS15735,CLJU_RS15735
SERt2r_num1,ser__L_e,ser__L,CLJU_RS08795,CLJU_RS08795
RBFK,ribflv_c,ribflv,CLJU_RS06475,CLJU_RS06475
PNP,rnam_c,rnam,CLJU_RS10190,CLJU_RS10190
NTRARf,fdxr_42_c,fdxr_42,CLJU_RS11670 and CLJU_RS11665 and CLJU_RS11660,CLJU_RS11660
NTRARf,fdxr_42_c,fdxr_42,CLJU_RS11670 and CLJU_RS11665 and CLJU_RS11660,CLJU_RS11665
NTRARf,fdxr_42_c,fdxr_42,CLJU_RS11670 and CLJU_RS11665 and CLJU_RS11660,CLJU_RS11670
PSD160,ps160_c,ps160,CLJU_RS00340,CLJU_RS00340
PSD161,ps161_c,ps161,CLJU_RS00340,CLJU_RS00340
PSD180,ps180_c,ps180,CLJU_RS00340,CLJU_RS00340
OCTDPS,frdp_c,frdp,CLJU_RS19850,CLJU_RS19850
OCTDPS,ipdp_c,ipdp,CLJU_RS19850,CLJU_RS19850
PSD181,ps181_c,ps181,CLJU_RS00340,CLJU_RS00340
OBTFL_num1,2obut_c,2obut,CLJU_RS05805 and CLJU_RS05810,CLJU_RS05805
OBTFL_num1,2obut_c,2obut,CLJU_RS05805 and CLJU_RS05810,CLJU_RS05810
PMPK,4ampm_c,4ampm,CLJU_RS16285,CLJU_RS16285
NTRIR5,fdxr_42_c,fdxr_42,CLJU_RS11680 and CLJU_RS11685 and CLJU_RS11690,CLJU_RS11685
NTRIR5,fdxr_42_c,fdxr_42,CLJU_RS11680 and CLJU_RS11685 and CLJU_RS11690,CLJU_RS11690
NTRIR5,fdxr_42_c,fdxr_42,CLJU_RS11680 and CLJU_RS11685 and CLJU_RS11690,CLJU_RS11680
PSD140,ps140_c,ps140,CLJU_RS00340,CLJU_RS00340
OMPDC,orot5p_c,orot5p,CLJU_RS17585,CLJU_RS17585
PSERT,3php_c,3php,CLJU_RS00465,CLJU_RS00465
PSERT,glu__L_c,glu__L,CLJU_RS00465,CLJU_RS00465
PAPPT3,udcpp_c,udcpp,CLJU_RS05200,CLJU_RS05200
PAPPT3,ugmda_c,ugmda,CLJU_RS05200,CLJU_RS05200
PSSA120,cdpdddecg_c,cdpdddecg,CLJU_RS01425,CLJU_RS01425
PSSA120,ser__L_c,ser__L,CLJU_RS01425,CLJU_RS01425
PSP_L_num1,pser__L_c,pser__L,CLJU_RS04615,CLJU_RS04615
OCBT_num1,cbp_c,cbp,CLJU_RS13835,CLJU_RS13835
OCBT_num1,orn_c,orn,CLJU_RS13835,CLJU_RS13835
ORPT,orot5p_c,orot5p,CLJU_RS17570,CLJU_RS17570
P5CR,1pyr5c_c,1pyr5c,CLJU_RS18405,CLJU_RS18405
PSSA140,cdpdtdecg_c,cdpdtdecg,CLJU_RS01425,CLJU_RS01425
PSSA140,ser__L_c,ser__L,CLJU_RS01425,CLJU_RS01425
PC,hco3_c,hco3,CLJU_RS18410,CLJU_RS18410
PC,pyr_c,pyr,CLJU_RS18410,CLJU_RS18410
PSSA160,cdpdhdecg_c,cdpdhdecg,CLJU_RS01425,CLJU_RS01425
PSSA160,ser__L_c,ser__L,CLJU_RS01425,CLJU_RS01425
PSSA161,cdpdhdec9eg_c,cdpdhdec9eg,CLJU_RS01425,CLJU_RS01425
PSSA161,ser__L_c,ser__L,CLJU_RS01425,CLJU_RS01425
PSSA180,cdpdodecg_c,cdpdodecg,CLJU_RS01425,CLJU_RS01425
PSSA180,ser__L_c,ser__L,CLJU_RS01425,CLJU_RS01425
PTA2,ppcoa_c,ppcoa,CLJU_RS06260,CLJU_RS06260
PTAr,accoa_c,accoa,CLJU_RS06260,CLJU_RS06260
P5CRx,1pyr5c_c,1pyr5c,CLJU_RS18405,CLJU_RS18405
PTPATi,pan4p_c,pan4p,CLJU_RS06240,CLJU_RS06240
PYK,pep_c,pep,CLJU_RS01595,CLJU_RS01595
PTRCabc,ptrc_e,ptrc,CLJU_RS10680 and CLJU_RS10675 and CLJU_RS10670 and CLJU_RS10665,CLJU_RS10665
PTRCabc,ptrc_e,ptrc,CLJU_RS10680 and CLJU_RS10675 and CLJU_RS10670 and CLJU_RS10665,CLJU_RS10670
PTRCabc,ptrc_e,ptrc,CLJU_RS10680 and CLJU_RS10675 and CLJU_RS10670 and CLJU_RS10665,CLJU_RS10680
PTRCabc,ptrc_e,ptrc,CLJU_RS10680 and CLJU_RS10675 and CLJU_RS10670 and CLJU_RS10665,CLJU_RS10675
PGCD_num1,3pg_c,3pg,CLJU_RS16155,CLJU_RS16155
PYNP1,csn_c,csn,CLJU_RS08925,CLJU_RS08925
PYNP1,r1p_c,r1p,CLJU_RS08925,CLJU_RS08925
PFK_num1,f6p_c,f6p,CLJU_RS01590,CLJU_RS01590
QULNS,dhap_c,dhap,CLJU_RS12020,CLJU_RS12020
QULNS,iasp_c,iasp,CLJU_RS12020,CLJU_RS12020
RBFSa,4r5au_c,4r5au,CLJU_RS10825,CLJU_RS10825
RBFSa,db4p_c,db4p,CLJU_RS10825,CLJU_RS10825
RBK_L1,rbl__L_c,rbl__L,CLJU_RS00595,CLJU_RS00595
PFK_2_num1,tag6p__D_c,tag6p__D,CLJU_RS01590,CLJU_RS01590
RIBFLVt2,ribflv_e,ribflv,CLJU_RS01315,CLJU_RS01315
PFK_3_num1,s7p_c,s7p,CLJU_RS01590,CLJU_RS01590
RIBabc,rib__D_e,rib__D,CLJU_RS00620 and CLJU_RS00615 and CLJU_RS00625,CLJU_RS00615
RIBabc,rib__D_e,rib__D,CLJU_RS00620 and CLJU_RS00615 and CLJU_RS00625,CLJU_RS00625
RIBabc,rib__D_e,rib__D,CLJU_RS00620 and CLJU_RS00615 and CLJU_RS00625,CLJU_RS00620
PGK,3pg_c,3pg,CLJU_RS19270,CLJU_RS19270
RMK,rml_c,rml,CLJU_RS20995,CLJU_RS20995
RMNt,rmn_e,rmn,CLJU_RS20980,CLJU_RS20980
RNDR1,trdrd_c,trdrd,CLJU_RS03365,CLJU_RS03365
RNDR2,trdrd_c,trdrd,CLJU_RS03365,CLJU_RS03365
RNDR3,trdrd_c,trdrd,CLJU_RS03365,CLJU_RS03365
RNDR4,trdrd_c,trdrd,CLJU_RS03365,CLJU_RS03365
SHSL2r,suchms_c,suchms,CLJU_RS03265,CLJU_RS03265
RNTR2,trdrd_c,trdrd,CLJU_RS00895,CLJU_RS00895
RNF,fdxr_42_c,fdxr_42,CLJU_RS05590 and CLJU_RS05595 and CLJU_RS05570 and CLJU_RS05575 and CLJU_RS05585 and CLJU_RS05580,CLJU_RS05590
RNF,fdxr_42_c,fdxr_42,CLJU_RS05590 and CLJU_RS05595 and CLJU_RS05570 and CLJU_RS05575 and CLJU_RS05585 and CLJU_RS05580,CLJU_RS05585
RNF,fdxr_42_c,fdxr_42,CLJU_RS05590 and CLJU_RS05595 and CLJU_RS05570 and CLJU_RS05575 and CLJU_RS05585 and CLJU_RS05580,CLJU_RS05570
RNF,fdxr_42_c,fdxr_42,CLJU_RS05590 and CLJU_RS05595 and CLJU_RS05570 and CLJU_RS05575 and CLJU_RS05585 and CLJU_RS05580,CLJU_RS05595
RNF,fdxr_42_c,fdxr_42,CLJU_RS05590 and CLJU_RS05595 and CLJU_RS05570 and CLJU_RS05575 and CLJU_RS05585 and CLJU_RS05580,CLJU_RS05580
RNF,fdxr_42_c,fdxr_42,CLJU_RS05590 and CLJU_RS05595 and CLJU_RS05570 and CLJU_RS05575 and CLJU_RS05585 and CLJU_RS05580,CLJU_RS05575
RNTR3,trdrd_c,trdrd,CLJU_RS00895,CLJU_RS00895
RNTR4,trdrd_c,trdrd,CLJU_RS00895,CLJU_RS00895
THFGLUS,glu__L_c,glu__L,CLJU_RS17100,CLJU_RS17100
THFGLUS,thf_c,thf,CLJU_RS17100,CLJU_RS17100
PGSA120,cdpdddecg_c,cdpdddecg,CLJU_RS06515,CLJU_RS06515
PGSA120,glyc3p_c,glyc3p,CLJU_RS06515,CLJU_RS06515
TMK,thm_c,thm,CLJU_RS00680,CLJU_RS00680
RNTR1,trdrd_c,trdrd,CLJU_RS00895,CLJU_RS00895
UAGDP,acgam1p_c,acgam1p,CLJU_RS20585,CLJU_RS20585
RZ5PP,5prdmbz_c,5prdmbz,CLJU_RS17500,CLJU_RS17500
PGSA140,cdpdtdecg_c,cdpdtdecg,CLJU_RS06515,CLJU_RS06515
PGSA140,glyc3p_c,glyc3p,CLJU_RS06515,CLJU_RS06515
TYRTA_num1,akg_c,akg,CLJU_RS06550,CLJU_RS06550
TYRTA_num1,tyr__L_c,tyr__L,CLJU_RS06550,CLJU_RS06550
SDPDS,sl26da_c,sl26da,CLJU_RS08540,CLJU_RS08540
PGSA160,cdpdhdecg_c,cdpdhdecg,CLJU_RS06515,CLJU_RS06515
PGSA160,glyc3p_c,glyc3p,CLJU_RS06515,CLJU_RS06515
SERAT,accoa_c,accoa,CLJU_RS19350,CLJU_RS19350
SERAT,ser__L_c,ser__L,CLJU_RS19350,CLJU_RS19350
SHKK,skm_c,skm,CLJU_RS14360,CLJU_RS14360
PGSA161,cdpdhdec9eg_c,cdpdhdec9eg,CLJU_RS06515,CLJU_RS06515
PGSA161,glyc3p_c,glyc3p,CLJU_RS06515,CLJU_RS06515
SHK3Dr_num1,3dhsk_c,3dhsk,CLJU_RS14185,CLJU_RS14185
SPMS,ametam_c,ametam,CLJU_RS13925,CLJU_RS13925
SPMS,ptrc_c,ptrc,CLJU_RS13925,CLJU_RS13925
SELNPS_num1,seln_c,seln,CLJU_RS03675,CLJU_RS03675
SERTRS,ser__L_c,ser__L,CLJU_RS00085,CLJU_RS00085
SERTRS,trnaser_c,trnaser,CLJU_RS00085,CLJU_RS00085
PHETA1_num1,akg_c,akg,CLJU_RS06550,CLJU_RS06550
PHETA1_num1,phe__L_c,phe__L,CLJU_RS06550,CLJU_RS06550
SHCHCC,dscl_c,dscl,CLJU_RS15695,CLJU_RS15695
SHCHF,scl_c,scl,CLJU_RS15765,CLJU_RS15765
SHCHD2,dscl_c,dscl,CLJU_RS15765,CLJU_RS15765
SSALx,sucsal_c,sucsal,CLJU_RS13875,CLJU_RS13875
UAAGDS,26dap__M_c,26dap__M,CLJU_RS05190,CLJU_RS05190
UAAGDS,uamag_c,uamag,CLJU_RS05190,CLJU_RS05190
XYLabc,xyl__D_e,xyl__D,CLJU_c32270,CLJU_c32270
TAURabc,taur_e,taur,CLJU_RS13065 and CLJU_RS13070 and CLJU_RS13075,CLJU_RS13075
TAURabc,taur_e,taur,CLJU_RS13065 and CLJU_RS13070 and CLJU_RS13075,CLJU_RS13065
TAURabc,taur_e,taur,CLJU_RS13065 and CLJU_RS13070 and CLJU_RS13075,CLJU_RS13070
PNTK,pnto__R_c,pnto__R,CLJU_RS20455,CLJU_RS20455
SULR3,fdxr_42_c,fdxr_42,CLJU_RS12550 and CLJU_RS12555,CLJU_RS12550
SULR3,fdxr_42_c,fdxr_42,CLJU_RS12550 and CLJU_RS12555,CLJU_RS12555
TALA_num1,g3p_c,g3p,CLJU_RS12790,CLJU_RS12790
TALA_num1,s7p_c,s7p,CLJU_RS12790,CLJU_RS12790
THDPS,succoa_c,succoa,CLJU_RS17065,CLJU_RS17065
THDPS,thdp_c,thdp,CLJU_RS17065,CLJU_RS17065
PLPS,g3p_c,g3p,CLJU_RS19490 and CLJU_RS19495,CLJU_RS19495
PLPS,g3p_c,g3p,CLJU_RS19490 and CLJU_RS19495,CLJU_RS19490
PLPS,gln__L_c,gln__L,CLJU_RS19490 and CLJU_RS19495,CLJU_RS19495
PLPS,gln__L_c,gln__L,CLJU_RS19490 and CLJU_RS19495,CLJU_RS19490
PLPS,r5p_c,r5p,CLJU_RS19490 and CLJU_RS19495,CLJU_RS19495
PLPS,r5p_c,r5p,CLJU_RS19490 and CLJU_RS19495,CLJU_RS19490
TDPDRR_num1,dtdp4d6dm_c,dtdp4d6dm,CLJU_RS02625,CLJU_RS02625
THRPDC,thrp_c,thrp,CLJU_RS15770,CLJU_RS15770
POR_num1,fdxo_42_c,fdxo_42,CLJU_RS04605,CLJU_RS04605
POR_num1,pyr_c,pyr,CLJU_RS04605,CLJU_RS04605
TMN,thm_c,thm,CLJU_RS12520,CLJU_RS12520
TKT1_num1,r5p_c,r5p,CLJU_RS01495 and CLJU_RS01500,CLJU_RS01500
TKT1_num1,r5p_c,r5p,CLJU_RS01495 and CLJU_RS01500,CLJU_RS01495
TKT1_num1,xu5p__D_c,xu5p__D,CLJU_RS01495 and CLJU_RS01500,CLJU_RS01500
TKT1_num1,xu5p__D_c,xu5p__D,CLJU_RS01495 and CLJU_RS01500,CLJU_RS01495
3OAR40_num1,actACP_c,actACP,CLJU_RS17225,CLJU_RS17225
3OAR60_num1,3ohexACP_c,3ohexACP,CLJU_RS17225,CLJU_RS17225
TMPPP_num1,2mahmp_c,2mahmp,CLJU_RS06600,CLJU_RS06600
TMPPP_num1,4mpetz_c,4mpetz,CLJU_RS06600,CLJU_RS06600
TRPt2r,trp__L_e,trp__L,CLJU_RS14305,CLJU_RS14305
TRDR_num1,trdox_c,trdox,CLJU_RS13735,CLJU_RS13735
TRPS2,indole_c,indole,CLJU_RS07900,CLJU_RS07900
TRPS2,ser__L_c,ser__L,CLJU_RS07900,CLJU_RS07900
TRPS1,3ig3p_c,3ig3p,CLJU_RS07905 and CLJU_RS07900,CLJU_RS07905
TRPS1,3ig3p_c,3ig3p,CLJU_RS07905 and CLJU_RS07900,CLJU_RS07900
TRPS1,ser__L_c,ser__L,CLJU_RS07905 and CLJU_RS07900,CLJU_RS07905
TRPS1,ser__L_c,ser__L,CLJU_RS07905 and CLJU_RS07900,CLJU_RS07900
3OAR80_num1,3ooctACP_c,3ooctACP,CLJU_RS17225,CLJU_RS17225
KAS14,acACP_c,acACP,CLJU_RS20760,CLJU_RS20760
KAS14,malACP_c,malACP,CLJU_RS20760,CLJU_RS20760
TRSARr_num1,2h3oppan_c,2h3oppan,CLJU_RS13875,CLJU_RS13875
THRS_num1,phom_c,phom,CLJU_RS16355,CLJU_RS16355
PTRCTA,akg_c,akg,CLJU_RS10045,CLJU_RS10045
PTRCTA,ptrc_c,ptrc,CLJU_RS10045,CLJU_RS10045
UAMAGS,glu__D_c,glu__D,CLJU_RS20420,CLJU_RS20420
UAMAGS,uama_c,uama,CLJU_RS20420,CLJU_RS20420
ALCD4_num1,btoh_c,btoh,CLJU_RS08100,CLJU_RS08100
PPNCL2,4ppan_c,4ppan,CLJU_RS06155,CLJU_RS06155
PPNCL2,cys__L_c,cys__L,CLJU_RS06155,CLJU_RS06155
BTCOARx_num1,btcoa_c,btcoa,CLJU_RS08100,CLJU_RS08100
UAGCVT_num1,pep_c,pep,CLJU_RS01205,CLJU_RS01205
UAGCVT_num1,uacgam_c,uacgam,CLJU_RS01205,CLJU_RS01205
UAG2EMA_num1,uacgam_c,uacgam,CLJU_RS01150,CLJU_RS01150
URAt2_num1,ura_e,ura,CLJU_RS05270,CLJU_RS05270
UAGPT3_num1,uacgam_c,uacgam,CLJU_RS01055,CLJU_RS01055
UAGPT3_num1,uagmda_c,uagmda,CLJU_RS01055,CLJU_RS01055
PPCDC,4ppcys_c,4ppcys,CLJU_RS06155,CLJU_RS06155
UAMAS,ala__L_c,ala__L,CLJU_RS20600,CLJU_RS20600
UAMAS,uamr_c,uamr,CLJU_RS20600,CLJU_RS20600
UAPGR,uaccg_c,uaccg,CLJU_RS01560,CLJU_RS01560
ORNTAC,acorn_c,acorn,CLJU_RS10570,CLJU_RS10570
ORNTAC,glu__L_c,glu__L,CLJU_RS10570,CLJU_RS10570
PPAKr,ppap_c,ppap,CLJU_RS06265,CLJU_RS06265
DADA,dad_2_c,dad_2,CLJU_RS13960,CLJU_RS13960
UDCPDPS_num1,frdp_c,frdp,CLJU_RS06410,CLJU_RS06410
UDCPDPS_num1,ipdp_c,ipdp,CLJU_RS06410,CLJU_RS06410
UDCPDP_num1,udcpdp_c,udcpdp,CLJU_RS07805,CLJU_RS07805
UDCPDPex_num1,udcpdp_e,udcpdp,CLJU_RS07805,CLJU_RS07805
AGPAT140_num1,1tdecg3p_c,1tdecg3p,CLJU_RS19340,CLJU_RS19340
AGPAT140_num1,myrsACP_c,myrsACP,CLJU_RS19340,CLJU_RS19340
AGPAT160_num1,1hdecg3p_c,1hdecg3p,CLJU_RS19340,CLJU_RS19340
AGPAT160_num1,palmACP_c,palmACP,CLJU_RS19340,CLJU_RS19340
PPCK,oaa_c,oaa,CLJU_RS03050,CLJU_RS03050
AGPAT161_num1,1hdec9eg3p_c,1hdec9eg3p,CLJU_RS03245,CLJU_RS03245
AGPAT161_num1,hdeACP_c,hdeACP,CLJU_RS03245,CLJU_RS03245
UDPGD,udpg_c,udpg,CLJU_RS16810,CLJU_RS16810
UGMDDS,alaala_c,alaala,CLJU_RS05195,CLJU_RS05195
UGMDDS,ugmd_c,ugmd,CLJU_RS05195,CLJU_RS05195
ALCD2x_num1,etoh_c,etoh,CLJU_RS05830,CLJU_RS05830
PPDK,pyr_c,pyr,CLJU_RS04010,CLJU_RS04010
URIK2,uri_c,uri,CLJU_RS01390,CLJU_RS01390
AGPAT180_num1,1odecg3p_c,1odecg3p,CLJU_RS03245,CLJU_RS03245
AGPAT180_num1,ocdcaACP_c,ocdcaACP,CLJU_RS03245,CLJU_RS03245
AGPAT181_num1,1odec11eg3p_c,1odec11eg3p,CLJU_RS03245,CLJU_RS03245
AGPAT181_num1,octeACP_c,octeACP,CLJU_RS03245,CLJU_RS03245
URIK3,uri_c,uri,CLJU_RS01390,CLJU_RS01390
URIK1,uri_c,uri,CLJU_RS01390,CLJU_RS01390
PPND,pphn_c,pphn,CLJU_RS14390,CLJU_RS14390
HSERTA,accoa_c,accoa,CLJU_RS03265,CLJU_RS03265
HSERTA,hom__L_c,hom__L,CLJU_RS03265,CLJU_RS03265
PRAGSr,gly_c,gly,CLJU_RS04235,CLJU_RS04235
PRAGSr,pram_c,pram,CLJU_RS04235,CLJU_RS04235
PPNDH_num1,pphn_c,pphn,CLJU_RS14370,CLJU_RS14370
XAND_num1,xan_c,xan,CLJU_RS11600 and CLJU_RS11605 and CLJU_RS11610,CLJU_RS11605
XAND_num1,xan_c,xan,CLJU_RS11600 and CLJU_RS11605 and CLJU_RS11610,CLJU_RS11610
XAND_num1,xan_c,xan,CLJU_RS11600 and CLJU_RS11605 and CLJU_RS11610,CLJU_RS11600
VALt2r,val__L_e,val__L,CLJU_RS08715,CLJU_RS08715
ASPTA_num1,akg_c,akg,CLJU_RS10450,CLJU_RS10450
ASPTA_num1,asp__L_c,asp__L,CLJU_RS10450,CLJU_RS10450
VALTA_num1,akg_c,akg,CLJU_RS04310,CLJU_RS04310
VALTA_num1,val__L_c,val__L,CLJU_RS04310,CLJU_RS04310
MCOATA,ACP_c,ACP,CLJU_RS06285 and CLJU_RS20770,CLJU_RS20770
MCOATA,ACP_c,ACP,CLJU_RS06285 and CLJU_RS20770,CLJU_RS06285
MCOATA,malcoa_c,malcoa,CLJU_RS06285 and CLJU_RS20770,CLJU_RS20770
MCOATA,malcoa_c,malcoa,CLJU_RS06285 and CLJU_RS20770,CLJU_RS06285
CYSTGL,cyst__L_c,cyst__L,CLJU_RS11995,CLJU_RS11995
UPP3MT,amet_c,amet,CLJU_RS15755,CLJU_RS15755
UPP3MT,uppg3_c,uppg3,CLJU_RS15755,CLJU_RS15755
PRAIS,fpram_c,fpram,CLJU_RS04220,CLJU_RS04220
URCN,urcan_c,urcan,CLJU_RS10545,CLJU_RS10545
UPPRT_num1,prpp_c,prpp,CLJU_RS01135,CLJU_RS01135
UPPRT_num1,ura_c,ura,CLJU_RS01135,CLJU_RS01135
VALTRS,trnaval_c,trnaval,CLJU_RS17105,CLJU_RS17105
VALTRS,val__L_c,val__L,CLJU_RS17105,CLJU_RS17105
DAGK140,12dgr140_c,12dgr140,CLJU_RS03985,CLJU_RS03985
DAGK160,12dgr160_c,12dgr160,CLJU_RS03985,CLJU_RS03985
PRAMPC,prbamp_c,prbamp,CLJU_RS05760,CLJU_RS05760
DAGK161,12dgr161_c,12dgr161,CLJU_RS03985,CLJU_RS03985
DAGK180,12dgr180_c,12dgr180,CLJU_RS03985,CLJU_RS03985
DAGK181,12dgr181_c,12dgr181,CLJU_RS03985,CLJU_RS03985
XPPT,prpp_c,prpp,CLJU_RS07410,CLJU_RS07410
XPPT,xan_c,xan,CLJU_RS07410,CLJU_RS07410
XANt2_num1,xan_e,xan,CLJU_RS11730,CLJU_RS11730
GLYt2r_num1,gly_e,gly,CLJU_RS04100,CLJU_RS04100
PRASCSi,5aizc_c,5aizc,CLJU_RS04210,CLJU_RS04210
PRASCSi,asp__L_c,asp__L,CLJU_RS04210,CLJU_RS04210
PRATPP,prbatp_c,prbatp,CLJU_RS05765,CLJU_RS05765
XYLt2,xyl__D_e,xyl__D,CLJU_RS08975,CLJU_RS08975
XYLK_num1,xylu__D_c,xylu__D,CLJU_RS05675,CLJU_RS05675
PUNP2,dad_2_c,dad_2,CLJU_RS10190,CLJU_RS10190
PUNP3,gsn_c,gsn,CLJU_RS10190,CLJU_RS10190
PUNP4,dgsn_c,dgsn,CLJU_RS10190,CLJU_RS10190
EAR161x,t3c9palmeACP_c,t3c9palmeACP,CLJU_RS20775,CLJU_RS20775
EAR180x,toctd2eACP_c,toctd2eACP,CLJU_RS20775,CLJU_RS20775
EAR181x,t3c11vaceACP_c,t3c11vaceACP,CLJU_RS20775,CLJU_RS20775
PUNP5,ins_c,ins,CLJU_RS10190,CLJU_RS10190
PRFGS,fgam_c,fgam,CLJU_RS05660,CLJU_RS05660
PRFGS,gln__L_c,gln__L,CLJU_RS05660,CLJU_RS05660
PUNP6,din_c,din,CLJU_RS10190,CLJU_RS10190
PUNP7,xtsn_c,xtsn,CLJU_RS10190,CLJU_RS10190
EAR40x,but2eACP_c,but2eACP,CLJU_RS20775,CLJU_RS20775
EAR60x,thex2eACP_c,thex2eACP,CLJU_RS20775,CLJU_RS20775
EAR80x,toct2eACP_c,toct2eACP,CLJU_RS20775,CLJU_RS20775
SPMDabc,spmd_e,spmd,CLJU_RS10680 and CLJU_RS10675 and CLJU_RS10670 and CLJU_RS10665,CLJU_RS10665
SPMDabc,spmd_e,spmd,CLJU_RS10680 and CLJU_RS10675 and CLJU_RS10670 and CLJU_RS10665,CLJU_RS10670
SPMDabc,spmd_e,spmd,CLJU_RS10680 and CLJU_RS10675 and CLJU_RS10670 and CLJU_RS10665,CLJU_RS10680
SPMDabc,spmd_e,spmd,CLJU_RS10680 and CLJU_RS10675 and CLJU_RS10670 and CLJU_RS10665,CLJU_RS10675
MOBDabc_num1,mobd_e,mobd,CLJU_RS10870 and CLJU_RS10880 and CLJU_RS10875,CLJU_RS10880
MOBDabc_num1,mobd_e,mobd,CLJU_RS10870 and CLJU_RS10880 and CLJU_RS10875,CLJU_RS10870
MOBDabc_num1,mobd_e,mobd,CLJU_RS10870 and CLJU_RS10880 and CLJU_RS10875,CLJU_RS10875
EAR120x,tddec2eACP_c,tddec2eACP,CLJU_RS20775,CLJU_RS20775
EAR121x,t3c5ddeceACP_c,t3c5ddeceACP,CLJU_RS20775,CLJU_RS20775
EAR140x,tmrs2eACP_c,tmrs2eACP,CLJU_RS20775,CLJU_RS20775
EAR141x,t3c7mrseACP_c,t3c7mrseACP,CLJU_RS20775,CLJU_RS20775
PROt4,pro__L_e,pro__L,CLJU_RS10075,CLJU_RS10075
EAR160x,tpalm2eACP_c,tpalm2eACP,CLJU_RS20775,CLJU_RS20775
HYDFDN_num1,fdxr_42_c,fdxr_42,CLJU_RS03460 and CLJU_RS03465 and CLJU_RS03470 and CLJU_RS03475 and CLJU_RS03480,CLJU_RS03475
HYDFDN_num1,fdxr_42_c,fdxr_42,CLJU_RS03460 and CLJU_RS03465 and CLJU_RS03470 and CLJU_RS03475 and CLJU_RS03480,CLJU_RS03480
HYDFDN_num1,fdxr_42_c,fdxr_42,CLJU_RS03460 and CLJU_RS03465 and CLJU_RS03470 and CLJU_RS03475 and CLJU_RS03480,CLJU_RS03470
HYDFDN_num1,fdxr_42_c,fdxr_42,CLJU_RS03460 and CLJU_RS03465 and CLJU_RS03470 and CLJU_RS03475 and CLJU_RS03480,CLJU_RS03465
HYDFDN_num1,fdxr_42_c,fdxr_42,CLJU_RS03460 and CLJU_RS03465 and CLJU_RS03470 and CLJU_RS03475 and CLJU_RS03480,CLJU_RS03460
PRPPS,r5p_c,r5p,CLJU_RS20580,CLJU_RS20580
GCCc_num1,dhlpro_c,dhlpro,CLJU_RS11890,CLJU_RS11890
PSCVT,pep_c,pep,CLJU_RS14380,CLJU_RS14380
PSCVT,skm5p_c,skm5p,CLJU_RS14380,CLJU_RS14380
GLYCL_num1,gly_c,gly,CLJU_RS11890,CLJU_RS11890
GLYCL_num1,thf_c,thf,CLJU_RS11890,CLJU_RS11890
PSD120,ps120_c,ps120,CLJU_RS00340,CLJU_RS00340
MDDCP5ex_num1,murein5p3p_e,murein5p3p,CLJU_RS05525,CLJU_RS05525
HYD2,mqn8_c,mqn8,CLJU_RS14130 and CLJU_c28650 and CLJU_RS14140 and CLJU_RS14145) and (CLJU_RS11345 and CLJU_RS11350 and CLJU_RS11355 and CLJU_RS11360,CLJU_RS11350
HYD2,mqn8_c,mqn8,CLJU_RS14130 and CLJU_c28650 and CLJU_RS14140 and CLJU_RS14145) and (CLJU_RS11345 and CLJU_RS11350 and CLJU_RS11355 and CLJU_RS11360,CLJU_RS14130
HYD2,mqn8_c,mqn8,CLJU_RS14130 and CLJU_c28650 and CLJU_RS14140 and CLJU_RS14145) and (CLJU_RS11345 and CLJU_RS11350 and CLJU_RS11355 and CLJU_RS11360,CLJU_RS11360
HYD2,mqn8_c,mqn8,CLJU_RS14130 and CLJU_c28650 and CLJU_RS14140 and CLJU_RS14145) and (CLJU_RS11345 and CLJU_RS11350 and CLJU_RS11355 and CLJU_RS11360,CLJU_RS14145
HYD2,mqn8_c,mqn8,CLJU_RS14130 and CLJU_c28650 and CLJU_RS14140 and CLJU_RS14145) and (CLJU_RS11345 and CLJU_RS11350 and CLJU_RS11355 and CLJU_RS11360,CLJU_c28650
HYD2,mqn8_c,mqn8,CLJU_RS14130 and CLJU_c28650 and CLJU_RS14140 and CLJU_RS14145) and (CLJU_RS11345 and CLJU_RS11350 and CLJU_RS11355 and CLJU_RS11360,CLJU_RS14140
HYD2,mqn8_c,mqn8,CLJU_RS14130 and CLJU_c28650 and CLJU_RS14140 and CLJU_RS14145) and (CLJU_RS11345 and CLJU_RS11350 and CLJU_RS11355 and CLJU_RS11360,CLJU_RS11355
HYD2,mqn8_c,mqn8,CLJU_RS14130 and CLJU_c28650 and CLJU_RS14140 and CLJU_RS14145) and (CLJU_RS11345 and CLJU_RS11350 and CLJU_RS11355 and CLJU_RS11360,CLJU_RS11345
TKT2_num1,e4p_c,e4p,CLJU_RS01495 and CLJU_RS01500,CLJU_RS01500
TKT2_num1,e4p_c,e4p,CLJU_RS01495 and CLJU_RS01500,CLJU_RS01495
TKT2_num1,xu5p__D_c,xu5p__D,CLJU_RS01495 and CLJU_RS01500,CLJU_RS01500
TKT2_num1,xu5p__D_c,xu5p__D,CLJU_RS01495 and CLJU_RS01500,CLJU_RS01495
PFL_num1,pyr_c,pyr,CLJU_RS19615 and CLJU_RS19620,CLJU_RS19615
PFL_num1,pyr_c,pyr,CLJU_RS19615 and CLJU_RS19620,CLJU_RS19620
PGSA180,cdpdodecg_c,cdpdodecg,CLJU_RS06515,CLJU_RS06515
PGSA180,glyc3p_c,glyc3p,CLJU_RS06515,CLJU_RS06515
PGSA181,cdpdodec11eg_c,cdpdodec11eg,CLJU_RS06515,CLJU_RS06515
PGSA181,glyc3p_c,glyc3p,CLJU_RS06515,CLJU_RS06515
PSSA181,cdpdodec11eg_c,cdpdodec11eg,CLJU_RS01425,CLJU_RS01425
PSSA181,ser__L_c,ser__L,CLJU_RS01425,CLJU_RS01425
3OAR100_reverse_num1,3hdecACP_c,3hdecACP,CLJU_RS17225,CLJU_RS17225
3OAR120_reverse_num1,3hddecACP_c,3hddecACP,CLJU_RS17225,CLJU_RS17225
3OAR140_reverse_num1,3hmrsACP_c,3hmrsACP,CLJU_RS17225,CLJU_RS17225
3OAR160_reverse_num1,3hpalmACP_c,3hpalmACP,CLJU_RS20765,CLJU_RS20765
3OAR180_reverse_num1,3hoctaACP_c,3hoctaACP,CLJU_RS20765,CLJU_RS20765
ACKr_reverse,actp_c,actp,CLJU_RS06265,CLJU_RS06265
ACOTA_reverse,acg5sa_c,acg5sa,CLJU_RS10560,CLJU_RS10560
ACOTA_reverse,glu__L_c,glu__L,CLJU_RS10560,CLJU_RS10560
ACONTa_reverse_num1,acon_C_c,acon_C,CLJU_RS03255,CLJU_RS03255
ACOATA_reverse,acACP_c,acACP,CLJU_RS06285 and CLJU_RS20780,CLJU_RS20780
ACOATA_reverse,acACP_c,acACP,CLJU_RS06285 and CLJU_RS20780,CLJU_RS06285
AGPR_reverse,acg5p_c,acg5p,CLJU_RS10575,CLJU_RS10575
AIRCr_reverse,5aizc_c,5aizc,CLJU_RS04205,CLJU_RS04205
AICART_reverse_num1,fprica_c,fprica,CLJU_RS04230,CLJU_RS04230
AICART_reverse_num1,thf_c,thf,CLJU_RS04230,CLJU_RS04230
ALAALAr_reverse,alaala_c,alaala,CLJU_RS15825,CLJU_RS15825
ALATA_L_reverse,glu__L_c,glu__L,CLJU_RS10450,CLJU_RS10450
ALATA_L_reverse,pyr_c,pyr,CLJU_RS10450,CLJU_RS10450
ALLTNt2r_reverse_num1,alltn_c,alltn,CLJU_RS07525,CLJU_RS07525
ASPK_reverse_num1,4pasp_c,4pasp,CLJU_RS16210,CLJU_RS16210
BTDD_RR_reverse,actn__R_c,actn__R,CLJU_RS11425,CLJU_RS11425
ARBt2r_reverse,arab__L_c,arab__L,CLJU_RS00610,CLJU_RS00610
CBIAT_reverse,adocbi_c,adocbi,CLJU_RS15680,CLJU_RS15680
CBLAT_reverse,adocbl_c,adocbl,CLJU_RS15680,CLJU_RS15680
CBMKr_reverse_num1,cbp_c,cbp,CLJU_RS13830,CLJU_RS13830
ARGSL_reverse,arg__L_c,arg__L,CLJU_RS03300,CLJU_RS03300
ARGSL_reverse,fum_c,fum,CLJU_RS03300,CLJU_RS03300
ASAD_reverse,4pasp_c,4pasp,CLJU_RS17045,CLJU_RS17045
ARGt2r_reverse_num1,arg__L_c,arg__L,CLJU_RS02325 and CLJU_RS02330,CLJU_RS02330
ARGt2r_reverse_num1,arg__L_c,arg__L,CLJU_RS02325 and CLJU_RS02330,CLJU_RS02325
CLPNS120_reverse_num1,clpn120_c,clpn120,CLJU_RS14325,CLJU_RS14325
CLPNS120_reverse_num1,glyc_c,glyc,CLJU_RS14325,CLJU_RS14325
CLPNS140_reverse_num1,clpn140_c,clpn140,CLJU_RS14325,CLJU_RS14325
CLPNS140_reverse_num1,glyc_c,glyc,CLJU_RS14325,CLJU_RS14325
CLPNS160_reverse_num1,clpn160_c,clpn160,CLJU_RS14325,CLJU_RS14325
CLPNS160_reverse_num1,glyc_c,glyc,CLJU_RS14325,CLJU_RS14325
D_LACt2_reverse,lac__D_c,lac__D,CLJU_RS10610,CLJU_RS10610
DURAD_reverse,ura_c,ura,CLJU_RS17650,CLJU_RS17650
DURIPP_reverse,2dr1p_c,2dr1p,CLJU_RS10190,CLJU_RS10190
DURIPP_reverse,ura_c,ura,CLJU_RS10190,CLJU_RS10190
ENO_reverse,pep_c,pep,CLJU_RS19255,CLJU_RS19255
FACOAL140_reverse,tdcoa_c,tdcoa,CLJU_RS19395,CLJU_RS19395
FACOAL160_reverse,pmtcoa_c,pmtcoa,CLJU_RS19395,CLJU_RS19395
FACOAL180_reverse,stcoa_c,stcoa,CLJU_RS19395,CLJU_RS19395
FBA_reverse,dhap_c,dhap,CLJU_RS01375,CLJU_RS01375
FBA_reverse,g3p_c,g3p,CLJU_RS01375,CLJU_RS01375
FBA3_reverse,dhap_c,dhap,CLJU_RS00320,CLJU_RS00320
FBA3_reverse,e4p_c,e4p,CLJU_RS00320,CLJU_RS00320
DDPGA_reverse_num1,glx_c,glx,CLJU_RS05705,CLJU_RS05705
DDPGA_reverse_num1,pyr_c,pyr,CLJU_RS05705,CLJU_RS05705
FDH7_reverse_num1,fdxo_42_c,fdxo_42,CLJU_c20040,CLJU_c20040
FDH7_reverse_num1,for_c,for,CLJU_c20040,CLJU_c20040
FRNDPR2r_reverse,fdxo_42_c,fdxo_42,CLJU_RS18335,CLJU_RS18335
DHFR_reverse,thf_c,thf,CLJU_RS12050,CLJU_RS12050
GLCURt2r_reverse,glcur_c,glcur,CLJU_RS01890,CLJU_RS01890
GHMT2r_reverse,gly_c,gly,CLJU_RS05640,CLJU_RS05640
GHMT2r_reverse,mlthf_c,mlthf,CLJU_RS05640,CLJU_RS05640
GLCNt2r_reverse_num1,glcn_c,glcn,CLJU_RS05690,CLJU_RS05690
GLUDy_reverse,akg_c,akg,CLJU_RS01300,CLJU_RS01300
G3PD2_reverse,dhap_c,dhap,CLJU_RS06125,CLJU_RS06125
GALCTNt2r_reverse,galctn__D_c,galctn__D,CLJU_RS06685,CLJU_RS06685
GAPD_reverse_num1,13dpg_c,13dpg,CLJU_RS19275,CLJU_RS19275
GALUi_reverse_num1,udpg_c,udpg,CLJU_RS16855,CLJU_RS16855
GALURt2r_reverse,galur_c,galur,CLJU_RS01890,CLJU_RS01890
DHORTS_reverse,cbasp_c,cbasp,CLJU_RS18360,CLJU_RS18360
GARFT_reverse,fgam_c,fgam,CLJU_RS04225,CLJU_RS04225
GARFT_reverse,thf_c,thf,CLJU_RS04225,CLJU_RS04225
GLYBt2r_reverse_num1,glyb_c,glyb,CLJU_RS13485,CLJU_RS13485
METR_reverse,mecfsp_c,mecfsp,CLJU_RS18495,CLJU_RS18495
METR_reverse,thf_c,thf,CLJU_RS18495,CLJU_RS18495
DHQTi_reverse,3dhsk_c,3dhsk,CLJU_RS14190,CLJU_RS14190
ICDHx_reverse,akg_c,akg,CLJU_RS03260,CLJU_RS03260
HYDFDN2r_reverse_num1,fdxr_42_c,fdxr_42,CLJU_RS07205 and CLJU_RS07210 and CLJU_RS07215,CLJU_RS07215
HYDFDN2r_reverse_num1,fdxr_42_c,fdxr_42,CLJU_RS07205 and CLJU_RS07210 and CLJU_RS07215,CLJU_RS07210
HYDFDN2r_reverse_num1,fdxr_42_c,fdxr_42,CLJU_RS07205 and CLJU_RS07210 and CLJU_RS07215,CLJU_RS07205
HSDy_reverse_num1,aspsa_c,aspsa,CLJU_RS04950,CLJU_RS04950
ILEt2r_reverse,ile__L_c,ile__L,CLJU_RS08715,CLJU_RS08715
ILETA_reverse_num1,3mop_c,3mop,CLJU_RS04310,CLJU_RS04310
ILETA_reverse_num1,glu__L_c,glu__L,CLJU_RS04310,CLJU_RS04310
LEUTA_reverse_num1,4mop_c,4mop,CLJU_RS04310,CLJU_RS04310
LEUTA_reverse_num1,glu__L_c,glu__L,CLJU_RS04310,CLJU_RS04310
LEUt2r_reverse,leu__L_c,leu__L,CLJU_RS08715,CLJU_RS08715
IPPMIa_reverse,2ippm_c,2ippm,CLJU_RS04465 and CLJU_RS04470,CLJU_RS04465
IPPMIa_reverse,2ippm_c,2ippm,CLJU_RS04465 and CLJU_RS04470,CLJU_RS04470
KARA1_reverse_num1,alac__S_c,alac__S,CLJU_RS10010,CLJU_RS10010
KARA2_reverse_num1,23dhmp_c,23dhmp,CLJU_RS10010,CLJU_RS10010
LCARS_reverse,12ppd__S_c,12ppd__S,CLJU_RS17680,CLJU_RS17680
LDH_D_reverse,pyr_c,pyr,CLJU_RS15865,CLJU_RS15865
LYSt2r_reverse_num1,lys__L_c,lys__L,CLJU_RS10705,CLJU_RS10705
MDH_reverse,oaa_c,oaa,CLJU_RS02910,CLJU_RS02910
MTHFD_reverse,methf_c,methf,CLJU_RS18530,CLJU_RS18530
MTHFC_reverse_num1,10fthf_c,10fthf,CLJU_RS18530,CLJU_RS18530
MTHFR5_reverse,5mthf_c,5mthf,CLJU_RS18520 and CLJU_RS18525,CLJU_RS18525
MTHFR5_reverse,5mthf_c,5mthf,CLJU_RS18520 and CLJU_RS18525,CLJU_RS18520
MTHFR5_reverse,fdxr_42_c,fdxr_42,CLJU_RS18520 and CLJU_RS18525,CLJU_RS18525
MTHFR5_reverse,fdxr_42_c,fdxr_42,CLJU_RS18520 and CLJU_RS18525,CLJU_RS18520
SDPTA_reverse,glu__L_c,glu__L,CLJU_RS10560,CLJU_RS10560
SDPTA_reverse,sl2a6o_c,sl2a6o,CLJU_RS10560,CLJU_RS10560
PUNP1_reverse,ade_c,ade,CLJU_RS10190,CLJU_RS10190
PUNP1_reverse,r1p_c,r1p,CLJU_RS10190,CLJU_RS10190
SERt2r_reverse_num1,ser__L_c,ser__L,CLJU_RS08795,CLJU_RS08795
PNP_reverse,ncam_c,ncam,CLJU_RS10190,CLJU_RS10190
PNP_reverse,r1p_c,r1p,CLJU_RS10190,CLJU_RS10190
OCBT_reverse_num1,citr__L_c,citr__L,CLJU_RS13835,CLJU_RS13835
ORPT_reverse,orot_c,orot,CLJU_RS17570,CLJU_RS17570
ORPT_reverse,prpp_c,prpp,CLJU_RS17570,CLJU_RS17570
PTAr_reverse,actp_c,actp,CLJU_RS06260,CLJU_RS06260
PGK_reverse,13dpg_c,13dpg,CLJU_RS19270,CLJU_RS19270
RMPA_reverse,dhap_c,dhap,CLJU_RS20985,CLJU_RS20985
RMPA_reverse,lald__L_c,lald__L,CLJU_RS20985,CLJU_RS20985
SHSL2r_reverse,hcys__L_c,hcys__L,CLJU_RS03265,CLJU_RS03265
SHSL2r_reverse,succ_c,succ,CLJU_RS03265,CLJU_RS03265
RNF_reverse,fdxo_42_c,fdxo_42,CLJU_RS05590 and CLJU_RS05595 and CLJU_RS05570 and CLJU_RS05575 and CLJU_RS05585 and CLJU_RS05580,CLJU_RS05590
RNF_reverse,fdxo_42_c,fdxo_42,CLJU_RS05590 and CLJU_RS05595 and CLJU_RS05570 and CLJU_RS05575 and CLJU_RS05585 and CLJU_RS05580,CLJU_RS05585
RNF_reverse,fdxo_42_c,fdxo_42,CLJU_RS05590 and CLJU_RS05595 and CLJU_RS05570 and CLJU_RS05575 and CLJU_RS05585 and CLJU_RS05580,CLJU_RS05570
RNF_reverse,fdxo_42_c,fdxo_42,CLJU_RS05590 and CLJU_RS05595 and CLJU_RS05570 and CLJU_RS05575 and CLJU_RS05585 and CLJU_RS05580,CLJU_RS05595
RNF_reverse,fdxo_42_c,fdxo_42,CLJU_RS05590 and CLJU_RS05595 and CLJU_RS05570 and CLJU_RS05575 and CLJU_RS05585 and CLJU_RS05580,CLJU_RS05580
RNF_reverse,fdxo_42_c,fdxo_42,CLJU_RS05590 and CLJU_RS05595 and CLJU_RS05570 and CLJU_RS05575 and CLJU_RS05585 and CLJU_RS05580,CLJU_RS05575
THFGLUS_reverse,thfglu_c,thfglu,CLJU_RS17100,CLJU_RS17100
TYRTA_reverse_num1,34hpp_c,34hpp,CLJU_RS06550,CLJU_RS06550
TYRTA_reverse_num1,glu__L_c,glu__L,CLJU_RS06550,CLJU_RS06550
SERAT_reverse,acser_c,acser,CLJU_RS19350,CLJU_RS19350
SHK3Dr_reverse_num1,skm_c,skm,CLJU_RS14185,CLJU_RS14185
PHETA1_reverse_num1,glu__L_c,glu__L,CLJU_RS06550,CLJU_RS06550
PHETA1_reverse_num1,phpyr_c,phpyr,CLJU_RS06550,CLJU_RS06550
TALA_reverse_num1,e4p_c,e4p,CLJU_RS12790,CLJU_RS12790
TALA_reverse_num1,f6p_c,f6p,CLJU_RS12790,CLJU_RS12790
THRA_reverse,acald_c,acald,CLJU_RS12895,CLJU_RS12895
THRA_reverse,gly_c,gly,CLJU_RS12895,CLJU_RS12895
POR_reverse_num1,accoa_c,accoa,CLJU_RS04605,CLJU_RS04605
POR_reverse_num1,fdxr_42_c,fdxr_42,CLJU_RS04605,CLJU_RS04605
TKT1_reverse_num1,g3p_c,g3p,CLJU_RS01495 and CLJU_RS01500,CLJU_RS01500
TKT1_reverse_num1,g3p_c,g3p,CLJU_RS01495 and CLJU_RS01500,CLJU_RS01495
TKT1_reverse_num1,s7p_c,s7p,CLJU_RS01495 and CLJU_RS01500,CLJU_RS01500
TKT1_reverse_num1,s7p_c,s7p,CLJU_RS01495 and CLJU_RS01500,CLJU_RS01495
3OAR40_reverse_num1,3haACP_c,3haACP,CLJU_RS17225,CLJU_RS17225
3OAR60_reverse_num1,3hhexACP_c,3hhexACP,CLJU_RS17225,CLJU_RS17225
TRPt2r_reverse,trp__L_c,trp__L,CLJU_RS14305,CLJU_RS14305
3OAR80_reverse_num1,3hoctACP_c,3hoctACP,CLJU_RS17225,CLJU_RS17225
TRSARr_reverse_num1,glyc__R_c,glyc__R,CLJU_RS13875,CLJU_RS13875
UAG2EMA_reverse_num1,acmana_c,acmana,CLJU_RS01150,CLJU_RS01150
ORNTAC_reverse,acglu_c,acglu,CLJU_RS10570,CLJU_RS10570
ORNTAC_reverse,orn_c,orn,CLJU_RS10570,CLJU_RS10570
PPAKr_reverse,ppa_c,ppa,CLJU_RS06265,CLJU_RS06265
ALCD2x_reverse_num1,acald_c,acald,CLJU_RS05830,CLJU_RS05830
HSERTA_reverse,achms_c,achms,CLJU_RS03265,CLJU_RS03265
VALt2r_reverse,val__L_c,val__L,CLJU_RS08715,CLJU_RS08715
ASPTA_reverse_num1,glu__L_c,glu__L,CLJU_RS10450,CLJU_RS10450
ASPTA_reverse_num1,oaa_c,oaa,CLJU_RS10450,CLJU_RS10450
VALTA_reverse_num1,3mob_c,3mob,CLJU_RS04310,CLJU_RS04310
VALTA_reverse_num1,glu__L_c,glu__L,CLJU_RS04310,CLJU_RS04310
MCOATA_reverse,malACP_c,malACP,CLJU_RS06285 and CLJU_RS20770,CLJU_RS20770
MCOATA_reverse,malACP_c,malACP,CLJU_RS06285 and CLJU_RS20770,CLJU_RS06285
CLPNS161_reverse_num1,clpn161_c,clpn161,CLJU_RS14325,CLJU_RS14325
CLPNS161_reverse_num1,glyc_c,glyc,CLJU_RS14325,CLJU_RS14325
CLPNS180_reverse_num1,clpn180_c,clpn180,CLJU_RS14325,CLJU_RS14325
CLPNS180_reverse_num1,glyc_c,glyc,CLJU_RS14325,CLJU_RS14325
CLPNS181_reverse_num1,clpn181_c,clpn181,CLJU_RS04385,CLJU_RS04385
CLPNS181_reverse_num1,glyc_c,glyc,CLJU_RS04385,CLJU_RS04385
PRASCSi_reverse,25aics_c,25aics,CLJU_RS04210,CLJU_RS04210
PUNP2_reverse,2dr1p_c,2dr1p,CLJU_RS10190,CLJU_RS10190
PUNP2_reverse,ade_c,ade,CLJU_RS10190,CLJU_RS10190
PUNP3_reverse,gua_c,gua,CLJU_RS10190,CLJU_RS10190
PUNP3_reverse,r1p_c,r1p,CLJU_RS10190,CLJU_RS10190
PUNP4_reverse,2dr1p_c,2dr1p,CLJU_RS10190,CLJU_RS10190
PUNP4_reverse,gua_c,gua,CLJU_RS10190,CLJU_RS10190
PUNP5_reverse,hxan_c,hxan,CLJU_RS10190,CLJU_RS10190
PUNP5_reverse,r1p_c,r1p,CLJU_RS10190,CLJU_RS10190
PUNP6_reverse,2dr1p_c,2dr1p,CLJU_RS10190,CLJU_RS10190
PUNP6_reverse,hxan_c,hxan,CLJU_RS10190,CLJU_RS10190
PUNP7_reverse,r1p_c,r1p,CLJU_RS10190,CLJU_RS10190
PUNP7_reverse,xan_c,xan,CLJU_RS10190,CLJU_RS10190
PRPPS_reverse,prpp_c,prpp,CLJU_RS20580,CLJU_RS20580
PSCVT_reverse,3psme_c,3psme,CLJU_RS14380,CLJU_RS14380
TKT2_reverse_num1,f6p_c,f6p,CLJU_RS01495 and CLJU_RS01500,CLJU_RS01500
TKT2_reverse_num1,f6p_c,f6p,CLJU_RS01495 and CLJU_RS01500,CLJU_RS01495
TKT2_reverse_num1,g3p_c,g3p,CLJU_RS01495 and CLJU_RS01500,CLJU_RS01500
TKT2_reverse_num1,g3p_c,g3p,CLJU_RS01495 and CLJU_RS01500,CLJU_RS01495
3OAR100_num2,3odecACP_c,3odecACP,CLJU_RS20765,CLJU_RS20765
3OAR120_num2,3oddecACP_c,3oddecACP,CLJU_RS20765,CLJU_RS20765
3OAR121_num2,3ocddec5eACP_c,3ocddec5eACP,CLJU_RS20765,CLJU_RS20765
3OAR140_num2,3omrsACP_c,3omrsACP,CLJU_RS20765,CLJU_RS20765
3OAR141_num2,3ocmrs7eACP_c,3ocmrs7eACP,CLJU_RS20765,CLJU_RS20765
3OAR160_num2,3opalmACP_c,3opalmACP,CLJU_RS17225,CLJU_RS17225
3OAR161_num2,3ocpalm9eACP_c,3ocpalm9eACP,CLJU_RS17225,CLJU_RS17225
3OAR180_num2,3ooctdACP_c,3ooctdACP,CLJU_RS17225,CLJU_RS17225
3OAR181_num2,3ocvac11eACP_c,3ocvac11eACP,CLJU_RS17225,CLJU_RS17225
4HTHRS_num2,phthr_c,phthr,CLJU_RS16355,CLJU_RS16355
ACALD_num2,acald_c,acald,CLJU_RS08100,CLJU_RS08100
ACALD_num3,acald_c,acald,CLJU_RS05870,CLJU_RS05870
ACHBS_num2,2obut_c,2obut,CLJU_RS11515,CLJU_RS11515
ACHBS_num2,pyr_c,pyr,CLJU_RS11515,CLJU_RS11515
ACHBS_num3,2obut_c,2obut,CLJU_RS19160 and CLJU_RS10025,CLJU_RS10025
ACHBS_num3,2obut_c,2obut,CLJU_RS19160 and CLJU_RS10025,CLJU_RS19160
ACHBS_num3,pyr_c,pyr,CLJU_RS19160 and CLJU_RS10025,CLJU_RS10025
ACHBS_num3,pyr_c,pyr,CLJU_RS19160 and CLJU_RS10025,CLJU_RS19160
ACLS_num2,pyr_c,pyr,CLJU_RS10020,CLJU_RS10020
ACLS_num3,pyr_c,pyr,CLJU_RS11515,CLJU_RS11515
ACONTb_num2,acon_C_c,acon_C,CLJU_RS03255,CLJU_RS03255
ADD_num2,ade_c,ade,CLJU_RS12870,CLJU_RS12870
ADD_num3,ade_c,ade,CLJU_RS14750,CLJU_RS14750
AGPAT120_num2,1ddecg3p_c,1ddecg3p,CLJU_RS03245,CLJU_RS03245
AGPAT120_num2,ddcaACP_c,ddcaACP,CLJU_RS03245,CLJU_RS03245
AICART_num2,10fthf_c,10fthf,CLJU_RS10900,CLJU_RS10900
AICART_num2,aicar_c,aicar,CLJU_RS10900,CLJU_RS10900
ALCD4y_num2,btoh_c,btoh,CLJU_RS19680,CLJU_RS19680
ALLTN_num2,alltn_c,alltn,CLJU_RS07515,CLJU_RS07515
ALLTNt2r_num2,alltn_e,alltn,CLJU_RS07510,CLJU_RS07510
AMAA_num2,acmama_c,acmama,CLJU_RS15325,CLJU_RS15325
AMAA_num3,acmama_c,acmama,CLJU_RS00915,CLJU_RS00915
AMAA_num4,acmama_c,acmama,CLJU_RS19935,CLJU_RS19935
ASPK_num2,asp__L_c,asp__L,CLJU_RS18875,CLJU_RS18875
ACAFDOR_num2,acald_c,acald,CLJU_RS09865,CLJU_RS09865
ACAFDOR_num2,fdxo_42_c,fdxo_42,CLJU_RS09865,CLJU_RS09865
CYSS_num2,acser_c,acser,CLJU_RS19355,CLJU_RS19355
ARGDC_num2,arg__L_c,arg__L,CLJU_RS16870,CLJU_RS16870
CBPS_num2,gln__L_c,gln__L,CLJU_RS02150 and CLJU_RS02155,CLJU_RS02155
CBPS_num2,gln__L_c,gln__L,CLJU_RS02150 and CLJU_RS02155,CLJU_RS02150
CBPS_num2,hco3_c,hco3,CLJU_RS02150 and CLJU_RS02155,CLJU_RS02155
CBPS_num2,hco3_c,hco3,CLJU_RS02150 and CLJU_RS02155,CLJU_RS02150
ARGt2r_num2,arg__L_e,arg__L,CLJU_RS10530,CLJU_RS10530
ARGt2r_num3,arg__L_e,arg__L,CLJU_RS13850,CLJU_RS13850
ASNS1_num2,asp__L_c,asp__L,CLJU_RS13170,CLJU_RS13170
ASNS1_num2,gln__L_c,gln__L,CLJU_RS13170,CLJU_RS13170
DSERt2_num2,ser__D_e,ser__D,CLJU_RS08795,CLJU_RS08795
DALAt2r_num2,ala__D_e,ala__D,CLJU_RS08795,CLJU_RS08795
CSNt2_num2,csn_e,csn,CLJU_RS09415,CLJU_RS09415
DDPA_num2,e4p_c,e4p,CLJU_RS14395,CLJU_RS14395
DDPA_num2,pep_c,pep,CLJU_RS14395,CLJU_RS14395
FDH7_num2,fdxr_42_c,fdxr_42,CLJU_c06990,CLJU_c06990
FDH7_num3,fdxr_42_c,fdxr_42,CLJU_RS04405,CLJU_RS04405
G1PTT_num2,g1p_c,g1p,CLJU_RS02735,CLJU_RS02735
FRUpts_num2,fru_e,fru,CLJU_RS12835 and CLJU_RS12840,CLJU_RS12835
FRUpts_num2,fru_e,fru,CLJU_RS12835 and CLJU_RS12840,CLJU_RS12840
FRUpts_num2,pep_c,pep,CLJU_RS12835 and CLJU_RS12840,CLJU_RS12835
FRUpts_num2,pep_c,pep,CLJU_RS12835 and CLJU_RS12840,CLJU_RS12840
DHDPRy_num2,23dhdp_c,23dhdp,CLJU_RS17035,CLJU_RS17035
DHDPS_num2,aspsa_c,aspsa,CLJU_RS02100,CLJU_RS02100
DHDPS_num2,pyr_c,pyr,CLJU_RS02100,CLJU_RS02100
GLCNt2r_num2,glcn_e,glcn,CLJU_RS13905,CLJU_RS13905
GLCNt2r_num3,glcn_e,glcn,CLJU_RS00300,CLJU_RS00300
GAPD_num2,g3p_c,g3p,CLJU_RS06580,CLJU_RS06580
GALUi_num2,g1p_c,g1p,CLJU_RS02205,CLJU_RS02205
GLYBt2r_num2,glyb_e,glyb,CLJU_RS13740,CLJU_RS13740
GLYCK_num2,glyc__R_c,glyc__R,CLJU_RS18905,CLJU_RS18905
GCCa_num2,gly_c,gly,CLJU_RS18485) and (CLJU_RS11880 and CLJU_RS11885) and CLJU_RS18515,CLJU_RS18515
GCCa_num2,gly_c,gly,CLJU_RS18485) and (CLJU_RS11880 and CLJU_RS11885) and CLJU_RS18515,CLJU_RS11885
GCCa_num2,gly_c,gly,CLJU_RS18485) and (CLJU_RS11880 and CLJU_RS11885) and CLJU_RS18515,CLJU_RS11880
GCCa_num2,gly_c,gly,CLJU_RS18485) and (CLJU_RS11880 and CLJU_RS11885) and CLJU_RS18515,CLJU_RS18485
GCCa_num2,lpro_c,lpro,CLJU_RS18485) and (CLJU_RS11880 and CLJU_RS11885) and CLJU_RS18515,CLJU_RS18515
GCCa_num2,lpro_c,lpro,CLJU_RS18485) and (CLJU_RS11880 and CLJU_RS11885) and CLJU_RS18515,CLJU_RS11885
GCCa_num2,lpro_c,lpro,CLJU_RS18485) and (CLJU_RS11880 and CLJU_RS11885) and CLJU_RS18515,CLJU_RS11880
GCCa_num2,lpro_c,lpro,CLJU_RS18485) and (CLJU_RS11880 and CLJU_RS11885) and CLJU_RS18515,CLJU_RS18485
HAMR_num2,ham_c,ham,CLJU_RS03805,CLJU_RS03805
HXPRT_num2,hxan_c,hxan,CLJU_RS20465,CLJU_RS20465
HXPRT_num2,prpp_c,prpp,CLJU_RS20465,CLJU_RS20465
GUAPRT_num2,gua_c,gua,CLJU_RS16720,CLJU_RS16720
GUAPRT_num2,prpp_c,prpp,CLJU_RS16720,CLJU_RS16720
LYSDC_num2,lys__L_c,lys__L,CLJU_RS00675,CLJU_RS00675
HYDFDN2r_num2,fdxo_42_c,fdxo_42,CLJU_RS03460 and CLJU_RS03465 and CLJU_RS03470 and CLJU_RS03475 and CLJU_RS03480,CLJU_RS03475
HYDFDN2r_num2,fdxo_42_c,fdxo_42,CLJU_RS03460 and CLJU_RS03465 and CLJU_RS03470 and CLJU_RS03475 and CLJU_RS03480,CLJU_RS03480
HYDFDN2r_num2,fdxo_42_c,fdxo_42,CLJU_RS03460 and CLJU_RS03465 and CLJU_RS03470 and CLJU_RS03475 and CLJU_RS03480,CLJU_RS03470
HYDFDN2r_num2,fdxo_42_c,fdxo_42,CLJU_RS03460 and CLJU_RS03465 and CLJU_RS03470 and CLJU_RS03475 and CLJU_RS03480,CLJU_RS03465
HYDFDN2r_num2,fdxo_42_c,fdxo_42,CLJU_RS03460 and CLJU_RS03465 and CLJU_RS03470 and CLJU_RS03475 and CLJU_RS03480,CLJU_RS03460
HETZK_num2,4mhetz_c,4mhetz,CLJU_RS16290,CLJU_RS16290
HYDFDi_num2,fdxr_42_c,fdxr_42,CLJU_RS08485 and CLJU_RS08480,CLJU_RS08480
HYDFDi_num2,fdxr_42_c,fdxr_42,CLJU_RS08485 and CLJU_RS08480,CLJU_RS08485
HYDFDi_num3,fdxr_42_c,fdxr_42,CLJU_RS09955,CLJU_RS09955
HSDy_num2,hom__L_c,hom__L,CLJU_RS03520,CLJU_RS03520
ILETA_num2,akg_c,akg,CLJU_RS04620,CLJU_RS04620
ILETA_num2,ile__L_c,ile__L,CLJU_RS04620,CLJU_RS04620
LEUTA_num2,akg_c,akg,CLJU_RS04620,CLJU_RS04620
LEUTA_num2,leu__L_c,leu__L,CLJU_RS04620,CLJU_RS04620
HXAND_num2,hxan_c,hxan,CLJU_RS11750 and CLJU_RS11755 and CLJU_RS11760,CLJU_RS11750
HXAND_num2,hxan_c,hxan,CLJU_RS11750 and CLJU_RS11755 and CLJU_RS11760,CLJU_RS11760
HXAND_num2,hxan_c,hxan,CLJU_RS11750 and CLJU_RS11755 and CLJU_RS11760,CLJU_RS11755
HXAND_num3,hxan_c,hxan,CLJU_RS14760 and CLJU_RS14765 and CLJU_RS14770,CLJU_RS14765
HXAND_num3,hxan_c,hxan,CLJU_RS14760 and CLJU_RS14765 and CLJU_RS14770,CLJU_RS14760
HXAND_num3,hxan_c,hxan,CLJU_RS14760 and CLJU_RS14765 and CLJU_RS14770,CLJU_RS14770
IPMD_num2,3c2hmp_c,3c2hmp,CLJU_RS04475,CLJU_RS04475
KARA1_num2,23dhmb_c,23dhmb,CLJU_RS10005,CLJU_RS10005
KARA1_num3,23dhmb_c,23dhmb,CLJU_RS07505,CLJU_RS07505
KARA2_num2,2ahbut_c,2ahbut,CLJU_RS10005,CLJU_RS10005
KARA2_num3,2ahbut_c,2ahbut,CLJU_RS07505,CLJU_RS07505
LYSt2r_num2,lys__L_e,lys__L,CLJU_RS11985,CLJU_RS11985
MAN1PT2_num2,man1p_c,man1p,CLJU_RS02610,CLJU_RS02610
MAN1PT2_num3,man1p_c,man1p,CLJU_RS00940,CLJU_RS00940
ORNDC_num2,orn_c,orn,CLJU_RS00675,CLJU_RS00675
ME1_num2,mal__L_c,mal__L,CLJU_RS12495,CLJU_RS12495
ME2_num2,mal__L_c,mal__L,CLJU_RS18940,CLJU_RS18940
MDDCP1ex_num2,murein5px4p_e,murein5px4p,CLJU_RS07045,CLJU_RS07045
MDDCP2ex_num2,murein5px4px4p_e,murein5px4px4p,CLJU_RS07045,CLJU_RS07045
MTHFC_num2,methf_c,methf,CLJU_RS18535,CLJU_RS18535
MDDCP3ex_num2,murein5p5p_e,murein5p5p,CLJU_RS07045,CLJU_RS07045
MDDCP4ex_num2,murein5p4p_e,murein5p4p,CLJU_RS07045,CLJU_RS07045
METAT_num2,met__L_c,met__L,CLJU_RS01260,CLJU_RS01260
NIT1b_num2,fdxr_42_c,fdxr_42,CLJU_RS02415) and (CLJU_RS02400,CLJU_RS02415
NIT1b_num2,fdxr_42_c,fdxr_42,CLJU_RS02415) and (CLJU_RS02400,CLJU_RS02400
NIT1b_num2,n2_c,n2,CLJU_RS02415) and (CLJU_RS02400,CLJU_RS02415
NIT1b_num2,n2_c,n2,CLJU_RS02415) and (CLJU_RS02400,CLJU_RS02400
NIT1b_num3,fdxr_42_c,fdxr_42,CLJU_RS11570) and (CLJU_RS02420,CLJU_RS02420
NIT1b_num3,fdxr_42_c,fdxr_42,CLJU_RS11570) and (CLJU_RS02420,CLJU_RS11570
NIT1b_num3,n2_c,n2,CLJU_RS11570) and (CLJU_RS02420,CLJU_RS02420
NIT1b_num3,n2_c,n2,CLJU_RS11570) and (CLJU_RS02420,CLJU_RS11570
NIT1b_num4,fdxr_42_c,fdxr_42,CLJU_RS11560,CLJU_RS11560
NIT1b_num4,n2_c,n2,CLJU_RS11560,CLJU_RS11560
NNDPR_num2,prpp_c,prpp,CLJU_RS18750,CLJU_RS18750
NNDPR_num2,quln_c,quln,CLJU_RS18750,CLJU_RS18750
SERt2r_num2,ser__L_e,ser__L,CLJU_RS04100,CLJU_RS04100
OBTFL_num2,2obut_c,2obut,CLJU_RS12795 and CLJU_RS12800,CLJU_RS12800
OBTFL_num2,2obut_c,2obut,CLJU_RS12795 and CLJU_RS12800,CLJU_RS12795
OBTFL_num3,2obut_c,2obut,CLJU_RS19615 and CLJU_RS19620,CLJU_RS19615
OBTFL_num3,2obut_c,2obut,CLJU_RS19615 and CLJU_RS19620,CLJU_RS19620
PSP_L_num2,pser__L_c,pser__L,CLJU_RS10625,CLJU_RS10625
OCBT_num2,cbp_c,cbp,CLJU_RS04575,CLJU_RS04575
OCBT_num2,orn_c,orn,CLJU_RS04575,CLJU_RS04575
OCBT_num3,cbp_c,cbp,CLJU_RS12430,CLJU_RS12430
OCBT_num3,orn_c,orn,CLJU_RS12430,CLJU_RS12430
OCBT_num4,cbp_c,cbp,CLJU_RS20970,CLJU_RS20970
OCBT_num4,orn_c,orn,CLJU_RS20970,CLJU_RS20970
PGCD_num2,3pg_c,3pg,CLJU_RS00470,CLJU_RS00470
PGCD_num3,3pg_c,3pg,CLJU_RS01885,CLJU_RS01885
PGCD_num4,3pg_c,3pg,CLJU_RS05680,CLJU_RS05680
PGCD_num5,3pg_c,3pg,CLJU_RS05700,CLJU_RS05700
PGCD_num6,3pg_c,3pg,CLJU_RS15095,CLJU_RS15095
PFK_num2,f6p_c,f6p,CLJU_RS12705,CLJU_RS12705
PFK_2_num2,tag6p__D_c,tag6p__D,CLJU_RS12705,CLJU_RS12705
PFK_3_num2,s7p_c,s7p,CLJU_RS12705,CLJU_RS12705
TYRTA_num2,akg_c,akg,CLJU_RS02275,CLJU_RS02275
TYRTA_num2,tyr__L_c,tyr__L,CLJU_RS02275,CLJU_RS02275
SHK3Dr_num2,3dhsk_c,3dhsk,CLJU_RS14365,CLJU_RS14365
SELNPS_num2,seln_c,seln,CLJU_RS13685,CLJU_RS13685
PHETA1_num2,akg_c,akg,CLJU_RS02275,CLJU_RS02275
PHETA1_num2,phe__L_c,phe__L,CLJU_RS02275,CLJU_RS02275
TALA_num2,g3p_c,g3p,CLJU_RS19520,CLJU_RS19520
TALA_num2,s7p_c,s7p,CLJU_RS19520,CLJU_RS19520
TDPDRR_num2,dtdp4d6dm_c,dtdp4d6dm,CLJU_RS02740,CLJU_RS02740
POR_num2,fdxo_42_c,fdxo_42,CLJU_RS14475,CLJU_RS14475
POR_num2,pyr_c,pyr,CLJU_RS14475,CLJU_RS14475
TKT1_num2,r5p_c,r5p,CLJU_RS12720 and CLJU_RS12725,CLJU_RS12725
TKT1_num2,r5p_c,r5p,CLJU_RS12720 and CLJU_RS12725,CLJU_RS12720
TKT1_num2,xu5p__D_c,xu5p__D,CLJU_RS12720 and CLJU_RS12725,CLJU_RS12725
TKT1_num2,xu5p__D_c,xu5p__D,CLJU_RS12720 and CLJU_RS12725,CLJU_RS12720
3OAR40_num2,actACP_c,actACP,CLJU_RS20765,CLJU_RS20765
3OAR60_num2,3ohexACP_c,3ohexACP,CLJU_RS20765,CLJU_RS20765
TMPPP_num2,2mahmp_c,2mahmp,CLJU_RS16295,CLJU_RS16295
TMPPP_num2,4mpetz_c,4mpetz,CLJU_RS16295,CLJU_RS16295
TRDR_num2,trdox_c,trdox,CLJU_RS19940,CLJU_RS19940
3OAR80_num2,3ooctACP_c,3ooctACP,CLJU_RS20765,CLJU_RS20765
TRSARr_num2,2h3oppan_c,2h3oppan,CLJU_RS00330,CLJU_RS00330
THRS_num2,phom_c,phom,CLJU_RS19875,CLJU_RS19875
ALCD4_num2,btoh_c,btoh,CLJU_RS08095,CLJU_RS08095
BTCOARx_num2,btcoa_c,btcoa,CLJU_RS08095,CLJU_RS08095
UAGCVT_num2,pep_c,pep,CLJU_RS20680,CLJU_RS20680
UAGCVT_num2,uacgam_c,uacgam,CLJU_RS20680,CLJU_RS20680
UAG2EMA_num2,uacgam_c,uacgam,CLJU_RS16795,CLJU_RS16795
URAt2_num2,ura_e,ura,CLJU_RS11595,CLJU_RS11595
URAt2_num3,ura_e,ura,CLJU_RS07510,CLJU_RS07510
UAGPT3_num2,uacgam_c,uacgam,CLJU_RS04600,CLJU_RS04600
UAGPT3_num2,uagmda_c,uagmda,CLJU_RS04600,CLJU_RS04600
UDCPDPS_num2,frdp_c,frdp,CLJU_RS17465,CLJU_RS17465
UDCPDPS_num2,ipdp_c,ipdp,CLJU_RS17465,CLJU_RS17465
UDCPDP_num2,udcpdp_c,udcpdp,CLJU_RS03055,CLJU_RS03055
UDCPDPex_num2,udcpdp_e,udcpdp,CLJU_RS03055,CLJU_RS03055
AGPAT140_num2,1tdecg3p_c,1tdecg3p,CLJU_RS03245,CLJU_RS03245
AGPAT140_num2,myrsACP_c,myrsACP,CLJU_RS03245,CLJU_RS03245
AGPAT160_num2,1hdecg3p_c,1hdecg3p,CLJU_RS03245,CLJU_RS03245
AGPAT160_num2,palmACP_c,palmACP,CLJU_RS03245,CLJU_RS03245
AGPAT161_num2,1hdec9eg3p_c,1hdec9eg3p,CLJU_RS19340,CLJU_RS19340
AGPAT161_num2,hdeACP_c,hdeACP,CLJU_RS19340,CLJU_RS19340
ALCD2x_num2,etoh_c,etoh,CLJU_RS08100,CLJU_RS08100
ALCD2x_num3,etoh_c,etoh,CLJU_RS08095,CLJU_RS08095
AGPAT180_num2,1odecg3p_c,1odecg3p,CLJU_RS19340,CLJU_RS19340
AGPAT180_num2,ocdcaACP_c,ocdcaACP,CLJU_RS19340,CLJU_RS19340
AGPAT181_num2,1odec11eg3p_c,1odec11eg3p,CLJU_RS19340,CLJU_RS19340
AGPAT181_num2,octeACP_c,octeACP,CLJU_RS19340,CLJU_RS19340
PPNDH_num2,pphn_c,pphn,CLJU_RS12565,CLJU_RS12565
XAND_num2,xan_c,xan,CLJU_RS11750 and CLJU_RS11755 and CLJU_RS11760,CLJU_RS11750
XAND_num2,xan_c,xan,CLJU_RS11750 and CLJU_RS11755 and CLJU_RS11760,CLJU_RS11760
XAND_num2,xan_c,xan,CLJU_RS11750 and CLJU_RS11755 and CLJU_RS11760,CLJU_RS11755
XAND_num3,xan_c,xan,CLJU_RS14760 and CLJU_RS14765 and CLJU_RS14770,CLJU_RS14765
XAND_num3,xan_c,xan,CLJU_RS14760 and CLJU_RS14765 and CLJU_RS14770,CLJU_RS14760
XAND_num3,xan_c,xan,CLJU_RS14760 and CLJU_RS14765 and CLJU_RS14770,CLJU_RS14770
ASPTA_num2,akg_c,akg,CLJU_RS06550,CLJU_RS06550
ASPTA_num2,asp__L_c,asp__L,CLJU_RS06550,CLJU_RS06550
ASPTA_num3,akg_c,akg,CLJU_RS14495,CLJU_RS14495
ASPTA_num3,asp__L_c,asp__L,CLJU_RS14495,CLJU_RS14495
VALTA_num2,akg_c,akg,CLJU_RS04620,CLJU_RS04620
VALTA_num2,val__L_c,val__L,CLJU_RS04620,CLJU_RS04620
UPPRT_num2,prpp_c,prpp,CLJU_RS05275,CLJU_RS05275
UPPRT_num2,ura_c,ura,CLJU_RS05275,CLJU_RS05275
XANt2_num2,xan_e,xan,CLJU_RS07415,CLJU_RS07415
GLYt2r_num2,gly_e,gly,CLJU_RS08795,CLJU_RS08795
XYLK_num2,xylu__D_c,xylu__D,CLJU_RS08965,CLJU_RS08965
MOBDabc_num2,mobd_e,mobd,CLJU_RS18755 and CLJU_RS18760 and CLJU_RS18765,CLJU_RS18755
MOBDabc_num2,mobd_e,mobd,CLJU_RS18755 and CLJU_RS18760 and CLJU_RS18765,CLJU_RS18765
MOBDabc_num2,mobd_e,mobd,CLJU_RS18755 and CLJU_RS18760 and CLJU_RS18765,CLJU_RS18760
MOBDabc_num3,mobd_e,mobd,CLJU_RS08460 and CLJU_RS08465,CLJU_RS08460
MOBDabc_num3,mobd_e,mobd,CLJU_RS08460 and CLJU_RS08465,CLJU_RS08465
MOBDabc_num4,mobd_e,mobd,CLJU_RS02395 and CLJU_RS12820,CLJU_RS12820
MOBDabc_num4,mobd_e,mobd,CLJU_RS02395 and CLJU_RS12820,CLJU_RS02395
MOBDabc_num5,mobd_e,mobd,CLJU_RS02395 and CLJU_RS10870 and CLJU_RS10880 and CLJU_RS10875,CLJU_RS10880
MOBDabc_num5,mobd_e,mobd,CLJU_RS02395 and CLJU_RS10870 and CLJU_RS10880 and CLJU_RS10875,CLJU_RS10870
MOBDabc_num5,mobd_e,mobd,CLJU_RS02395 and CLJU_RS10870 and CLJU_RS10880 and CLJU_RS10875,CLJU_RS02395
MOBDabc_num5,mobd_e,mobd,CLJU_RS02395 and CLJU_RS10870 and CLJU_RS10880 and CLJU_RS10875,CLJU_RS10875
HYDFDN_num2,fdxr_42_c,fdxr_42,CLJU_RS07205 and CLJU_RS07210 and CLJU_RS07215,CLJU_RS07215
HYDFDN_num2,fdxr_42_c,fdxr_42,CLJU_RS07205 and CLJU_RS07210 and CLJU_RS07215,CLJU_RS07210
HYDFDN_num2,fdxr_42_c,fdxr_42,CLJU_RS07205 and CLJU_RS07210 and CLJU_RS07215,CLJU_RS07205
GCCc_num2,dhlpro_c,dhlpro,CLJU_RS18485) and (CLJU_RS11880 and CLJU_RS11885) and CLJU_RS18515,CLJU_RS18515
GCCc_num2,dhlpro_c,dhlpro,CLJU_RS18485) and (CLJU_RS11880 and CLJU_RS11885) and CLJU_RS18515,CLJU_RS11885
GCCc_num2,dhlpro_c,dhlpro,CLJU_RS18485) and (CLJU_RS11880 and CLJU_RS11885) and CLJU_RS18515,CLJU_RS11880
GCCc_num2,dhlpro_c,dhlpro,CLJU_RS18485) and (CLJU_RS11880 and CLJU_RS11885) and CLJU_RS18515,CLJU_RS18485
GLYCL_num2,gly_c,gly,CLJU_RS18485) and (CLJU_RS11880 and CLJU_RS11885) and CLJU_RS11895 and CLJU_RS18515,CLJU_RS11895
GLYCL_num2,gly_c,gly,CLJU_RS18485) and (CLJU_RS11880 and CLJU_RS11885) and CLJU_RS11895 and CLJU_RS18515,CLJU_RS18515
GLYCL_num2,gly_c,gly,CLJU_RS18485) and (CLJU_RS11880 and CLJU_RS11885) and CLJU_RS11895 and CLJU_RS18515,CLJU_RS18485
GLYCL_num2,gly_c,gly,CLJU_RS18485) and (CLJU_RS11880 and CLJU_RS11885) and CLJU_RS11895 and CLJU_RS18515,CLJU_RS11885
GLYCL_num2,gly_c,gly,CLJU_RS18485) and (CLJU_RS11880 and CLJU_RS11885) and CLJU_RS11895 and CLJU_RS18515,CLJU_RS11880
GLYCL_num2,thf_c,thf,CLJU_RS18485) and (CLJU_RS11880 and CLJU_RS11885) and CLJU_RS11895 and CLJU_RS18515,CLJU_RS11895
GLYCL_num2,thf_c,thf,CLJU_RS18485) and (CLJU_RS11880 and CLJU_RS11885) and CLJU_RS11895 and CLJU_RS18515,CLJU_RS18515
GLYCL_num2,thf_c,thf,CLJU_RS18485) and (CLJU_RS11880 and CLJU_RS11885) and CLJU_RS11895 and CLJU_RS18515,CLJU_RS18485
GLYCL_num2,thf_c,thf,CLJU_RS18485) and (CLJU_RS11880 and CLJU_RS11885) and CLJU_RS11895 and CLJU_RS18515,CLJU_RS11885
GLYCL_num2,thf_c,thf,CLJU_RS18485) and (CLJU_RS11880 and CLJU_RS11885) and CLJU_RS11895 and CLJU_RS18515,CLJU_RS11880
MDDCP5ex_num2,murein5p3p_e,murein5p3p,CLJU_RS07045,CLJU_RS07045
TKT2_num2,e4p_c,e4p,CLJU_RS12720 and CLJU_RS12725,CLJU_RS12725
TKT2_num2,e4p_c,e4p,CLJU_RS12720 and CLJU_RS12725,CLJU_RS12720
TKT2_num2,xu5p__D_c,xu5p__D,CLJU_RS12720 and CLJU_RS12725,CLJU_RS12725
TKT2_num2,xu5p__D_c,xu5p__D,CLJU_RS12720 and CLJU_RS12725,CLJU_RS12720
PFL_num2,pyr_c,pyr,CLJU_RS12795 and CLJU_RS12800,CLJU_RS12800
PFL_num2,pyr_c,pyr,CLJU_RS12795 and CLJU_RS12800,CLJU_RS12795
PFL_num3,pyr_c,pyr,CLJU_RS05805 and CLJU_RS05810,CLJU_RS05805
PFL_num3,pyr_c,pyr,CLJU_RS05805 and CLJU_RS05810,CLJU_RS05810
3OAR100_reverse_num2,3hdecACP_c,3hdecACP,CLJU_RS20765,CLJU_RS20765
3OAR120_reverse_num2,3hddecACP_c,3hddecACP,CLJU_RS20765,CLJU_RS20765
3OAR140_reverse_num2,3hmrsACP_c,3hmrsACP,CLJU_RS20765,CLJU_RS20765
3OAR160_reverse_num2,3hpalmACP_c,3hpalmACP,CLJU_RS17225,CLJU_RS17225
3OAR180_reverse_num2,3hoctaACP_c,3hoctaACP,CLJU_RS17225,CLJU_RS17225
ACONTa_reverse_num2,acon_C_c,acon_C,CLJU_RS15025,CLJU_RS15025
AICART_reverse_num2,fprica_c,fprica,CLJU_RS10900,CLJU_RS10900
AICART_reverse_num2,thf_c,thf,CLJU_RS10900,CLJU_RS10900
ALLTNt2r_reverse_num2,alltn_c,alltn,CLJU_RS07510,CLJU_RS07510
ASPK_reverse_num2,4pasp_c,4pasp,CLJU_RS18875,CLJU_RS18875
CBMKr_reverse_num2,cbp_c,cbp,CLJU_RS20965,CLJU_RS20965
CBMKr_reverse_num3,cbp_c,cbp,CLJU_RS04585,CLJU_RS04585
CBMKr_reverse_num4,cbp_c,cbp,CLJU_RS07500,CLJU_RS07500
CBMKr_reverse_num5,cbp_c,cbp,CLJU_RS11590,CLJU_RS11590
CBMKr_reverse_num6,cbp_c,cbp,CLJU_RS11705,CLJU_RS11705
ARGt2r_reverse_num2,arg__L_c,arg__L,CLJU_RS10530,CLJU_RS10530
ARGt2r_reverse_num3,arg__L_c,arg__L,CLJU_RS13850,CLJU_RS13850
CLPNS120_reverse_num2,clpn120_c,clpn120,CLJU_RS04385,CLJU_RS04385
CLPNS120_reverse_num2,glyc_c,glyc,CLJU_RS04385,CLJU_RS04385
CLPNS140_reverse_num2,clpn140_c,clpn140,CLJU_RS04385,CLJU_RS04385
CLPNS140_reverse_num2,glyc_c,glyc,CLJU_RS04385,CLJU_RS04385
CLPNS160_reverse_num2,clpn160_c,clpn160,CLJU_RS04385,CLJU_RS04385
CLPNS160_reverse_num2,glyc_c,glyc,CLJU_RS04385,CLJU_RS04385
DDPGA_reverse_num2,glx_c,glx,CLJU_RS06680,CLJU_RS06680
DDPGA_reverse_num2,pyr_c,pyr,CLJU_RS06680,CLJU_RS06680
FDH7_reverse_num2,fdxo_42_c,fdxo_42,CLJU_c06990,CLJU_c06990
FDH7_reverse_num2,for_c,for,CLJU_c06990,CLJU_c06990
FDH7_reverse_num3,fdxo_42_c,fdxo_42,CLJU_RS04405,CLJU_RS04405
FDH7_reverse_num3,for_c,for,CLJU_RS04405,CLJU_RS04405
GLCNt2r_reverse_num2,glcn_c,glcn,CLJU_RS13905,CLJU_RS13905
GLCNt2r_reverse_num3,glcn_c,glcn,CLJU_RS00300,CLJU_RS00300
GAPD_reverse_num2,13dpg_c,13dpg,CLJU_RS06580,CLJU_RS06580
GALUi_reverse_num2,udpg_c,udpg,CLJU_RS02205,CLJU_RS02205
GLYBt2r_reverse_num2,glyb_c,glyb,CLJU_RS13740,CLJU_RS13740
HYDFDN2r_reverse_num2,fdxr_42_c,fdxr_42,CLJU_RS03460 and CLJU_RS03465 and CLJU_RS03470 and CLJU_RS03475 and CLJU_RS03480,CLJU_RS03475
HYDFDN2r_reverse_num2,fdxr_42_c,fdxr_42,CLJU_RS03460 and CLJU_RS03465 and CLJU_RS03470 and CLJU_RS03475 and CLJU_RS03480,CLJU_RS03480
HYDFDN2r_reverse_num2,fdxr_42_c,fdxr_42,CLJU_RS03460 and CLJU_RS03465 and CLJU_RS03470 and CLJU_RS03475 and CLJU_RS03480,CLJU_RS03470
HYDFDN2r_reverse_num2,fdxr_42_c,fdxr_42,CLJU_RS03460 and CLJU_RS03465 and CLJU_RS03470 and CLJU_RS03475 and CLJU_RS03480,CLJU_RS03465
HYDFDN2r_reverse_num2,fdxr_42_c,fdxr_42,CLJU_RS03460 and CLJU_RS03465 and CLJU_RS03470 and CLJU_RS03475 and CLJU_RS03480,CLJU_RS03460
HSDy_reverse_num2,aspsa_c,aspsa,CLJU_RS03520,CLJU_RS03520
ILETA_reverse_num2,3mop_c,3mop,CLJU_RS04620,CLJU_RS04620
ILETA_reverse_num2,glu__L_c,glu__L,CLJU_RS04620,CLJU_RS04620
LEUTA_reverse_num2,4mop_c,4mop,CLJU_RS04620,CLJU_RS04620
LEUTA_reverse_num2,glu__L_c,glu__L,CLJU_RS04620,CLJU_RS04620
KARA1_reverse_num2,alac__S_c,alac__S,CLJU_RS10005,CLJU_RS10005
KARA1_reverse_num3,alac__S_c,alac__S,CLJU_RS07505,CLJU_RS07505
KARA2_reverse_num2,23dhmp_c,23dhmp,CLJU_RS10005,CLJU_RS10005
KARA2_reverse_num3,23dhmp_c,23dhmp,CLJU_RS07505,CLJU_RS07505
LYSt2r_reverse_num2,lys__L_c,lys__L,CLJU_RS11985,CLJU_RS11985
MTHFC_reverse_num2,10fthf_c,10fthf,CLJU_RS18535,CLJU_RS18535
SERt2r_reverse_num2,ser__L_c,ser__L,CLJU_RS04100,CLJU_RS04100
OCBT_reverse_num2,citr__L_c,citr__L,CLJU_RS04575,CLJU_RS04575
OCBT_reverse_num3,citr__L_c,citr__L,CLJU_RS12430,CLJU_RS12430
OCBT_reverse_num4,citr__L_c,citr__L,CLJU_RS20970,CLJU_RS20970
TYRTA_reverse_num2,34hpp_c,34hpp,CLJU_RS02275,CLJU_RS02275
TYRTA_reverse_num2,glu__L_c,glu__L,CLJU_RS02275,CLJU_RS02275
SHK3Dr_reverse_num2,skm_c,skm,CLJU_RS14365,CLJU_RS14365
PHETA1_reverse_num2,glu__L_c,glu__L,CLJU_RS02275,CLJU_RS02275
PHETA1_reverse_num2,phpyr_c,phpyr,CLJU_RS02275,CLJU_RS02275
TALA_reverse_num2,e4p_c,e4p,CLJU_RS19520,CLJU_RS19520
TALA_reverse_num2,f6p_c,f6p,CLJU_RS19520,CLJU_RS19520
POR_reverse_num2,accoa_c,accoa,CLJU_RS14475,CLJU_RS14475
POR_reverse_num2,fdxr_42_c,fdxr_42,CLJU_RS14475,CLJU_RS14475
TKT1_reverse_num2,g3p_c,g3p,CLJU_RS12720 and CLJU_RS12725,CLJU_RS12725
TKT1_reverse_num2,g3p_c,g3p,CLJU_RS12720 and CLJU_RS12725,CLJU_RS12720
TKT1_reverse_num2,s7p_c,s7p,CLJU_RS12720 and CLJU_RS12725,CLJU_RS12725
TKT1_reverse_num2,s7p_c,s7p,CLJU_RS12720 and CLJU_RS12725,CLJU_RS12720
3OAR40_reverse_num2,3haACP_c,3haACP,CLJU_RS20765,CLJU_RS20765
3OAR60_reverse_num2,3hhexACP_c,3hhexACP,CLJU_RS20765,CLJU_RS20765
3OAR80_reverse_num2,3hoctACP_c,3hoctACP,CLJU_RS20765,CLJU_RS20765
TRSARr_reverse_num2,glyc__R_c,glyc__R,CLJU_RS00330,CLJU_RS00330
UAG2EMA_reverse_num2,acmana_c,acmana,CLJU_RS16795,CLJU_RS16795
ALCD2x_reverse_num2,acald_c,acald,CLJU_RS08100,CLJU_RS08100
ALCD2x_reverse_num3,acald_c,acald,CLJU_RS08095,CLJU_RS08095
ASPTA_reverse_num2,glu__L_c,glu__L,CLJU_RS06550,CLJU_RS06550
ASPTA_reverse_num2,oaa_c,oaa,CLJU_RS06550,CLJU_RS06550
ASPTA_reverse_num3,glu__L_c,glu__L,CLJU_RS14495,CLJU_RS14495
ASPTA_reverse_num3,oaa_c,oaa,CLJU_RS14495,CLJU_RS14495
VALTA_reverse_num2,3mob_c,3mob,CLJU_RS04620,CLJU_RS04620
VALTA_reverse_num2,glu__L_c,glu__L,CLJU_RS04620,CLJU_RS04620
CLPNS161_reverse_num2,clpn161_c,clpn161,CLJU_RS04385,CLJU_RS04385
CLPNS161_reverse_num2,glyc_c,glyc,CLJU_RS04385,CLJU_RS04385
CLPNS180_reverse_num2,clpn180_c,clpn180,CLJU_RS04385,CLJU_RS04385
CLPNS180_reverse_num2,glyc_c,glyc,CLJU_RS04385,CLJU_RS04385
CLPNS181_reverse_num2,clpn181_c,clpn181,CLJU_RS14325,CLJU_RS14325
CLPNS181_reverse_num2,glyc_c,glyc,CLJU_RS14325,CLJU_RS14325
TKT2_reverse_num2,f6p_c,f6p,CLJU_RS12720 and CLJU_RS12725,CLJU_RS12725
TKT2_reverse_num2,f6p_c,f6p,CLJU_RS12720 and CLJU_RS12725,CLJU_RS12720
TKT2_reverse_num2,g3p_c,g3p,CLJU_RS12720 and CLJU_RS12725,CLJU_RS12725
TKT2_reverse_num2,g3p_c,g3p,CLJU_RS12720 and CLJU_RS12725,CLJU_RS12720
