reactions,metabolites,metabolitestotal,gpr,genes,similes,totalmass,prosequence,mass,metname
GPDDA1,g3pc_c,g3pc,CLJU_c21800,CLJU_c21800,C[N+](C)(C)CCOP(=O)([O-])OCC(CO)O,28622.549200000023,MQNEPIVIAHRGANKFAPENSIPAIDIAGKMGYWGVELDVCSSSDGVLYLLHDPTLNRTTNGRGPITKKSSDEIDELKIDKGANIAQYPNLKVPRFEEALTECSKYNLVPIFEIKFLSRRNRDINTFLDIIHEYGYEKKVIVHSFNYQALEYLKSKDNEIRIMPIINPNSRLHGYMYAKSIGAVALDSRYDFLNKKIVQLAHKDGLKVFCWTIDRRQDFKRAAKMGVDYIYSDTIYPSKQEVKLRKNPV,28622.549200000023,Sn-Glycero-3-phosphocholine
GPDDA2,g3pe_c,g3pe,CLJU_c21800,CLJU_c21800,C(COP(=O)(O)OCC(CO)O)N,28622.549200000023,MQNEPIVIAHRGANKFAPENSIPAIDIAGKMGYWGVELDVCSSSDGVLYLLHDPTLNRTTNGRGPITKKSSDEIDELKIDKGANIAQYPNLKVPRFEEALTECSKYNLVPIFEIKFLSRRNRDINTFLDIIHEYGYEKKVIVHSFNYQALEYLKSKDNEIRIMPIINPNSRLHGYMYAKSIGAVALDSRYDFLNKKIVQLAHKDGLKVFCWTIDRRQDFKRAAKMGVDYIYSDTIYPSKQEVKLRKNPV,28622.549200000023,Sn-Glycero-3-phosphoethanolamine
GPDDA4,g3pg_c,g3pg,CLJU_c21800,CLJU_c21800,C(C(COP(=O)([O-])OCC(CO)O)O)O,28622.549200000023,MQNEPIVIAHRGANKFAPENSIPAIDIAGKMGYWGVELDVCSSSDGVLYLLHDPTLNRTTNGRGPITKKSSDEIDELKIDKGANIAQYPNLKVPRFEEALTECSKYNLVPIFEIKFLSRRNRDINTFLDIIHEYGYEKKVIVHSFNYQALEYLKSKDNEIRIMPIINPNSRLHGYMYAKSIGAVALDSRYDFLNKKIVQLAHKDGLKVFCWTIDRRQDFKRAAKMGVDYIYSDTIYPSKQEVKLRKNPV,28622.549200000023,Glycerophosphoglycerol
FDH7_num1,fdxr_42_c,fdxr_42,CLJU_c20040,CLJU_c20040,None,154548.6120000009,MKSILTTCPYCGTGCTFFLNVRDGKIVSVTPDDNANSVNQGKLCSKGRFGFDFVHHKDRLTSPLIRKAGKLVEVTWEEAIGFIVSKIKKTVKEYGSDSVAAFSSARCTNEENYLMQKLMRAVIGTNNVDHCARLUHAPTVSGLGTAFGSGAMTNSIHELDEMGPEDAIFAIGTNTTECHPIIGIKMLKAKERGTKLVVADPRKTDVALHADVWLRHKPGTDVALLNGMSYVILTEGLADKAFIAERTENFEDFKEVVMKFTPKYTSSITKVPADKIIEAARIIAKADAAALYYTMGITQHTTGVDNVLSTANIMMLTGNIGKPKGGVNPLRGQNNVQGACDMGALPNVYTGYQSVTNPDVKAKFEKAWNAQLSDKVGLNIPSILNAIEKDEVKMLYVFGENPMRSDPDINHVEHCLKHLDFLVVQDIFLTETAEVADVVLPGVSYAEKDGTFSSTDRTVQRIRKAVEPIGNSLPDWQILRDIMNAMDYPADYSSPEDIFDEMRSLTPSYAGISYKRLEDGGIPWPCPNENHLGTPILHVGKFSRGLGKFSPIEYREPAELPDKEYPLMLTTGRIVTHYHTGTMTRRCWGLNGADPEGFLEINPTDAKNLNIEDGDEISASTRRGSLITKAQVTTRVPEGLTFITFHFTESPANILTNSAPDPVTGTPEFKVCSVKIKKLDFSDFGCQKRKIFRKKSMRKDA,77274.30600000045,Ferredoxin (reduced form 4:2)
XYLabc,xyl__D_e,xyl__D,CLJU_c32270,CLJU_c32270,C1C(C(C(C(O1)O)O)O)O,38732.12419999999,MNKIGLKITTAFLWVAIYFIVMLIYTFFDIAIWRKITIKYSNCLNIVFIIACVITFIILLCNRTGYKVRIFKNVTIINIFLAVGCSVLFYFLLDKCFDQIFESLYPASEQAYQNTIQSLLKTPITSLLQVCIIAPVIEEILMRGFVLGGLKDSYGNSIINISSFICSSSF,19366.0621,D-Xylose
HYD2,mqn8_c,mqn8,CLJU_RS14130 and CLJU_c28650 and CLJU_RS14140 and CLJU_RS14145) and (CLJU_RS11345 and CLJU_RS11350 and CLJU_RS11355 and CLJU_RS11360,CLJU_c28650,CC1=C(C(=O)C2=CC=CC=C2C1=O)CC=C(C)CCC=C(C)CCC=C(C)CCC=C(C)CCC=C(C)CCC=C(C)CCC=C(C)CCC=C(C)C,17446.839600000003,MKAKVIALGNILMEDDGIGIRILENIKEELTHNNVESISGETDVEYCISQVKDGDFIFIIDASYNGKVPGTITVASLQDYKCKKKYYTQHSYSFIDLIGVYYKSLTGFIIEIEAASISFKLGLSHNLQNKLKSISKDVLKNIFLRLNDRAWEEK,17446.839600000003,Menaquinone 8
FDH7_reverse_num1,fdxo_42_c,fdxo_42,CLJU_c20040,CLJU_c20040,None,154548.6120000009,MKSILTTCPYCGTGCTFFLNVRDGKIVSVTPDDNANSVNQGKLCSKGRFGFDFVHHKDRLTSPLIRKAGKLVEVTWEEAIGFIVSKIKKTVKEYGSDSVAAFSSARCTNEENYLMQKLMRAVIGTNNVDHCARLUHAPTVSGLGTAFGSGAMTNSIHELDEMGPEDAIFAIGTNTTECHPIIGIKMLKAKERGTKLVVADPRKTDVALHADVWLRHKPGTDVALLNGMSYVILTEGLADKAFIAERTENFEDFKEVVMKFTPKYTSSITKVPADKIIEAARIIAKADAAALYYTMGITQHTTGVDNVLSTANIMMLTGNIGKPKGGVNPLRGQNNVQGACDMGALPNVYTGYQSVTNPDVKAKFEKAWNAQLSDKVGLNIPSILNAIEKDEVKMLYVFGENPMRSDPDINHVEHCLKHLDFLVVQDIFLTETAEVADVVLPGVSYAEKDGTFSSTDRTVQRIRKAVEPIGNSLPDWQILRDIMNAMDYPADYSSPEDIFDEMRSLTPSYAGISYKRLEDGGIPWPCPNENHLGTPILHVGKFSRGLGKFSPIEYREPAELPDKEYPLMLTTGRIVTHYHTGTMTRRCWGLNGADPEGFLEINPTDAKNLNIEDGDEISASTRRGSLITKAQVTTRVPEGLTFITFHFTESPANILTNSAPDPVTGTPEFKVCSVKIKKLDFSDFGCQKRKIFRKKSMRKDA,77274.30600000045,Ferredoxin (oxidized form 4:2)
FDH7_reverse_num1,for_c,for,CLJU_c20040,CLJU_c20040,C(=O)[O-],154548.6120000009,MKSILTTCPYCGTGCTFFLNVRDGKIVSVTPDDNANSVNQGKLCSKGRFGFDFVHHKDRLTSPLIRKAGKLVEVTWEEAIGFIVSKIKKTVKEYGSDSVAAFSSARCTNEENYLMQKLMRAVIGTNNVDHCARLUHAPTVSGLGTAFGSGAMTNSIHELDEMGPEDAIFAIGTNTTECHPIIGIKMLKAKERGTKLVVADPRKTDVALHADVWLRHKPGTDVALLNGMSYVILTEGLADKAFIAERTENFEDFKEVVMKFTPKYTSSITKVPADKIIEAARIIAKADAAALYYTMGITQHTTGVDNVLSTANIMMLTGNIGKPKGGVNPLRGQNNVQGACDMGALPNVYTGYQSVTNPDVKAKFEKAWNAQLSDKVGLNIPSILNAIEKDEVKMLYVFGENPMRSDPDINHVEHCLKHLDFLVVQDIFLTETAEVADVVLPGVSYAEKDGTFSSTDRTVQRIRKAVEPIGNSLPDWQILRDIMNAMDYPADYSSPEDIFDEMRSLTPSYAGISYKRLEDGGIPWPCPNENHLGTPILHVGKFSRGLGKFSPIEYREPAELPDKEYPLMLTTGRIVTHYHTGTMTRRCWGLNGADPEGFLEINPTDAKNLNIEDGDEISASTRRGSLITKAQVTTRVPEGLTFITFHFTESPANILTNSAPDPVTGTPEFKVCSVKIKKLDFSDFGCQKRKIFRKKSMRKDA,77274.30600000045,Formate
FDH7_num2,fdxr_42_c,fdxr_42,CLJU_c06990,CLJU_c06990,None,157848.68660000066,MDKKVLTVCPYCGAGCNLYLHVKNGKIIKAEPANGRTNEGSLCLKGHFGWDFLNDPKILTSRIKHPMIRKNGELEEVSWDEAISFTASRLSQIKEKYGPDSIMGTGCARGSGNEANYIMQKFMRAVIGTNNVDHCARVUHAPSVAGLAYVLGNGAMSNGIHEIDDTDLLLIFGYNGAASHPIVAKRIVRAKQKGAKVIVVDPRITESGRIADLWLPIKNGTNMVLVNTFANILINKQFYNKQYVEDHTVGFEEYRSIVENYTPEYAEKVTGIPSEDIVEAMKMYSGAKNAMILYGMGVCQFAQAVDVVKGLASIALLTGNFGRPNVGIGPVRGQNNVQGACDMGALPNVYPGYQSVTDDAIREKFEKAWGVKLPNKVGYHLTQVPELTLKEDKIKAYYIMGEDPVQSDPDSNEMRETLDKMELVIVQDIFMNKTALHADVILPSTSWGEHEGVFSSADRGFQRFRKAVEPKGDVKPDWEIISKIACAMGYNMHYNNTEEIWNELINLCPNFKGATYKRLEELGGIQWPCPSENHPGTSYLYKGNKFNTPTGKANLFAAEWRPPVEQTDKDYPLVLSTVREVGHYSVRTMTGNCRALQQLADEPGYVQVNPMDAKAKGIIDGELMRISSRRGSVVARALITERANKGAVYMTYQWWVGACNELTSNNLDPVSKTPELKYCAVKIEAIKDQKEAEKFIKDQYDLLKKKMNV,78924.34330000033,Ferredoxin (reduced form 4:2)
FDH7_reverse_num2,fdxo_42_c,fdxo_42,CLJU_c06990,CLJU_c06990,None,157848.68660000066,MDKKVLTVCPYCGAGCNLYLHVKNGKIIKAEPANGRTNEGSLCLKGHFGWDFLNDPKILTSRIKHPMIRKNGELEEVSWDEAISFTASRLSQIKEKYGPDSIMGTGCARGSGNEANYIMQKFMRAVIGTNNVDHCARVUHAPSVAGLAYVLGNGAMSNGIHEIDDTDLLLIFGYNGAASHPIVAKRIVRAKQKGAKVIVVDPRITESGRIADLWLPIKNGTNMVLVNTFANILINKQFYNKQYVEDHTVGFEEYRSIVENYTPEYAEKVTGIPSEDIVEAMKMYSGAKNAMILYGMGVCQFAQAVDVVKGLASIALLTGNFGRPNVGIGPVRGQNNVQGACDMGALPNVYPGYQSVTDDAIREKFEKAWGVKLPNKVGYHLTQVPELTLKEDKIKAYYIMGEDPVQSDPDSNEMRETLDKMELVIVQDIFMNKTALHADVILPSTSWGEHEGVFSSADRGFQRFRKAVEPKGDVKPDWEIISKIACAMGYNMHYNNTEEIWNELINLCPNFKGATYKRLEELGGIQWPCPSENHPGTSYLYKGNKFNTPTGKANLFAAEWRPPVEQTDKDYPLVLSTVREVGHYSVRTMTGNCRALQQLADEPGYVQVNPMDAKAKGIIDGELMRISSRRGSVVARALITERANKGAVYMTYQWWVGACNELTSNNLDPVSKTPELKYCAVKIEAIKDQKEAEKFIKDQYDLLKKKMNV,78924.34330000033,Ferredoxin (oxidized form 4:2)
FDH7_reverse_num2,for_c,for,CLJU_c06990,CLJU_c06990,C(=O)[O-],157848.68660000066,MDKKVLTVCPYCGAGCNLYLHVKNGKIIKAEPANGRTNEGSLCLKGHFGWDFLNDPKILTSRIKHPMIRKNGELEEVSWDEAISFTASRLSQIKEKYGPDSIMGTGCARGSGNEANYIMQKFMRAVIGTNNVDHCARVUHAPSVAGLAYVLGNGAMSNGIHEIDDTDLLLIFGYNGAASHPIVAKRIVRAKQKGAKVIVVDPRITESGRIADLWLPIKNGTNMVLVNTFANILINKQFYNKQYVEDHTVGFEEYRSIVENYTPEYAEKVTGIPSEDIVEAMKMYSGAKNAMILYGMGVCQFAQAVDVVKGLASIALLTGNFGRPNVGIGPVRGQNNVQGACDMGALPNVYPGYQSVTDDAIREKFEKAWGVKLPNKVGYHLTQVPELTLKEDKIKAYYIMGEDPVQSDPDSNEMRETLDKMELVIVQDIFMNKTALHADVILPSTSWGEHEGVFSSADRGFQRFRKAVEPKGDVKPDWEIISKIACAMGYNMHYNNTEEIWNELINLCPNFKGATYKRLEELGGIQWPCPSENHPGTSYLYKGNKFNTPTGKANLFAAEWRPPVEQTDKDYPLVLSTVREVGHYSVRTMTGNCRALQQLADEPGYVQVNPMDAKAKGIIDGELMRISSRRGSVVARALITERANKGAVYMTYQWWVGACNELTSNNLDPVSKTPELKYCAVKIEAIKDQKEAEKFIKDQYDLLKKKMNV,78924.34330000033,Formate
