metname	similes	prosequence
O2 O2	None	MQVNNLGFIASILFVLVPTVFLLILFIQTGKQSES
O2 O2	None	MDIKKAWENKTVRLSVIGALLVVIVYIISQSIFSTPVKKEKKTQKKDMQTNLLLDDSQMNKLSNEESQKVYKEMVKQNRLDQNAAKEDREKAEKAQQETKAQVASLTSQLQQLSQQINDMQTNRNGNRNLDAGSSRKTINEQAPAAPYQLNANAPINGVNPNYASITPTRNSPMRTITQSSIKTNGTDGVIQVMPVSENRIKEGREVIAGDKAPTRTVRGDGTAPVDSKARHAARKDEMFLPATSIITGVLITGLEAPTSLSSKSEPMPVTMRIKKDVIMPNNFTMDLRDCNLLGSAVGDLASQRAYIRATSISCVNSKGKAFDVKLEAYAVSENDGKNGIRGTLISRNGNAIAGAAFAGGLSSLAGSLSPSKVSSLNIDPNSQAQYQSPNFGALGALAGAGAAQGGLNRLVDYYTAIAEQQWPIVEISPGRAITFVVQTGTTIPTNLTSR
Internal bound semiquinone radical of the Photosystem II	None	MQVNNLGFIASILFVLVPTVFLLILFIQTGKQSES
Internal bound semiquinone radical of the Photosystem II	None	MDIKKAWENKTVRLSVIGALLVVIVYIISQSIFSTPVKKEKKTQKKDMQTNLLLDDSQMNKLSNEESQKVYKEMVKQNRLDQNAAKEDREKAEKAQQETKAQVASLTSQLQQLSQQINDMQTNRNGNRNLDAGSSRKTINEQAPAAPYQLNANAPINGVNPNYASITPTRNSPMRTITQSSIKTNGTDGVIQVMPVSENRIKEGREVIAGDKAPTRTVRGDGTAPVDSKARHAARKDEMFLPATSIITGVLITGLEAPTSLSSKSEPMPVTMRIKKDVIMPNNFTMDLRDCNLLGSAVGDLASQRAYIRATSISCVNSKGKAFDVKLEAYAVSENDGKNGIRGTLISRNGNAIAGAAFAGGLSSLAGSLSPSKVSSLNIDPNSQAQYQSPNFGALGALAGAGAAQGGLNRLVDYYTAIAEQQWPIVEISPGRAITFVVQTGTTIPTNLTSR
Plastocyanin(Cu2+)	None	MDILTLGWVSVLVLFTWSISMVVWGRNGF
Reduced rieske B6	None	MDILTLGWVSVLVLFTWSISMVVWGRNGF
Heme B located in the Cytochrome-b6/f complex, triply protonated	None	MDILTLGWVSVLVLFTWSISMVVWGRNGF
Plastosemiquinone located at the luminal side of the Cytochrome-b6/f complex	None	MDILTLGWVSVLVLFTWSISMVVWGRNGF
Oxidized rieske B6	None	MDILTLGWVSVLVLFTWSISMVVWGRNGF
Plastoquinol	None	MDILTLGWVSVLVLFTWSISMVVWGRNGF
Acetyl-CoA	CC(=O)SCCNC(=O)CCNC(=O)C(C(C)(C)COP(=O)([O-])OP(=O)([O-])OCC1C(C(C(O1)N2C=NC3=C(N=CN=C32)N)O)OP(=O)([O-])[O-])O	MLITLEPTFYLRNHPLYYSPYDTLMITSIESPIKLSIPDEDFTIREVGFLHAYRLNLSFPPDLLLTYADMLSDSVSNVADYFLGEGQSSCFPENVVSSAQQIIYIEDFYVEPQYRGRNIGLKSLALFLQMLGQGAIVAGCPFPAGEEDSPGARRRQRLLIDYWSKLGLLCHCQKRNILWNDNWQLPKWLEECLWHEI
Putrescine	C(CC[NH3+])C[NH3+]	MLITLEPTFYLRNHPLYYSPYDTLMITSIESPIKLSIPDEDFTIREVGFLHAYRLNLSFPPDLLLTYADMLSDSVSNVADYFLGEGQSSCFPENVVSSAQQIIYIEDFYVEPQYRGRNIGLKSLALFLQMLGQGAIVAGCPFPAGEEDSPGARRRQRLLIDYWSKLGLLCHCQKRNILWNDNWQLPKWLEECLWHEI
Phenylacetic acid	C1=CC=C(C=C1)CC(=O)[O-]	MSIVVSTRLPDLTHERLQRFARCLGKTPSETTALLVEESLRQQDFPYIEFRQTPLGRHAHLKNSTLAVWEVVRIAQGYALDPEKTAQHFQRPLPWVKSALLYAEAYPEEINIAITDAGAVNETTLTRLLPQLEVQGQS
Arsenate ion	None	MTENMIVIYHNPDCGTSRNVLQLIEAAGYLPQVIEYVKEGWTKPQLLGLFAAADLTPRSALRTTKSPAAELNLLEETVTDAQILDAMVEYPILVNRPIVCTPKGVRLCRPSEVVLDLLDHWPSGPFAKEDGELIIDERGNRVYT
Glutaredoxin	None	MTENMIVIYHNPDCGTSRNVLQLIEAAGYLPQVIEYVKEGWTKPQLLGLFAAADLTPRSALRTTKSPAAELNLLEETVTDAQILDAMVEYPILVNRPIVCTPKGVRLCRPSEVVLDLLDHWPSGPFAKEDGELIIDERGNRVYT
Ferricytochrome c6	None	MDILTLGWVSVLVLFTWSISMVVWGRNGF
Reduced rieske B6	None	MDILTLGWVSVLVLFTWSISMVVWGRNGF
Plastoquinone	None	MIFPGATVRVTNVDDTYYRFEGLVQRVSDGKAAVLFENGNWDKLVTFRLSELEAVKPI
Plastoquinone	None	MSTSTHALTLQNPIQAPQVTKELSENVILTCLDDIYNWARLSTLYPMMFGTACCFMEFMAAFGPRFDLERFGSIPRATPRQADLMITAGTITMKYAPALVQLYEQIPEPKYVIAMGACTITAGMFSADSPTAVRGVDKLIPVDVYIPGCPPRPEAVIDGIIKLRKKVAGESRQDYTEDLQTHRFHAVRHRMKPVSPILTGQYLRHHEDLTPHHDPLLIK
Plastoquinone	None	MIFPGATVRVTNVDDTYYRFEGLVQRVSDGKAAVLFENGNWDKLVTFRLSELEAVKPI
Plastoquinone	None	MSTSTHALTLQNPIQAPQVTKELSENVILTCLDDIYNWARLSTLYPMMFGTACCFMEFMAAFGPRFDLERFGSIPRATPRQADLMITAGTITMKYAPALVQLYEQIPEPKYVIAMGACTITAGMFSADSPTAVRGVDKLIPVDVYIPGCPPRPEAVIDGIIKLRKKVAGESRQDYTEDLQTHRFHAVRHRMKPVSPILTGQYLRHHEDLTPHHDPLLIK
Plastoquinone	None	MIFPGATVRVTNVDDTYYRFEGLVQRVSDGKAAVLFENGNWDKLVTFRLSELEAVKPI
Plastoquinone	None	MSTSTHALTLQNPIQAPQVTKELSENVILTCLDDIYNWARLSTLYPMMFGTACCFMEFMAAFGPRFDLERFGSIPRATPRQADLMITAGTITMKYAPALVQLYEQIPEPKYVIAMGACTITAGMFSADSPTAVRGVDKLIPVDVYIPGCPPRPEAVIDGIIKLRKKVAGESRQDYTEDLQTHRFHAVRHRMKPVSPILTGQYLRHHEDLTPHHDPLLIK
Reduced ferredoxin	None	MDILTLGWVSVLVLFTWSISMVVWGRNGF
Heme X located in the Cytochrome-b6/f complex, protonated	None	MDILTLGWVSVLVLFTWSISMVVWGRNGF
Heme B located in the Cytochrome-b6/f complex, twice protonated	None	MDILTLGWVSVLVLFTWSISMVVWGRNGF
Plastosemiquinone located at the stromal side of the Cytochrome-b6/f complex	None	MDILTLGWVSVLVLFTWSISMVVWGRNGF
Plastoquinone	None	MIFPGATVRVTNVDDTYYRFEGLVQRVSDGKAAVLFENGNWDKLVTFRLSELEAVKPI
Heme B located in the Cytochrome-b6/f complex, twice protonated	None	MDILTLGWVSVLVLFTWSISMVVWGRNGF
Plastosemiquinone located at the stromal side of the Cytochrome-b6/f complex	None	MDILTLGWVSVLVLFTWSISMVVWGRNGF
Plastocyanin(Cu2+)	None	MDILTLGWVSVLVLFTWSISMVVWGRNGF
Reduced rieske B6	None	MDILTLGWVSVLVLFTWSISMVVWGRNGF
Heme B located in the Cytochrome-b6/f complex, triply protonated	None	MDILTLGWVSVLVLFTWSISMVVWGRNGF
Plastosemiquinone located at the luminal side of the Cytochrome-b6/f complex	None	MDILTLGWVSVLVLFTWSISMVVWGRNGF
Reduced ferredoxin	None	MDILTLGWVSVLVLFTWSISMVVWGRNGF
Heme X located in the Cytochrome-b6/f complex,	None	MDILTLGWVSVLVLFTWSISMVVWGRNGF
Plastoquinone	None	MDILTLGWVSVLVLFTWSISMVVWGRNGF
Oxidized rieske B6	None	MDILTLGWVSVLVLFTWSISMVVWGRNGF
Plastoquinol	None	MDILTLGWVSVLVLFTWSISMVVWGRNGF
Ferricytochrome c6	None	MDILTLGWVSVLVLFTWSISMVVWGRNGF
Reduced rieske B6	None	MDILTLGWVSVLVLFTWSISMVVWGRNGF
Heme B located in the Cytochrome-b6/f complex, twice protonated	None	MDILTLGWVSVLVLFTWSISMVVWGRNGF
Plastosemiquinone located at the stromal side of the Cytochrome-b6/f complex	None	MDILTLGWVSVLVLFTWSISMVVWGRNGF
Heme B located in the Cytochrome-b6/f complex, twice protonated	None	MDILTLGWVSVLVLFTWSISMVVWGRNGF
Plastosemiquinone located at the stromal side of the Cytochrome-b6/f complex	None	MDILTLGWVSVLVLFTWSISMVVWGRNGF
Photons with 680nm wavelength	None	MQVNNLGFIASILFVLVPTVFLLILFIQTGKQSES
Photons with 680nm wavelength	None	MDIKKAWENKTVRLSVIGALLVVIVYIISQSIFSTPVKKEKKTQKKDMQTNLLLDDSQMNKLSNEESQKVYKEMVKQNRLDQNAAKEDREKAEKAQQETKAQVASLTSQLQQLSQQINDMQTNRNGNRNLDAGSSRKTINEQAPAAPYQLNANAPINGVNPNYASITPTRNSPMRTITQSSIKTNGTDGVIQVMPVSENRIKEGREVIAGDKAPTRTVRGDGTAPVDSKARHAARKDEMFLPATSIITGVLITGLEAPTSLSSKSEPMPVTMRIKKDVIMPNNFTMDLRDCNLLGSAVGDLASQRAYIRATSISCVNSKGKAFDVKLEAYAVSENDGKNGIRGTLISRNGNAIAGAAFAGGLSSLAGSLSPSKVSSLNIDPNSQAQYQSPNFGALGALAGAGAAQGGLNRLVDYYTAIAEQQWPIVEISPGRAITFVVQTGTTIPTNLTSR
PSII reaction center P680	None	MQVNNLGFIASILFVLVPTVFLLILFIQTGKQSES
PSII reaction center P680	None	MDIKKAWENKTVRLSVIGALLVVIVYIISQSIFSTPVKKEKKTQKKDMQTNLLLDDSQMNKLSNEESQKVYKEMVKQNRLDQNAAKEDREKAEKAQQETKAQVASLTSQLQQLSQQINDMQTNRNGNRNLDAGSSRKTINEQAPAAPYQLNANAPINGVNPNYASITPTRNSPMRTITQSSIKTNGTDGVIQVMPVSENRIKEGREVIAGDKAPTRTVRGDGTAPVDSKARHAARKDEMFLPATSIITGVLITGLEAPTSLSSKSEPMPVTMRIKKDVIMPNNFTMDLRDCNLLGSAVGDLASQRAYIRATSISCVNSKGKAFDVKLEAYAVSENDGKNGIRGTLISRNGNAIAGAAFAGGLSSLAGSLSPSKVSSLNIDPNSQAQYQSPNFGALGALAGAGAAQGGLNRLVDYYTAIAEQQWPIVEISPGRAITFVVQTGTTIPTNLTSR
Internal bound plastoquinone of the Photosystem II	None	MQVNNLGFIASILFVLVPTVFLLILFIQTGKQSES
Internal bound plastoquinone of the Photosystem II	None	MDIKKAWENKTVRLSVIGALLVVIVYIISQSIFSTPVKKEKKTQKKDMQTNLLLDDSQMNKLSNEESQKVYKEMVKQNRLDQNAAKEDREKAEKAQQETKAQVASLTSQLQQLSQQINDMQTNRNGNRNLDAGSSRKTINEQAPAAPYQLNANAPINGVNPNYASITPTRNSPMRTITQSSIKTNGTDGVIQVMPVSENRIKEGREVIAGDKAPTRTVRGDGTAPVDSKARHAARKDEMFLPATSIITGVLITGLEAPTSLSSKSEPMPVTMRIKKDVIMPNNFTMDLRDCNLLGSAVGDLASQRAYIRATSISCVNSKGKAFDVKLEAYAVSENDGKNGIRGTLISRNGNAIAGAAFAGGLSSLAGSLSPSKVSSLNIDPNSQAQYQSPNFGALGALAGAGAAQGGLNRLVDYYTAIAEQQWPIVEISPGRAITFVVQTGTTIPTNLTSR
Plastoquinone	None	MQVNNLGFIASILFVLVPTVFLLILFIQTGKQSES
Plastoquinone	None	MDIKKAWENKTVRLSVIGALLVVIVYIISQSIFSTPVKKEKKTQKKDMQTNLLLDDSQMNKLSNEESQKVYKEMVKQNRLDQNAAKEDREKAEKAQQETKAQVASLTSQLQQLSQQINDMQTNRNGNRNLDAGSSRKTINEQAPAAPYQLNANAPINGVNPNYASITPTRNSPMRTITQSSIKTNGTDGVIQVMPVSENRIKEGREVIAGDKAPTRTVRGDGTAPVDSKARHAARKDEMFLPATSIITGVLITGLEAPTSLSSKSEPMPVTMRIKKDVIMPNNFTMDLRDCNLLGSAVGDLASQRAYIRATSISCVNSKGKAFDVKLEAYAVSENDGKNGIRGTLISRNGNAIAGAAFAGGLSSLAGSLSPSKVSSLNIDPNSQAQYQSPNFGALGALAGAGAAQGGLNRLVDYYTAIAEQQWPIVEISPGRAITFVVQTGTTIPTNLTSR
Internal bound semiquinone radical of the Photosystem II	None	MQVNNLGFIASILFVLVPTVFLLILFIQTGKQSES
Internal bound semiquinone radical of the Photosystem II	None	MDIKKAWENKTVRLSVIGALLVVIVYIISQSIFSTPVKKEKKTQKKDMQTNLLLDDSQMNKLSNEESQKVYKEMVKQNRLDQNAAKEDREKAEKAQQETKAQVASLTSQLQQLSQQINDMQTNRNGNRNLDAGSSRKTINEQAPAAPYQLNANAPINGVNPNYASITPTRNSPMRTITQSSIKTNGTDGVIQVMPVSENRIKEGREVIAGDKAPTRTVRGDGTAPVDSKARHAARKDEMFLPATSIITGVLITGLEAPTSLSSKSEPMPVTMRIKKDVIMPNNFTMDLRDCNLLGSAVGDLASQRAYIRATSISCVNSKGKAFDVKLEAYAVSENDGKNGIRGTLISRNGNAIAGAAFAGGLSSLAGSLSPSKVSSLNIDPNSQAQYQSPNFGALGALAGAGAAQGGLNRLVDYYTAIAEQQWPIVEISPGRAITFVVQTGTTIPTNLTSR
Semiplastoquinone radical loosely bound to the Photosystem II	None	MQVNNLGFIASILFVLVPTVFLLILFIQTGKQSES
Semiplastoquinone radical loosely bound to the Photosystem II	None	MDIKKAWENKTVRLSVIGALLVVIVYIISQSIFSTPVKKEKKTQKKDMQTNLLLDDSQMNKLSNEESQKVYKEMVKQNRLDQNAAKEDREKAEKAQQETKAQVASLTSQLQQLSQQINDMQTNRNGNRNLDAGSSRKTINEQAPAAPYQLNANAPINGVNPNYASITPTRNSPMRTITQSSIKTNGTDGVIQVMPVSENRIKEGREVIAGDKAPTRTVRGDGTAPVDSKARHAARKDEMFLPATSIITGVLITGLEAPTSLSSKSEPMPVTMRIKKDVIMPNNFTMDLRDCNLLGSAVGDLASQRAYIRATSISCVNSKGKAFDVKLEAYAVSENDGKNGIRGTLISRNGNAIAGAAFAGGLSSLAGSLSPSKVSSLNIDPNSQAQYQSPNFGALGALAGAGAAQGGLNRLVDYYTAIAEQQWPIVEISPGRAITFVVQTGTTIPTNLTSR
Internal bound semiquinone radical of the Photosystem II	None	MQVNNLGFIASILFVLVPTVFLLILFIQTGKQSES
Internal bound semiquinone radical of the Photosystem II	None	MDIKKAWENKTVRLSVIGALLVVIVYIISQSIFSTPVKKEKKTQKKDMQTNLLLDDSQMNKLSNEESQKVYKEMVKQNRLDQNAAKEDREKAEKAQQETKAQVASLTSQLQQLSQQINDMQTNRNGNRNLDAGSSRKTINEQAPAAPYQLNANAPINGVNPNYASITPTRNSPMRTITQSSIKTNGTDGVIQVMPVSENRIKEGREVIAGDKAPTRTVRGDGTAPVDSKARHAARKDEMFLPATSIITGVLITGLEAPTSLSSKSEPMPVTMRIKKDVIMPNNFTMDLRDCNLLGSAVGDLASQRAYIRATSISCVNSKGKAFDVKLEAYAVSENDGKNGIRGTLISRNGNAIAGAAFAGGLSSLAGSLSPSKVSSLNIDPNSQAQYQSPNFGALGALAGAGAAQGGLNRLVDYYTAIAEQQWPIVEISPGRAITFVVQTGTTIPTNLTSR
Positive charged reaction centre of the Photosystem II	None	MQVNNLGFIASILFVLVPTVFLLILFIQTGKQSES
Positive charged reaction centre of the Photosystem II	None	MDIKKAWENKTVRLSVIGALLVVIVYIISQSIFSTPVKKEKKTQKKDMQTNLLLDDSQMNKLSNEESQKVYKEMVKQNRLDQNAAKEDREKAEKAQQETKAQVASLTSQLQQLSQQINDMQTNRNGNRNLDAGSSRKTINEQAPAAPYQLNANAPINGVNPNYASITPTRNSPMRTITQSSIKTNGTDGVIQVMPVSENRIKEGREVIAGDKAPTRTVRGDGTAPVDSKARHAARKDEMFLPATSIITGVLITGLEAPTSLSSKSEPMPVTMRIKKDVIMPNNFTMDLRDCNLLGSAVGDLASQRAYIRATSISCVNSKGKAFDVKLEAYAVSENDGKNGIRGTLISRNGNAIAGAAFAGGLSSLAGSLSPSKVSSLNIDPNSQAQYQSPNFGALGALAGAGAAQGGLNRLVDYYTAIAEQQWPIVEISPGRAITFVVQTGTTIPTNLTSR
Second oxidation state of the cluster of manganese atoms in the Photosystem II	None	MQVNNLGFIASILFVLVPTVFLLILFIQTGKQSES
Second oxidation state of the cluster of manganese atoms in the Photosystem II	None	MDIKKAWENKTVRLSVIGALLVVIVYIISQSIFSTPVKKEKKTQKKDMQTNLLLDDSQMNKLSNEESQKVYKEMVKQNRLDQNAAKEDREKAEKAQQETKAQVASLTSQLQQLSQQINDMQTNRNGNRNLDAGSSRKTINEQAPAAPYQLNANAPINGVNPNYASITPTRNSPMRTITQSSIKTNGTDGVIQVMPVSENRIKEGREVIAGDKAPTRTVRGDGTAPVDSKARHAARKDEMFLPATSIITGVLITGLEAPTSLSSKSEPMPVTMRIKKDVIMPNNFTMDLRDCNLLGSAVGDLASQRAYIRATSISCVNSKGKAFDVKLEAYAVSENDGKNGIRGTLISRNGNAIAGAAFAGGLSSLAGSLSPSKVSSLNIDPNSQAQYQSPNFGALGALAGAGAAQGGLNRLVDYYTAIAEQQWPIVEISPGRAITFVVQTGTTIPTNLTSR
Positive charged reaction centre of the Photosystem II	None	MQVNNLGFIASILFVLVPTVFLLILFIQTGKQSES
Positive charged reaction centre of the Photosystem II	None	MDIKKAWENKTVRLSVIGALLVVIVYIISQSIFSTPVKKEKKTQKKDMQTNLLLDDSQMNKLSNEESQKVYKEMVKQNRLDQNAAKEDREKAEKAQQETKAQVASLTSQLQQLSQQINDMQTNRNGNRNLDAGSSRKTINEQAPAAPYQLNANAPINGVNPNYASITPTRNSPMRTITQSSIKTNGTDGVIQVMPVSENRIKEGREVIAGDKAPTRTVRGDGTAPVDSKARHAARKDEMFLPATSIITGVLITGLEAPTSLSSKSEPMPVTMRIKKDVIMPNNFTMDLRDCNLLGSAVGDLASQRAYIRATSISCVNSKGKAFDVKLEAYAVSENDGKNGIRGTLISRNGNAIAGAAFAGGLSSLAGSLSPSKVSSLNIDPNSQAQYQSPNFGALGALAGAGAAQGGLNRLVDYYTAIAEQQWPIVEISPGRAITFVVQTGTTIPTNLTSR
Third oxidation state of the cluster of manganese atoms in the Photosystem II	None	MQVNNLGFIASILFVLVPTVFLLILFIQTGKQSES
Third oxidation state of the cluster of manganese atoms in the Photosystem II	None	MDIKKAWENKTVRLSVIGALLVVIVYIISQSIFSTPVKKEKKTQKKDMQTNLLLDDSQMNKLSNEESQKVYKEMVKQNRLDQNAAKEDREKAEKAQQETKAQVASLTSQLQQLSQQINDMQTNRNGNRNLDAGSSRKTINEQAPAAPYQLNANAPINGVNPNYASITPTRNSPMRTITQSSIKTNGTDGVIQVMPVSENRIKEGREVIAGDKAPTRTVRGDGTAPVDSKARHAARKDEMFLPATSIITGVLITGLEAPTSLSSKSEPMPVTMRIKKDVIMPNNFTMDLRDCNLLGSAVGDLASQRAYIRATSISCVNSKGKAFDVKLEAYAVSENDGKNGIRGTLISRNGNAIAGAAFAGGLSSLAGSLSPSKVSSLNIDPNSQAQYQSPNFGALGALAGAGAAQGGLNRLVDYYTAIAEQQWPIVEISPGRAITFVVQTGTTIPTNLTSR
H2O H2O	None	MQVNNLGFIASILFVLVPTVFLLILFIQTGKQSES
H2O H2O	None	MDIKKAWENKTVRLSVIGALLVVIVYIISQSIFSTPVKKEKKTQKKDMQTNLLLDDSQMNKLSNEESQKVYKEMVKQNRLDQNAAKEDREKAEKAQQETKAQVASLTSQLQQLSQQINDMQTNRNGNRNLDAGSSRKTINEQAPAAPYQLNANAPINGVNPNYASITPTRNSPMRTITQSSIKTNGTDGVIQVMPVSENRIKEGREVIAGDKAPTRTVRGDGTAPVDSKARHAARKDEMFLPATSIITGVLITGLEAPTSLSSKSEPMPVTMRIKKDVIMPNNFTMDLRDCNLLGSAVGDLASQRAYIRATSISCVNSKGKAFDVKLEAYAVSENDGKNGIRGTLISRNGNAIAGAAFAGGLSSLAGSLSPSKVSSLNIDPNSQAQYQSPNFGALGALAGAGAAQGGLNRLVDYYTAIAEQQWPIVEISPGRAITFVVQTGTTIPTNLTSR
Fourth oxidation state of the cluster of manganese atoms in the Photosystem II	None	MQVNNLGFIASILFVLVPTVFLLILFIQTGKQSES
Fourth oxidation state of the cluster of manganese atoms in the Photosystem II	None	MDIKKAWENKTVRLSVIGALLVVIVYIISQSIFSTPVKKEKKTQKKDMQTNLLLDDSQMNKLSNEESQKVYKEMVKQNRLDQNAAKEDREKAEKAQQETKAQVASLTSQLQQLSQQINDMQTNRNGNRNLDAGSSRKTINEQAPAAPYQLNANAPINGVNPNYASITPTRNSPMRTITQSSIKTNGTDGVIQVMPVSENRIKEGREVIAGDKAPTRTVRGDGTAPVDSKARHAARKDEMFLPATSIITGVLITGLEAPTSLSSKSEPMPVTMRIKKDVIMPNNFTMDLRDCNLLGSAVGDLASQRAYIRATSISCVNSKGKAFDVKLEAYAVSENDGKNGIRGTLISRNGNAIAGAAFAGGLSSLAGSLSPSKVSSLNIDPNSQAQYQSPNFGALGALAGAGAAQGGLNRLVDYYTAIAEQQWPIVEISPGRAITFVVQTGTTIPTNLTSR
Positive charged reaction centre of the Photosystem II	None	MQVNNLGFIASILFVLVPTVFLLILFIQTGKQSES
Positive charged reaction centre of the Photosystem II	None	MDIKKAWENKTVRLSVIGALLVVIVYIISQSIFSTPVKKEKKTQKKDMQTNLLLDDSQMNKLSNEESQKVYKEMVKQNRLDQNAAKEDREKAEKAQQETKAQVASLTSQLQQLSQQINDMQTNRNGNRNLDAGSSRKTINEQAPAAPYQLNANAPINGVNPNYASITPTRNSPMRTITQSSIKTNGTDGVIQVMPVSENRIKEGREVIAGDKAPTRTVRGDGTAPVDSKARHAARKDEMFLPATSIITGVLITGLEAPTSLSSKSEPMPVTMRIKKDVIMPNNFTMDLRDCNLLGSAVGDLASQRAYIRATSISCVNSKGKAFDVKLEAYAVSENDGKNGIRGTLISRNGNAIAGAAFAGGLSSLAGSLSPSKVSSLNIDPNSQAQYQSPNFGALGALAGAGAAQGGLNRLVDYYTAIAEQQWPIVEISPGRAITFVVQTGTTIPTNLTSR
First oxidation state of the cluster of manganese atoms in the Photosystem II	None	MQVNNLGFIASILFVLVPTVFLLILFIQTGKQSES
First oxidation state of the cluster of manganese atoms in the Photosystem II	None	MDIKKAWENKTVRLSVIGALLVVIVYIISQSIFSTPVKKEKKTQKKDMQTNLLLDDSQMNKLSNEESQKVYKEMVKQNRLDQNAAKEDREKAEKAQQETKAQVASLTSQLQQLSQQINDMQTNRNGNRNLDAGSSRKTINEQAPAAPYQLNANAPINGVNPNYASITPTRNSPMRTITQSSIKTNGTDGVIQVMPVSENRIKEGREVIAGDKAPTRTVRGDGTAPVDSKARHAARKDEMFLPATSIITGVLITGLEAPTSLSSKSEPMPVTMRIKKDVIMPNNFTMDLRDCNLLGSAVGDLASQRAYIRATSISCVNSKGKAFDVKLEAYAVSENDGKNGIRGTLISRNGNAIAGAAFAGGLSSLAGSLSPSKVSSLNIDPNSQAQYQSPNFGALGALAGAGAAQGGLNRLVDYYTAIAEQQWPIVEISPGRAITFVVQTGTTIPTNLTSR
Positive charged reaction centre of the Photosystem II	None	MQVNNLGFIASILFVLVPTVFLLILFIQTGKQSES
Positive charged reaction centre of the Photosystem II	None	MDIKKAWENKTVRLSVIGALLVVIVYIISQSIFSTPVKKEKKTQKKDMQTNLLLDDSQMNKLSNEESQKVYKEMVKQNRLDQNAAKEDREKAEKAQQETKAQVASLTSQLQQLSQQINDMQTNRNGNRNLDAGSSRKTINEQAPAAPYQLNANAPINGVNPNYASITPTRNSPMRTITQSSIKTNGTDGVIQVMPVSENRIKEGREVIAGDKAPTRTVRGDGTAPVDSKARHAARKDEMFLPATSIITGVLITGLEAPTSLSSKSEPMPVTMRIKKDVIMPNNFTMDLRDCNLLGSAVGDLASQRAYIRATSISCVNSKGKAFDVKLEAYAVSENDGKNGIRGTLISRNGNAIAGAAFAGGLSSLAGSLSPSKVSSLNIDPNSQAQYQSPNFGALGALAGAGAAQGGLNRLVDYYTAIAEQQWPIVEISPGRAITFVVQTGTTIPTNLTSR
Starting state of a cluster of probably four manganese atoms	None	MQVNNLGFIASILFVLVPTVFLLILFIQTGKQSES
Starting state of a cluster of probably four manganese atoms	None	MDIKKAWENKTVRLSVIGALLVVIVYIISQSIFSTPVKKEKKTQKKDMQTNLLLDDSQMNKLSNEESQKVYKEMVKQNRLDQNAAKEDREKAEKAQQETKAQVASLTSQLQQLSQQINDMQTNRNGNRNLDAGSSRKTINEQAPAAPYQLNANAPINGVNPNYASITPTRNSPMRTITQSSIKTNGTDGVIQVMPVSENRIKEGREVIAGDKAPTRTVRGDGTAPVDSKARHAARKDEMFLPATSIITGVLITGLEAPTSLSSKSEPMPVTMRIKKDVIMPNNFTMDLRDCNLLGSAVGDLASQRAYIRATSISCVNSKGKAFDVKLEAYAVSENDGKNGIRGTLISRNGNAIAGAAFAGGLSSLAGSLSPSKVSSLNIDPNSQAQYQSPNFGALGALAGAGAAQGGLNRLVDYYTAIAEQQWPIVEISPGRAITFVVQTGTTIPTNLTSR
Arsenite	None	MTENMIVIYHNPDCGTSRNVLQLIEAAGYLPQVIEYVKEGWTKPQLLGLFAAADLTPRSALRTTKSPAAELNLLEETVTDAQILDAMVEYPILVNRPIVCTPKGVRLCRPSEVVLDLLDHWPSGPFAKEDGELIIDERGNRVYT
Glutaredoxin disulfide	None	MTENMIVIYHNPDCGTSRNVLQLIEAAGYLPQVIEYVKEGWTKPQLLGLFAAADLTPRSALRTTKSPAAELNLLEETVTDAQILDAMVEYPILVNRPIVCTPKGVRLCRPSEVVLDLLDHWPSGPFAKEDGELIIDERGNRVYT
(R)-3-Hydroxybutanoyl-[acyl-carrier protein]	None	MILVSLYPFRVDRSNSIHTTLTIVKKLDGKVAVVTGASKGIGAEIAKHLAGEGAAVVVNYASSKEGADRVVDEIVSTGGKAIAVQANVAKKAEIQQLFAETKQAFGKLDILVNNAGIYEFSPLEGITEEHFYKQFDLNVLGLLLTSQQAVKSFGEEGGSIINISSIVSTLTPANSLVYNATKAAVDAITKSLAKELGSRNIRVNSINPGMVETEGARTAGITESEGRRQVEAITPLGRIGQPHDIAPAVVFLASSDSAWITGETLYITGGLY
3-Oxohexanoyl-[acyl-carrier protein]	None	MILVSLYPFRVDRSNSIHTTLTIVKKLDGKVAVVTGASKGIGAEIAKHLAGEGAAVVVNYASSKEGADRVVDEIVSTGGKAIAVQANVAKKAEIQQLFAETKQAFGKLDILVNNAGIYEFSPLEGITEEHFYKQFDLNVLGLLLTSQQAVKSFGEEGGSIINISSIVSTLTPANSLVYNATKAAVDAITKSLAKELGSRNIRVNSINPGMVETEGARTAGITESEGRRQVEAITPLGRIGQPHDIAPAVVFLASSDSAWITGETLYITGGLY
3-Oxooctanoyl-[acyl-carrier protein]	None	MILVSLYPFRVDRSNSIHTTLTIVKKLDGKVAVVTGASKGIGAEIAKHLAGEGAAVVVNYASSKEGADRVVDEIVSTGGKAIAVQANVAKKAEIQQLFAETKQAFGKLDILVNNAGIYEFSPLEGITEEHFYKQFDLNVLGLLLTSQQAVKSFGEEGGSIINISSIVSTLTPANSLVYNATKAAVDAITKSLAKELGSRNIRVNSINPGMVETEGARTAGITESEGRRQVEAITPLGRIGQPHDIAPAVVFLASSDSAWITGETLYITGGLY
3-Oxodecanoyl-[acyl-carrier protein]	None	MILVSLYPFRVDRSNSIHTTLTIVKKLDGKVAVVTGASKGIGAEIAKHLAGEGAAVVVNYASSKEGADRVVDEIVSTGGKAIAVQANVAKKAEIQQLFAETKQAFGKLDILVNNAGIYEFSPLEGITEEHFYKQFDLNVLGLLLTSQQAVKSFGEEGGSIINISSIVSTLTPANSLVYNATKAAVDAITKSLAKELGSRNIRVNSINPGMVETEGARTAGITESEGRRQVEAITPLGRIGQPHDIAPAVVFLASSDSAWITGETLYITGGLY
3-Oxododecanoyl-[acyl-carrier protein]	None	MILVSLYPFRVDRSNSIHTTLTIVKKLDGKVAVVTGASKGIGAEIAKHLAGEGAAVVVNYASSKEGADRVVDEIVSTGGKAIAVQANVAKKAEIQQLFAETKQAFGKLDILVNNAGIYEFSPLEGITEEHFYKQFDLNVLGLLLTSQQAVKSFGEEGGSIINISSIVSTLTPANSLVYNATKAAVDAITKSLAKELGSRNIRVNSINPGMVETEGARTAGITESEGRRQVEAITPLGRIGQPHDIAPAVVFLASSDSAWITGETLYITGGLY
3-Oxotetradecanoyl-[acyl-carrier protein]	None	MILVSLYPFRVDRSNSIHTTLTIVKKLDGKVAVVTGASKGIGAEIAKHLAGEGAAVVVNYASSKEGADRVVDEIVSTGGKAIAVQANVAKKAEIQQLFAETKQAFGKLDILVNNAGIYEFSPLEGITEEHFYKQFDLNVLGLLLTSQQAVKSFGEEGGSIINISSIVSTLTPANSLVYNATKAAVDAITKSLAKELGSRNIRVNSINPGMVETEGARTAGITESEGRRQVEAITPLGRIGQPHDIAPAVVFLASSDSAWITGETLYITGGLY
3-Oxohexadecanoyl-[acyl-carrier protein]	None	MILVSLYPFRVDRSNSIHTTLTIVKKLDGKVAVVTGASKGIGAEIAKHLAGEGAAVVVNYASSKEGADRVVDEIVSTGGKAIAVQANVAKKAEIQQLFAETKQAFGKLDILVNNAGIYEFSPLEGITEEHFYKQFDLNVLGLLLTSQQAVKSFGEEGGSIINISSIVSTLTPANSLVYNATKAAVDAITKSLAKELGSRNIRVNSINPGMVETEGARTAGITESEGRRQVEAITPLGRIGQPHDIAPAVVFLASSDSAWITGETLYITGGLY
3-Oxooctadecanoyl-[acyl-carrier protein]	None	MILVSLYPFRVDRSNSIHTTLTIVKKLDGKVAVVTGASKGIGAEIAKHLAGEGAAVVVNYASSKEGADRVVDEIVSTGGKAIAVQANVAKKAEIQQLFAETKQAFGKLDILVNNAGIYEFSPLEGITEEHFYKQFDLNVLGLLLTSQQAVKSFGEEGGSIINISSIVSTLTPANSLVYNATKAAVDAITKSLAKELGSRNIRVNSINPGMVETEGARTAGITESEGRRQVEAITPLGRIGQPHDIAPAVVFLASSDSAWITGETLYITGGLY
Acetoacetyl-ACP	None	MILVSLYPFRVDRSNSIHTTLTIVKKLDGKVAVVTGASKGIGAEIAKHLAGEGAAVVVNYASSKEGADRVVDEIVSTGGKAIAVQANVAKKAEIQQLFAETKQAFGKLDILVNNAGIYEFSPLEGITEEHFYKQFDLNVLGLLLTSQQAVKSFGEEGGSIINISSIVSTLTPANSLVYNATKAAVDAITKSLAKELGSRNIRVNSINPGMVETEGARTAGITESEGRRQVEAITPLGRIGQPHDIAPAVVFLASSDSAWITGETLYITGGLY
(R)-3-Hydroxyhexanoyl-[acyl-carrier protein]	None	MILVSLYPFRVDRSNSIHTTLTIVKKLDGKVAVVTGASKGIGAEIAKHLAGEGAAVVVNYASSKEGADRVVDEIVSTGGKAIAVQANVAKKAEIQQLFAETKQAFGKLDILVNNAGIYEFSPLEGITEEHFYKQFDLNVLGLLLTSQQAVKSFGEEGGSIINISSIVSTLTPANSLVYNATKAAVDAITKSLAKELGSRNIRVNSINPGMVETEGARTAGITESEGRRQVEAITPLGRIGQPHDIAPAVVFLASSDSAWITGETLYITGGLY
(R)-3-Hydroxyoctanoyl-[acyl-carrier protein]	None	MILVSLYPFRVDRSNSIHTTLTIVKKLDGKVAVVTGASKGIGAEIAKHLAGEGAAVVVNYASSKEGADRVVDEIVSTGGKAIAVQANVAKKAEIQQLFAETKQAFGKLDILVNNAGIYEFSPLEGITEEHFYKQFDLNVLGLLLTSQQAVKSFGEEGGSIINISSIVSTLTPANSLVYNATKAAVDAITKSLAKELGSRNIRVNSINPGMVETEGARTAGITESEGRRQVEAITPLGRIGQPHDIAPAVVFLASSDSAWITGETLYITGGLY
(R)-3-Hydroxydecanoyl-[acyl-carrier protein]	None	MILVSLYPFRVDRSNSIHTTLTIVKKLDGKVAVVTGASKGIGAEIAKHLAGEGAAVVVNYASSKEGADRVVDEIVSTGGKAIAVQANVAKKAEIQQLFAETKQAFGKLDILVNNAGIYEFSPLEGITEEHFYKQFDLNVLGLLLTSQQAVKSFGEEGGSIINISSIVSTLTPANSLVYNATKAAVDAITKSLAKELGSRNIRVNSINPGMVETEGARTAGITESEGRRQVEAITPLGRIGQPHDIAPAVVFLASSDSAWITGETLYITGGLY
(R)-3-Hydroxydodecanoyl-[acyl-carrier protein]	None	MILVSLYPFRVDRSNSIHTTLTIVKKLDGKVAVVTGASKGIGAEIAKHLAGEGAAVVVNYASSKEGADRVVDEIVSTGGKAIAVQANVAKKAEIQQLFAETKQAFGKLDILVNNAGIYEFSPLEGITEEHFYKQFDLNVLGLLLTSQQAVKSFGEEGGSIINISSIVSTLTPANSLVYNATKAAVDAITKSLAKELGSRNIRVNSINPGMVETEGARTAGITESEGRRQVEAITPLGRIGQPHDIAPAVVFLASSDSAWITGETLYITGGLY
R-3-hydroxypalmitoyl-[acyl-carrier protein]	None	MILVSLYPFRVDRSNSIHTTLTIVKKLDGKVAVVTGASKGIGAEIAKHLAGEGAAVVVNYASSKEGADRVVDEIVSTGGKAIAVQANVAKKAEIQQLFAETKQAFGKLDILVNNAGIYEFSPLEGITEEHFYKQFDLNVLGLLLTSQQAVKSFGEEGGSIINISSIVSTLTPANSLVYNATKAAVDAITKSLAKELGSRNIRVNSINPGMVETEGARTAGITESEGRRQVEAITPLGRIGQPHDIAPAVVFLASSDSAWITGETLYITGGLY
