metname,inchikey
1hdecg3p,NA
air,PDACUKOKVHBVHJ-ZRTZXPPTSA-M
ocdca,QIQXTHQIDYTFRH-UHFFFAOYSA-M
h2,UFHFLCQGNIYNRP-UHFFFAOYSA-N
kokdolipid4,NA
3c2hmp,RNQHMTFBUSSBJQ-CRCLSJGQSA-L
fldrd,NA
xtsn,UBORTCNDUKBEOP-UUOKFMHZSA-N
tag6p__D,BGWGXPAPYGQALX-OEXCPVAWSA-L
athr__L,AYFVYJQAPQTCCC-HRFVKAFMSA-N
suc6p,PJTTXANTBQDXME-UGDNZRGBSA-L
acmana,MBLBDJOUHNCFQT-XAMCCFCMSA-N
thr__L,AYFVYJQAPQTCCC-GBXIJSLDSA-N
murein3p3p,QKZNHGKXDALVQW-UHFFFAOYSA-I
acald,IKHGUXGNUITLKF-UHFFFAOYSA-N
fe,NA
5aprbu,RQRINYISXYAZKL-RPDRRWSUSA-L
asntrna,NA
5mthf,ZNOVTXRBGFNYRX-STQMWFEESA-L
sectrna,NA
dgsn,YKBGVTZYEHREMT-KVQBGUIXSA-N
3ohodcoa,LGOGWHDPDVAUNY-LFZQUHGESA-J
dgmp,LTFMZDNNPPEQNG-KVQBGUIXSA-L
stys,UQZIYBXSHAGNOE-XNSRJBNMSA-N
2obut,TYEYBOSBBBHJIV-UHFFFAOYSA-M
4adcho,OIUJHGOLFKDBSU-HTQZYQBOSA-M
kdolipid4,GPNCBCJEDRRCDW-ACUQGRCXSA-I
tyrp,DCWXELXMIBXGTH-QMMMGPOBSA-L
unagamuf,PSONHUYFSWYIME-RZVIFHIQSA-K
dhf,OZRNSSUDZOLUSN-LBPRGKRZSA-L
murein5p5p,WSONNHVKPYOZEY-UHFFFAOYSA-E
murein5p4p,YJNGRCZHKAYCMA-VZNOAHCOSA-E
pg161,GHQNERCMPIDAAU-ANXSUKRNSA-M
alatrna,NA
etha,HZAXFHJVJLSVMW-UHFFFAOYSA-O
din,VGONTNSXDCQUGY-RRKCRQDMSA-N
clpn161,UYSHBKYVDAZLKJ-GMUISZSCSA-L
12dgr140,NA
malt6p,ITPHOIFCAFNCLL-ASMJPISFSA-L
zn2,PTFCDOFLOPIGGS-UHFFFAOYSA-N
arg__L,ODKSFYDXXFIFQN-BYPYZUCNSA-O
taur,XOAAWQZATWQOTB-UHFFFAOYSA-N
glycogen,NA
r5p,KTVPXOYAKDPRHY-AIHAYLRMSA-L
pg181,NA
pyam5p,ZMJGSOSNSPKHNH-UHFFFAOYSA-M
nicrnt,JOUIQRNQJGXQDC-ZYUZMQFOSA-L
ap4a,YOAHKNVSNCMZGQ-XPWFQUROSA-J
acgal1p,FZLJPEPAYPUMMR-JAJWTYFOSA-L
acgam6p,BRGMHAYQAZFZDJ-RTRLPJTCSA-L
lac__L,JVTAAEKCZFNVCJ-REOHCLBHSA-M
dcacoa,NA
5mta,WUUGFSXJNOTRMR-IOSLPCCCSA-N
mi1p__D,INAPMGSXUVUWAF-UOTPTPDRSA-L
rbflvrd,SGSVWAYHEWEQET-SCRDCRAPSA-N
pa161,NA
25dkglcn,RXMWXENJQAINCC-DMTCNVIQSA-M
pa120,NA
f1p,RHKKZBWRNHGJEZ-VRPWFDPXSA-L
cbi,XQRJFEVDQXEIAX-JFYQDRLCSA-M
glu5sa,KABXUUFDPUOJMW-BYPYZUCNSA-N
succoa,VNOYUJKHFWYWIR-ITIYDSSPSA-I
26dap_LL,GMKMEZVLHJARHF-WHFBIAKZSA-N
6hmhptpp,FCQGJGLSOWZZON-UHFFFAOYSA-K
td2coa,MBCVYCOKMMMWLX-YYMFEJJQSA-J
kdo2lipid4,XAOLJGCZESYRFT-VHSKNIDJSA-H
gam6p,XHMJOUIAFHJHBW-IVMDWMLBSA-M
25aics,NAQGHJTUZRHGAC-ZZZDFHIKSA-J
murein4px4p4p,NPJMJVATSCHTAI-UHFFFAOYSA-F
1agpg120,IACXMECMZISNLR-UHFFFAOYSA-M
23cump,HWDMHJDYMFRXOX-XVFCMESISA-M
cobalt2,XLJKHNWPARRRJB-UHFFFAOYSA-N
acorn,JRLGPAXAGHMNOL-LURJTMIESA-N
ppap,FMNMEQSRDWIBFO-UHFFFAOYSA-L
pg141,NA
pgp161,PTJJTQQVMKSSOK-WXUKJITCSA-K
ru5p__L,FNZLKVNUWIIPSJ-CRCLSJGQSA-L
chol,OEYIOHPDSNJKLS-UHFFFAOYSA-N
paps,GACDQMDRPRGCTN-KQYNXXCUSA-J
gthrd,RWSXRVCMGQZWBV-WDSKDSINSA-M
12dgr180,NA
galct__D,DSLZVSRJTYRBFB-DUHBMQHGSA-L
dmso,IAZDPXIOMUYVGZ-UHFFFAOYSA-N
tre,HDTRYLNUVZCQOY-LIZSDCNHSA-N
2dda7p,PJWIPEXIFFQAQZ-PUFIMZNGSA-K
pg140,BPHQZTVXXXJVHI-AJQTZOPKSA-M
adocbi,KQXSPGAEBZWHMC-OCUXTBADSA-N
fe2,CWYNVVGOOAEACU-UHFFFAOYSA-N
pe120,NA
dsbgox,NA
cynt,XLJMAIOERFSOGZ-UHFFFAOYSA-M
3amp,LNQVTSROQXJCDD-KQYNXXCUSA-L
protrna,NA
acgam1p,FZLJPEPAYPUMMR-RTRLPJTCSA-L
allul6p,GSXOAOHZAIYLCY-NGJCXOISSA-L
2ddglcn,WPAMZTWLKIDIOP-WVZVXSGGSA-M
dgtp,HAAZLUGHYHWQIW-KVQBGUIXSA-J
tcynt,ZMZDMBWJUHKJPS-UHFFFAOYSA-M
3ocmrs7eACP,NA
pap,WHTCPDAXWFLDIH-KQYNXXCUSA-J
cdpdtdec7eg,VDJIEKQUDMPHPA-WNAWUNHNSA-L
pgp181,NA
mso3,AFVFQIVMOAPDHO-UHFFFAOYSA-M
dd2coa,IRFYVBULXZMEDE-DEEZISNZSA-J
glc__D,WQZGKKKJIJFFOK-GASJEMHNSA-N
citr__L,RHGKLRLOHDJJDR-BYPYZUCNSA-N
1ddecg3p,STTKJLVEXMKLNA-CQSZACIVSA-L
od2coa,NBCCUIHOHUKBMK-ZDDAFBBHSA-J
succ,KDYFGRWQOYBRFD-UHFFFAOYSA-L
sheme,DLKSSIHHLYNIKN-QIISWYHFSA-D
2odecg3p,NA
ppp9,KSFOVUSSGSKXFI-UJJXFSCMSA-L
uLa4n,NA
3hoctaACP,NA
cdpdhdecg,NA
apg160,BSAFHIMUDGXOPA-OKPYTHRESA-M
xtp,CAEFEWVYEZABLA-UUOKFMHZSA-J
trnapro,NA
salc,YGSDEFSMJLZEOE-UHFFFAOYSA-M
2agpg141,NA
kokdo_laur_hde_lipid4,NA
u3hga,ZFPNNOXCEDQJQS-SSVOXRMNSA-M
12ppd__S,DNIAPMSPPWPWGF-VKHMYHEASA-N
imp,GRSZFWQUAKGDAV-KQYNXXCUSA-L
Sfglutth,FHXAGOICBFGEBF-BQBZGAKWSA-M
34dhpac,IADQVXRMSNIUEL-UHFFFAOYSA-N
pydx,RADKZDMFGJYCBB-UHFFFAOYSA-N
octeACP,NA
g3pi,BMVUIWJCUQSHLZ-UJGXJMNGSA-M
unaga,NEVJGTXBHJNFAZ-JXCMATCVSA-L
4hba,BVJSUAQZOZWCKN-UHFFFAOYSA-N
ahdt,DGGUVLXVLHAAGT-XINAWCOVSA-J
alac__S,NMDWGEGFJUBKLB-YFKPBYRVSA-M
prlp,BLKFNHOCHNCLII-GHVQHMAVSA-J
rhcys,IQFWYNFDWRYSRA-BLELIYKESA-N
cmp,IERHLVCPSMICTF-XVFCMESISA-L
uacgam,LFTYTUAZOPRMMI-CFRASDGPSA-L
gam,MSWZFWKMSRAUBD-IVMDWMLBSA-O
3hddecACP,NA
aso4,DJHGAFSJWGLOIV-UHFFFAOYSA-L
dgdp,CIKGWCTVFSRMJU-KVQBGUIXSA-K
fum,VZCYOOQTPOCHFL-OWOJBTEDSA-L
fmettrna,NA
maltpt,FTNIPWXXIGNQQF-DWTFCAFKSA-N
3hhcoa,VAAHKRMGOFIORX-IKTBLOROSA-J
trnaphe,NA
grxrd,NA
ps180,TZCPCKNHXULUIY-RGULYWFUSA-M
ile__L,AGPKZVBTJJNPAG-WHFBIAKZSA-N
aacald,LYIIBVSRGJSHAV-UHFFFAOYSA-O
1tdecg3p,FAZBDRGXCKPVJU-MRXNPFEDSA-L
glcur,AEMOLEFTQBMNLQ-AQKNRBDQSA-M
glyb,KWIUHFFTVRNATP-UHFFFAOYSA-N
ps120,NA
N1aspmd,MQTAVJHICJWXBR-UHFFFAOYSA-P
cpg160,OBXHKDVMOWISFV-UHFFFAOYSA-M
lac__D,JVTAAEKCZFNVCJ-UWTATZPHSA-M
glu1sa,MPUUQNGXJSEWTF-BYPYZUCNSA-N
sulfac,AGGIJOLULBJGTQ-UHFFFAOYSA-L
1agpg180,HFJVKBVEKQHVTO-XZOQPEGZSA-M
mnl1p,GACTWZZMVMUKNG-KVTDHHQDSA-L
glx,HHLFWLYXYJOTON-UHFFFAOYSA-M
murein5p3p,SBOXLYQXPDGZLN-UHFFFAOYSA-G
kokdo_laur_lipid4,NA
2odec11eg3p,NA
amet,MEFKEPWMEQBLKI-AIRLBKTGSA-O
3pg,OSJPPGNTCRNQQC-UWTATZPHSA-K
fe3hox,NA
3odcoa,AZCVXMAPLHSIKY-HSJNEKGZSA-J
apg181,NA
sucr,CZMRCDWAGMRECN-UGDNZRGBSA-N
2agpe161,NA
sucgsa,XTOKIEIBKARFSZ-LURJTMIESA-L
butso3,NA
gar,OBQMLSFOUZUIOB-HJZCUYRDSA-M
tre6p,LABSPYBHMPDTEL-LIZSDCNHSA-L
fad,IMGVNJNCCGXBHD-UYBVJOGSSA-K
tym,DZGWFCGJZKJUFP-UHFFFAOYSA-O
2omhmbl,QURLIMHPCRKMJP-WDXILIIOSA-N
dscl,OQIIYZQTTMKFAU-ZNLOQLQNSA-G
2ahbut,VUQLHQFKACOHNZ-LURJTMIESA-M
pphn,FPWMCUPFBRFMLH-XGAOUMNUSA-L
kdo8p,IZZNRKJLBIYBJN-HXUQBWEZSA-K
ocACP,NA
mg2,JLVVSXFLKOJNIY-UHFFFAOYSA-N
dmpp,CBIDRCWHNCKSTO-UHFFFAOYSA-K
trnaile,NA
trnagly,NA
dump,JSRLJPSBLDHEIO-SHYZEUOFSA-L
ddca,NA
skm,JXOHGGNKMLTUBP-HSUXUTPPSA-M
5caiz,JHLXDWGVSYMXPL-XVFCMESISA-K
pmcoa,LYCRXMTYUZDUGA-UYRKPTJQSA-I
alaala,DEFJQIDDEAULHB-QWWZWVQMSA-N
dsbaox,NA
tdeACP,NA
hisp,CWNDERHTHMWBSI-YFKPBYRVSA-M
fuc__L,PNNNRSAQSRJVSB-KCDKBNATSA-N
1odec11eg3p,NA
2p4c2me,HTJXTKBIUVFUAR-XHIBXCGHSA-J
thymd,IQFYYKKMVGJFEH-XLPZGREQSA-N
gp4g,OLGWXCQXRSSQPO-MHARETSRSA-J
peamn,BHHGXPLMPWCGHP-UHFFFAOYSA-O
10fthf,AUFGTPPARQZWDO-YPMHNXCESA-L
g3ps,ZWZWYGMENQVNFU-UHNVWZDZSA-M
hx2coa,OINXHIBNZUUIMR-IXUYQXAASA-J
pser__L,BZQFBWGGLXLEPQ-REOHCLBHSA-L
hkmpp,YIEMFVNCENFBSD-XQRVVYSFSA-L
glyc__R,RBNPOMFGQQGHHO-UWTATZPHSA-M
dtdp,UJLXYODCHAELLY-XLPZGREQSA-K
3hmrsACP,NA
anhm,NA
uacmamu,DZOGQXKQLXAPND-XHUKORKBSA-K
trnagln,NA
tagur,IZSRJDGCGRAUAR-WDCZJNDASA-M
ugmd,QUHLBZKCGUXHGP-AJVQVANPSA-J
udcpdp,NTXGVHCCXVHYCL-RDQGWRCRSA-K
ru5p__D,FNZLKVNUWIIPSJ-UHNVWZDZSA-L
acglu,RFMMMVDNIPUKGG-YFKPBYRVSA-L
fe3,VTLYFUHAOXGGBS-UHFFFAOYSA-N
thmmp,HZSAJDVWZRBGIF-UHFFFAOYSA-M
micit,HHKPKXCSHMJWCF-WVBDSBKLSA-K
cys__D,XUJNEKJLAYXESH-UWTATZPHSA-N
hdcoa,NA
pant__R,OTOIIPJYVQJATP-BYPYZUCNSA-M
ditp,UFJPAQSLHAGEBL-RRKCRQDMSA-J
2shchc,QJYRAJSESKVEAE-PSASIEDQSA-L
sarcs,FSYKKLYZXJSNPZ-UHFFFAOYSA-N
dha,RXKJFZQQPQGTFL-UHFFFAOYSA-N
datp,SUYVUBYJARFZHO-RRKCRQDMSA-J
atp,ZKHQWZAMYRWXGA-KQYNXXCUSA-J
tmp,IGWHDMPTQKSDTL-JXOAFFINSA-L
dopa,VYFYYTLLBUKUHU-UHFFFAOYSA-O
4pasp,IXZNKTPIYKDIGG-REOHCLBHSA-L
adocbl,ZIHHMGTYZOSFRC-QRVZQHAISA-N
adphep_LD,KMSFWBYFWSKGGR-DTBZDYEHSA-L
5mdru1p,CNSJRYUMVMWNMC-RITPCOANSA-L
anth,RWZYAGGXGHYGMB-UHFFFAOYSA-M
altrn,RGHNJXZEOKUKBD-AIHAYLRMSA-M
pep,DTBNBXWJWCWCIK-UHFFFAOYSA-K
gdptp,KCPMACXZAITQAX-UUOKFMHZSA-H
ametam,ZUNBITIXDCPNSD-LSRJEVITSA-O
udpLa4fn,QGYFHZBDXXNYAX-RTXATJJPSA-L
uagmda,PNWZQTONLRRPST-KLDRQJOASA-J
dhpmp,PLSQMGZYOGSOCE-XINAWCOVSA-L
k,NPYPAHLBTDXSSS-UHFFFAOYSA-N
quln,GJAWHXHKYYXBSV-UHFFFAOYSA-L
12ppd__R,DNIAPMSPPWPWGF-GSVOUGTGSA-N
3hbcoa,QHHKKMYHDBRONY-VKBDFPRVSA-J
scl,KWIZRXMMFRBUML-AHGFGAHVSA-F
12dgr141,NA
tddec2eACP,NA
clpn181,HSSSADMXQPKIEB-GXYAQEMJSA-L
pg120,NA
cu,VMQMZMRVKUZKQL-UHFFFAOYSA-N
gln__L,ZDXPYRJPNDTMRX-VKHMYHEASA-N
1agpg140,LUTDZDAPSDZVAL-RBUKOAKNSA-M
3psme,QUTYKIXIUDQOLK-PRJMDXOYSA-J
f6p,BGWGXPAPYGQALX-ARQDHWQXSA-L
prpp,PQGCEDQWHSBAJP-TXICZTDVSA-I
tmao,UYPYRKYUKCHHIB-UHFFFAOYSA-N
oaa,KHPXUQMNIQBQEV-UHFFFAOYSA-L
3hcvac11eACP,NA
trnathr,NA
but,NA
3ocpalm9eACP,NA
pdx5p,WHOMFKWHIQZTHY-UHFFFAOYSA-L
adphep_DD,KMSFWBYFWSKGGR-FQBROAFUSA-L
3hpppn,QVWAEZJXDYOKEH-UHFFFAOYSA-M
clpn160,GRTNLBQYBYZCCM-ULKDXPJMSA-L
dtdp4d6dg,PSXWNITXWWECNY-UCBTUHGZSA-L
uama,NTMMCWJNQNKACG-KBKUWGQMSA-K
anhgm,NA
dnad,SENPVEZBRZQVST-HISDBWNOSA-L
btn,YBJHBAHKTGYVGT-ZKWXMUAHSA-M
s,NINIDFKCEFEMDL-UHFFFAOYSA-N
3sala,ADVPTQAUNPRNPO-REOHCLBHSA-M
glcn,RGHNJXZEOKUKBD-SQOUGZDYSA-M
trnaasp,NA
xu5p__L,FNZLKVNUWIIPSJ-WHFBIAKZSA-L
1agpg161,NA
dsbard,NA
trdrd,NA
1tdec7eg3p,NA
h2o2,MHAJPDPJQMAIIY-UHFFFAOYSA-N
4h2opntn,HFKQINMYQUXOCH-UHFFFAOYSA-M
mthgxl,AIJULSRZWUXGPQ-UHFFFAOYSA-N
2agpe141,NA
1hdec9eg3p,NA
dpcoa,KDTSHFARGAKYJN-IBOSZNHHSA-L
cit,KRKNYBCHXYNGOX-UHFFFAOYSA-K
12dgr181,NA
ttp,NA
dcaACP,NA
lald__L,BSABBBMNWQWLLU-VKHMYHEASA-N
crn__D,PHIQHXFUZVPYII-LURJTMIESA-N
23dhdp,UWOCFOFVIBZJGH-YFKPBYRVSA-L
trnahis,NA
15dap,VHRGRCVQAFMJIZ-UHFFFAOYSA-P
1odecg3p,LAYXSTYJRSVXIH-HXUWFJFHSA-L
xylu__L,ZAQJHHRNXZUBTE-WVZVXSGGSA-N
manglyc,DDXCFDOPXBPUJC-SAYMMRJXSA-M
2dr1p,KBDKAJNTYKVSEK-VPENINKCSA-L
orot5p,KYOBSHFOBAOFBF-XVFCMESISA-K
lipidAds,HLDJGHAAKRKPAV-QDORLFPLSA-L
3hcddec5eACP,NA
asn__L,DCXYFEDJOCDNAF-REOHCLBHSA-N
thex2eACP,NA
ump,DJJCXFVJDGTHFX-XVFCMESISA-L
gtp,XKMLYUALXHKNFT-UUOKFMHZSA-J
mnl,FBPFZTCFMRRESA-KVTDHHQDSA-N
orn,AHLPHDHHMVZTML-BYPYZUCNSA-O
3ohexACP,NA
mlthf,QYNUQALWYRSVHF-OLZOCXBDSA-L
4r5au,XKQZIXVJVUPORE-RPDRRWSUSA-N
ac,QTBSBXVTEAMEQO-UHFFFAOYSA-M
xan,LRFVTYWOQMYALW-UHFFFAOYSA-N
cys__L,XUJNEKJLAYXESH-REOHCLBHSA-N
laur_hde_kdo2lipid4,NA
4mpetz,OCYMERZCMYJQQO-UHFFFAOYSA-L
indole,SIKJAQJRHWYJAI-UHFFFAOYSA-N
leu__L,ROHFNLRQFUQHCH-YFKPBYRVSA-N
pe161,NA
oc2coa,CPSDNAXXKWVYIY-NTLMCJQISA-J
iasp,NMUOATVLLQEYHI-UHFFFAOYSA-M
h2mb4p,MDSIZRKJVDMQOQ-GORDUTHDSA-K
3hdecACP,NA
feoxam,SRMBQCVUAVULDJ-UHFFFAOYSA-O
hexACP,NA
sbt__D,FBPFZTCFMRRESA-JGWLITMVSA-N
3hoctACP,NA
no3,NHNBFGGVMKEFGY-UHFFFAOYSA-N
2agpg181,NA
q8h2,LOJUQFSPYHMHEO-SGHXUWJISA-N
uppg3,HUHWZXWWOFSFKF-UHFFFAOYSA-F
dtdp4addg,UIVJXHWSIFBBCY-WDQPOOCWSA-M
1agpg141,NA
ps161,NA
ps141,NA
g3p,LXJXRIRHZLFYRP-VKHMYHEASA-L
dhor__S,UFIVEPVSAGBUSI-REOHCLBHSA-M
cdpglc,NA
pa180,YFWHNAWEOZTIPI-DIPNUNPCSA-L
t3c7mrseACP,NA
hdd2coa,JUPAQFRKPHPXLD-MSHHSVQMSA-J
3ooctdACP,NA
5aop,ZGXJTSGNIOSYLO-UHFFFAOYSA-N
3hdcoa,HIVSMYZAMUNFKZ-PNPVFPMQSA-J
melib,DLRVVLDZNNYCBX-ZZFZYMBESA-N
3ooctACP,NA
pydx5p,NGVDGCNFYWLIFO-UHFFFAOYSA-L
rib__D,HMFHBZSHGGEWLO-SOOFDHNKSA-N
pgp141,NA
apg180,WCMVNCVROQLVSH-JBQXKKLXSA-M
orot,PXQPEWDEAKTCGB-UHFFFAOYSA-M
1agpe160,YVYMBNSKXOXSKW-HXUWFJFHSA-N
2kmb,SXFSQZDSUWACKX-UHFFFAOYSA-M
valtrna,NA
trnaleu,NA
tdp,CYDYNVMCEGXBEM-JXOAFFINSA-K
lcts,GUBGYTABKSRVRQ-QKKXKWKRSA-N
sertrna,NA
ps160,KLFKZIQAIPDJCW-GPOMZPHUSA-M
pydam,NHZMQXZHNVQTQA-UHFFFAOYSA-O
3htdcoa,OXBHKMHNDGRDCZ-STLSENOWSA-J
aspsa,HOSWPDPVFBCLSY-VKHMYHEASA-N
3ohcoa,NFOYYXQAVVYWKV-HDRQGHTBSA-J
pa181,NA
uaccg,BEGZZYPUNCJHKP-DBYWSUQTSA-K
for,BDAGIHXWWSANSR-UHFFFAOYSA-M
aps,IRLPACMLTUPBCL-KQYNXXCUSA-L
raffin,MUPFEKGTMRGPLJ-ZQSKZDJDSA-N
fgam,VDXLUNDMVKSKHO-ZRTZXPPTSA-L
1agpe120,IZDRGPDUDLWAGR-UHFFFAOYSA-N
gmhep17bp,LMTGTTLGDUACSJ-NNPWBXLPSA-J
pgp160,ONJBJMDJKLHMEK-MPQUPPDSSA-K
ser__L,MTCFGRXMJLQNBG-REOHCLBHSA-N
tpalm2eACP,NA
ichor,NTGWPRCCOQCMGE-YUMQZZPRSA-L
sl26da,GLXUWZBUPATPBR-BQBZGAKWSA-L
rml1p,KNYGWWDTPGSEPD-OTWZMJIISA-L
dhap,GNGACRATGGDKBX-UHFFFAOYSA-L
crn,PHIQHXFUZVPYII-ZCFIWIBFSA-N
octdp,IKKLDISSULFFQO-DJMILUHSSA-K
4hbz,FJKROLUGYXJWQN-UHFFFAOYSA-M
cpe180,HCFAHMIUAQMBSN-UHFFFAOYSA-M
dxyl5p,AJPADPZSRRUGHI-RFZPGFLSSA-L
hxcoa,NA
udpglcur,HDYANYHVCAPMJV-LXQIFKJMSA-K
gly,DHMQDGOQFOQNFH-UHFFFAOYSA-N
murein4p3p,AKLORNSFZCNZDU-UHFFFAOYSA-H
apg120,AJCVDIXUOBZCPE-ZESVVUHVSA-M
4c2me,YFAUKWZNPVBCFF-XHIBXCGHSA-L
lipidA,KVJWZTLXIROHIL-QDORLFPLSA-J
ncam,DFPAKSUCGFBDDF-UHFFFAOYSA-N
pe180,LVNGJLRDBYCPGB-LDLOPFEMSA-N
phetrna,NA
23dappa,PECYZEOJVXMISF-REOHCLBHSA-N
thf,MSTNYGQPCMXVAQ-RYUDHWBXSA-L
no,MWUXSHHQAYIFBG-UHFFFAOYSA-N
acolipa,IOAOXSQGQQYOQU-WSFSDJJVSA-E
eca2und,QGEVVARZDHTYSR-JPDQSREWSA-J
hxa,FUZZWVXGSFPDMH-UHFFFAOYSA-M
icit,ODBLHEXUDAPZAU-UHFFFAOYSA-K
hmbil,WDFJYRZCZIUBPR-UHFFFAOYSA-F
lpp,NA
dhna,VOJUXHHACRXLTD-UHFFFAOYSA-M
uacmam,LFTYTUAZOPRMMI-ZYQOOJPVSA-L
lys__L,KDXKERNSBIXSRK-YFKPBYRVSA-O
phpyr,BTNMPGBKDVTSJY-UHFFFAOYSA-M
pe160,SLKDGVPOSSLUAI-PGUFJCEWSA-N
trnaarg,NA
urdglyc,NWZYYCVIOKVTII-SFOWXEAESA-M
1agpe141,NA
ppbng,QSHWIQZFGQKFMA-UHFFFAOYSA-M
glytrna,NA
ddcaACP,NA
metsox_S__L,QEFRNWWLZKMPFJ-YGVKFDHGSA-N
trnaglu,NA
glu__L,WHUUTDBJXJRKMK-VKHMYHEASA-M
dhpt,WBFYVDCHGVNRBH-UHFFFAOYSA-M
hemeO,FISPASSVCDRERW-ARQJTVBPSA-J
adpglc,WFPZSXYXPSUOPY-ROYWQJLOSA-L
tdcoa,DUAFKXOFBZQTQE-QSGBVPJFSA-J
dad_2,OLXZPDWKRNYJJZ-RRKCRQDMSA-N
6pgc,BIRSGZKFKXLSJQ-SQOUGZDYSA-K
trnatyr,NA
ppgpp,BUFLLCUFNHESEH-UUOKFMHZSA-I
metsox_R__L,QEFRNWWLZKMPFJ-ZXPFJRLXSA-N
ara5p,PPQRONHOSHZGFQ-WDCZJNDASA-L
apg161,NA
uamag,OJZCATPXPWFLHF-HPUCEMLMSA-J
3oddecACP,NA
idp,JPXZQMKKFWMMGK-KQYNXXCUSA-K
hom__L,UKAUYVFTDYCKQA-VKHMYHEASA-N
tmrs2eACP,NA
skm5p,QYOJSKGCWNAKGW-PBXRRBTRSA-K
3haACP,NA
ssaltpp,NA
trnaasn,NA
alpp,NA
accoa,ZSLZBFCDCINBPY-ZSJPKINUSA-J
aso3,AQLMHYSWFMLWBS-UHFFFAOYSA-N
3ophb,UTIBHEBNILDQKX-LQOKPSQISA-M
pmtcoa,MNBKLUUYKPBKDU-BBECNAHFSA-J
anhm4p,OUWAMZWZTFUVMV-NPLPHQDTSA-L
3hocoa,ATVGTMKWKDUCMS-OTOYJEMWSA-J
pgp140,NA
anhgm3p,ZWZMFRJKRXDGBE-UHFFFAOYSA-L
2agpg161,NA
2agpe120,NPAZKTOOMVQLIH-UHFFFAOYSA-N
acac,WDJHALXBUFZDSR-UHFFFAOYSA-M
argtrna,NA
2dmmql8,FGYPGICSXJEKCG-AENDIINCSA-N
tdecoa,NA
LalaDgluMdapDala,BAPAFFOXTCMVCC-UHFFFAOYSA-M
cbasp,HLKXYZVTANABHZ-REOHCLBHSA-L
pgp120,NA
sertrna_sec,NA
ins,UGQMRVRMYYASKQ-KQYNXXCUSA-N
g3pg,LLCSXHMJULHSJN-UHFFFAOYSA-M
phom,FXDNYOANAXWZHG-VKHMYHEASA-L
aacoa,OJFDKHTZOUZBOS-CITAKDKDSA-J
grxox,NA
trp__L,QIVBCDIJIAJPQS-VIFPVBQESA-N
murein5px4p,NQXCJQVWBSGGNW-UHFFFAOYSA-E
acmanap,QDSLHWJDSQGPEE-WCTZXXKLSA-L
4hoxpacd,IPRPPFIAVHPVJH-UHFFFAOYSA-N
argsuc,KDZOASGQNOPSCU-ZBHICJROSA-M
2dhp,PKVVTUWHANFMQC-UHFFFAOYSA-M
LalaDgluMdap,NA
man,WQZGKKKJIJFFOK-QTVWNMPRSA-N
itp,HAEJPQIATWHALX-KQYNXXCUSA-J
utp,PGAVKCOVUIYSFO-XVFCMESISA-J
cu2,JPVYNHNXODAKFH-UHFFFAOYSA-N
thm,MYVIATVLJGTBFV-UHFFFAOYSA-M
apg141,NA
malttr,FYGDTMLNYKFZSV-PXXRMHSHSA-N
galur,AEMOLEFTQBMNLQ-YMDCURPLSA-M
2hdec9eg3p,NA
dsbgrd,NA
2agpe181,NA
2hdecg3p,NA
2agpe160,CKPBBEOJHAPPBT-HXUWFJFHSA-N
glyc3p,AWUCVROLDVIAJX-GSVOUGTGSA-L
1agpg160,BVJSKAUUFXBDOB-LEWJYISDSA-M
2ommbl,HDSGDGSLNMIMKU-KFSSTAEESA-N
glcr,DSLZVSRJTYRBFB-LLEIAEIESA-L
tsul,DHCDFWKWKRSZHF-UHFFFAOYSA-M
t3c9palmeACP,NA
acg5p,FCVIHFVSXHOPSW-YFKPBYRVSA-K
tagdp__D,RNBGYGVWRKECFJ-OEXCPVAWSA-J
2dmmq8,GDUBPWSFXUAETN-AENDIINCSA-N
gthox,YPZRWBKMTBYPTK-BJDJZHNGSA-L
fadh2,YPZRHBJKEMOYQH-UYBVJOGSSA-L
r1p,YXJDFQJKERBOBM-TXICZTDVSA-L
glntrna,NA
glu__D,WHUUTDBJXJRKMK-GSVOUGTGSA-M
thrtrna,NA
3php,LFLUCDOSQPJJBE-UHFFFAOYSA-K
cgly,ZUKPVRWZDMRIEO-VKHMYHEASA-N
cbl1,OMAOKVYASDIYQG-DSRCUDDDSA-L
trnatrp,NA
cddec5eACP,NA
his__L,HNDVDQJCIGZPNO-YFKPBYRVSA-N
cpg180,ACOSNNHXZDLJJE-UHFFFAOYSA-M
3dhgulnp,BDUIIKXSXFDPEC-LWKDLAHASA-K
suchms,GNISQJGXJIDKDJ-YFKPBYRVSA-M
mettrna,NA
dhmtp,CILXJJLQPTUUSS-XQRVVYSFSA-N
2agpe140,DDUZNLUWXLYPCP-UHFFFAOYSA-N
n2o,GQPLMRYTRLFLPF-UHFFFAOYSA-N
3hhdcoa,DEHLMTDDPWDRDR-BCIKBWLNSA-J
lyx__L,SRBFZHDQGSBBOR-AEQNFAKKSA-N
dc2coa,MGNBGCRQQFMNBM-YJHHLLFWSA-J
23camp,KMYWVDDIPVNLME-KQYNXXCUSA-M
cdec3eACP,NA
co2,CURLTUGMZLYLDI-UHFFFAOYSA-N
3mob,QHKABHOOEWYVLI-UHFFFAOYSA-M
prfp,QOUSHGMTBIIAHR-KEOHHSTQSA-J
glcur1p,AIQDYKMWENWVQJ-QIUUJYRFSA-K
n8aspmd,FONIWJIDLJEJTL-UHFFFAOYSA-P
3otdcoa,IQNFBGHLIVBNOU-QSGBVPJFSA-J
na1,FKNQFGJONOIPTF-UHFFFAOYSA-N
leutrna,NA
dadp,DAEAPNUQQAICNR-RRKCRQDMSA-K
3dhsk,SLWWJZMPHJJOPH-PHDIDXHHSA-M
b2coa,KFWWCMJSYSSPSK-PAXLJYGASA-J
tdec2eACP,NA
cpppg3,NIUVHXTXUXOFEB-UHFFFAOYSA-J
acetol,XLSMFKSTNGKWQX-UHFFFAOYSA-N
trnaser,NA
uri,DRTQHJPVMGBUCF-XVFCMESISA-N
udcpp,UFPHFKCTOZIAFY-RDQGWRCRSA-L
1agpe161,NA
db4p,OKYHYXLCTGGOLM-UHFFFAOYSA-L
palmACP,NA
2mcacn,NUZLRKBHOBPTQV-ARJAWSKDSA-K
anhm3p,KGVLFEPQSVUIRC-FYQNUYSYSA-L
pe181,NA
dtmp,GYOZYWVXFNDGLU-XLPZGREQSA-L
h,GPRLSGONYQIRFK-UHFFFAOYSA-N
glyc2p,DHCLVCXQIBBOPH-UHFFFAOYSA-L
mobd,MEFBJEMVZONFCJ-UHFFFAOYSA-N
eig3p,HFYBTHCYPKEDQQ-RITPCOANSA-L
prbamp,RTQMRTSPTLIIHM-KEOHHSTQSA-J
malthx,OCIBBXPLUVYKCH-QXVNYKTNSA-N
coa,RGJOEKWQDUBAIZ-IBOSZNHHSA-J
4ampm,SSWDVESQMBHOQT-UHFFFAOYSA-N
26dap__M,GMKMEZVLHJARHF-SYDPRGILSA-N
dttp,NHVNXKFIZYSCEB-XLPZGREQSA-J
2me4p,XMWHRVNVKDKBRG-UHNVWZDZSA-L
dcyt,CKTSBUTUHBMZGZ-SHYZEUOFSA-N
phthr,FKHAKIJOKDGEII-GBXIJSLDSA-L
adp,XTWYTFMLZFPYCI-KQYNXXCUSA-K
akg,KPGXRSRHYNQIFN-UHFFFAOYSA-L
23dhmb,JTEYKUFKXGDTEU-VKHMYHEASA-M
murein4p4p,VTZDBMVDVOTCFD-UHFFFAOYSA-G
nac,PVNIIMVLHYAWGP-UHFFFAOYSA-M
xylu__D,ZAQJHHRNXZUBTE-WUJLRWPWSA-N
ppal,NBBJYMSMWIIQGU-UHFFFAOYSA-N
3omrsACP,NA
nadph,ACFIXJIJDZMPPO-NNYOXOHSSA-J
uaagmda,OXJNZXDFVLDLEI-MBCYCBSHSA-J
hpyr,HHDDCCUIIUWNGJ-UHFFFAOYSA-M
ethso3,CCIVGXIOQKPBKL-UHFFFAOYSA-M
feenter,NGILTSZTOFYVBF-UVJOBNTFSA-H
mal__L,BJEPYKJPYRNKOW-REOHCLBHSA-L
g3pc,SUHOQUVVVLNYQR-MRVPVSSYSA-N
3oocoa,WPIVBCGRGVNDDT-CECATXLMSA-J
thmpp,AYEKOFBPNLCAJY-UHFFFAOYSA-L
mal__D,BJEPYKJPYRNKOW-UWTATZPHSA-L
pg180,FVJZSBGHRPJMMA-IOLBBIBUSA-M
tartr__L,FEWJPZIEWOKRBE-JCYAYHJZSA-L
agm,QYPPJABKJHAVHS-UHFFFAOYSA-P
3odecACP,NA
2tdecg3p,NA
dca,NA
fprica,ABCOOORLYAOBOZ-KQYNXXCUSA-L
met__D,FFEARJCKVFRZRR-SCSAIBSYSA-N
ade,GFFGJBXGBJISGV-UHFFFAOYSA-N
hg2,BQPIGGFYSBELGY-UHFFFAOYSA-N
udpLa4o,URJZIQLTPCJVMW-QNSCKLTRSA-L
CDP_4keto_6deox_glc,NA
ps181,NA
12dgr161,NA
isetac,SUMDYPCJJOFFON-UHFFFAOYSA-M
chor,WTFXTQVDAKGDEY-HTQZYQBOSA-L
trnalys,NA
4hthr,JBNUARFQOCGDRK-GBXIJSLDSA-N
1agpe181,NA
4ppcys,XQYALQVLCNHCFT-CBAPKCEASA-K
thym,RWQNBRDOKXIBIV-UHFFFAOYSA-N
2agpg120,NA
g6p,NBSCHQHZLSJFNQ-GASJEMHNSA-L
val__L,KZSNJWFQEVHDMF-BYPYZUCNSA-N
hcys__L,FFFHZYDWPBMWHY-UHFFFAOYSA-N
actp,LIPOUNRJVLNBCD-UHFFFAOYSA-L
tyr__L,OUYCCCASQSFEME-QMMMGPOBSA-N
3hcpalm9eACP,NA
murein5px4px4p,UVVIMBIDZMDRCG-UHFFFAOYSA-D
thrp,USRGIUJOYOXOQJ-GBXIJSLDSA-L
but2eACP,NA
histd,ZQISRDCJNBUVMM-YFKPBYRVSA-O
3hodcoa,WZMAIEGYXCOYSH-SFKGBVSGSA-J
ni2,VEQPNABPJHWNSG-UHFFFAOYSA-N
dcamp,OFBHPPMPBOJXRT-DPXQIYNJSA-J
cdpdodecg,PDCWLWQTNQCGRI-IGIWICMZSA-L
hdcea,NA
ala__L,QNAYBMKLOCPYGJ-REOHCLBHSA-N
pheme,KABFMIBPWCXCRK-RGGAHWMASA-J
3opalmACP,NA
acmum,MNLRQHMNZILYPY-MKFCKLDKSA-M
23dhmp,PDGXJDXVGMHUIR-UJURSFKZSA-M
asptrna,NA
eca4und,CVYQIROAIKSYLV-HBQGRVRBSA-H
e4p,NGHMDNPXVRFFGS-IUYQGCFVSA-L
so2,RAHZWNYVWXNFOC-UHFFFAOYSA-N
gmhep7p,SDADNVAZGVDAIM-ZUHYCWGWSA-L
3dhq,WVMWZWGZRAXUBK-SYTVJDICSA-M
3ohdcoa,NQMPLXPCRJOSHL-BBECNAHFSA-J
gua,UYTPUPDQBNUYGX-UHFFFAOYSA-N
inost,CDAISMWEOUEBRE-GPIVLXJGSA-N
2h3oppan,QWBAFPFNGRFSFB-UHFFFAOYSA-M
cdpdodec11eg,KISJWPWNABZPGN-IGIWICMZSA-L
cyan,LELOWRISYMNNSU-UHFFFAOYSA-N
lps_penta,NA
1agpg181,FQQQKGAFQIIGLQ-SNZQZGEVSA-M
clpn141,NA
2pg,GXIURPTVHJPJLF-UWTATZPHSA-K
alltn,POJWUDADGALRAB-UHFFFAOYSA-N
pgp180,UZNYMWWMHBZMLI-IOLBBIBUSA-K
4abz,ALYNCZNDIQEVRV-UHFFFAOYSA-M
odecoa,NA
all6p,VFRROHXSMXFLSN-BGPJRJDNSA-L
ps140,NA
pa140,OZSITQMWYBNPMW-GDLZYMKVSA-L
pa141,NA
cytd,UHDGCWIWMRVCDJ-XVFCMESISA-N
2oph,VUNQJPPPTJIREN-CMAXTTDKSA-N
murein5p5p5p,FOZGDVCGOFWZKF-SSRSPRHQSA-G
ser__D,MTCFGRXMJLQNBG-UWTATZPHSA-N
2pglyc,ASCFNMCAHFUBCO-UHFFFAOYSA-K
cdpdddecg,NA
met__L,FFEARJCKVFRZRR-BYPYZUCNSA-N
asp__L,CKLJMWTZIZZHCS-REOHCLBHSA-M
gal1p,HXXFSFRBOHSIMQ-FPRJBGLDSA-L
sbt6p,GACTWZZMVMUKNG-SLPGGIOYSA-L
3hcinnm,KKSDGJDHHZEWEP-SNAWJCMRSA-M
pyr,LCTONWCANYUPML-UHFFFAOYSA-M
butACP,NA
4per,ZCZXOHUILRHRQJ-PWNYCUMCSA-K
6hmhpt,CQQNNQTXUGLUEV-UHFFFAOYSA-N
tungs,PBYZMCDFOULPGH-UHFFFAOYSA-N
3ig3p,NQEQTYPJSIEPHW-MNOVXSKESA-L
no2,IOVCWXUNBOPUCH-UHFFFAOYSA-M
pppn,XMIIGOLPHOKFCH-UHFFFAOYSA-M
5mtr,ACWASDPGAVYCNI-JKUQZMGJSA-N
cdigmp,NA
hdeACP,NA
lps_tetra,NA
dad_5,XGYIMTFOTBMPFP-KQYNXXCUSA-N
2agpe180,KIHAGWUUUHJRMS-JOCHJYFZSA-N
glyc,PEDCQBHIVMGVHV-UHFFFAOYSA-N
apg140,HLSZVIULNVUBQI-YWPUXERESA-M
actACP,NA
betald,SXKNCCSPZDCRFD-UHFFFAOYSA-N
alltt,NUCLJNSWZCHRKL-UHFFFAOYSA-M
ttdca,NA
fdp,RNBGYGVWRKECFJ-VRPWFDPXSA-J
histrna,NA
camp,IVOMOUWHDPKRLL-KQYNXXCUSA-M
2agpg180,ZYKIFISVQNGKFE-UHFFFAOYSA-M
amob,UOKVQQMBGVMXPU-CJPDYEHRSA-N
myrsACP,NA
nad,BAWFJGJZGIEFAR-NNYOXOHSSA-M
5drib,WDRISBUVHBMJEF-MROZADKFSA-N
fe3dhbzs,IHUQSEJNRLOEKL-UHFFFAOYSA-N
gsn,NYHBQMYGNKIUIF-UUOKFMHZSA-N
mqn8,LXKDFTDVRVLXFY-WQWYCSGDSA-N
pppg9,UHSGPDMIQQYNAX-UHFFFAOYSA-L
nadp,XJLXINKUBYWONI-NNYOXOHSSA-K
op4en,NOXRYJAWRSNUJD-UHFFFAOYSA-M
q8,ICFIZJQGJAJRSU-SGHXUWJISA-N
12dgr160,NA
phe__L,COLNVLDHVKWLRT-QMMMGPOBSA-N
udpg,HSCJRCZFDFQWRP-RDKQLNKOSA-L
methf,MEANFMOQMXYMCT-OLZOCXBDSA-M
3cmp,UOOOPKANIPLQPU-XVFCMESISA-L
Nmtrp,CZCIKBSVHDNIDH-NSHDSACASA-N
btcoa,CRFNGMNYKDXRTN-CITAKDKDSA-J
malACP,NA
um4p,NA
acACP,NA
lgt__S,VDYDCVUWILIYQF-CSMHCCOUSA-M
cl,VEXZGXHMUGYJMC-UHFFFAOYSA-M
ttdcea,NA
3hpalmACP,NA
1pyr5c,DWAKNKKXGALPNW-UHFFFAOYSA-M
ocdcaACP,NA
tyrtrna,NA
gam1p,YMJBYRVFGYXULK-QZABAPFNSA-M
dsbdox,NA
trnaval,NA
2mahmp,AGQJQCFEPUVXNK-UHFFFAOYSA-K
cdpdtdecg,ICFWXMWHAMIZGF-WNAWUNHNSA-L
5aizc,XFVULMDJZXYMSG-ZIYNGMLESA-L
dhnpt,YQIFAMYNGGOTFB-XINAWCOVSA-N
hdca,IPCSVZSSVZVIGE-UHFFFAOYSA-M
acnam,SQVRNKJHWKZAKO-LUWBGTNYSA-M
mn2,WAEMQWOKJMHJLA-UHFFFAOYSA-N
acgal,OVRNDRQMDRJTHS-KEWYIRBNSA-N
maltttr,LUEWUZLMQUOBSB-ZLBHSGTGSA-N
minohp,IMQLKJBTEOYOSI-GPIVLXJGSA-B
2aobut,SAUCHDKDCUROAO-VKHMYHEASA-N
trnacys,NA
3ocddec5eACP,NA
dtbt,AUTOLBMXDDTRRT-UHFFFAOYSA-M
LalaLglu,VYZAGTDAHUIRQA-WHFBIAKZSA-M
pran,PMFMJXPRNJUYMB-GWOFURMSSA-K
udpLa4n,GWBAKYBSWHQNMQ-IAZOVDBXSA-M
mql8,OIEZRVBFVPGODT-WQWYCSGDSA-N
aicar,NOTGFIUVDGNKRI-UUOKFMHZSA-L
sbzcoa,AVOVYFCDODUXLY-HSJNEKGZSA-I
frulys,BFSYFTQDGRDJNV-AYHFEMFVSA-O
trptrna,NA
sucglu,JCNBNOQGFSXOML-YFKPBYRVSA-K
2ippm,NJMGRJLQRLFQQX-HYXAFXHYSA-L
frdp,VWFJDQUYCIWHTN-YFVJMOTDSA-K
amp,UDMBCSSLTHHNCD-KQYNXXCUSA-L
murein4px4p,NA
clpn140,SDCJNZZAOLRVCP-GTOSQJSUSA-L
sucsal,UIUJIQZEACWQSV-UHFFFAOYSA-M
25drapp,OCLCLRXKNJCOJD-UMMCILCDSA-L
acon_C,GTZCVFVGUGFEME-IWQZZHSRSA-K
gal,WQZGKKKJIJFFOK-PHYPRBDBSA-N
fmn,ANKZYBDXHMZBDK-SCRDCRAPSA-K
mmet,YDBYJHTYSHBBAU-YFKPBYRVSA-O
dms,QMMFVYPAHWMCMS-UHFFFAOYSA-N
3hhexACP,NA
trnamet,NA
g1p,HXXFSFRBOHSIMQ-GASJEMHNSA-L
ppa,NA
23ccmp,NMPZCCZXCOMSDQ-XVFCMESISA-M
12dgr120,NA
cystrna,NA
u23ga,KOJCFMYSTWNMQW-RUAJDYCTSA-L
glyclt,AEMRFAOFKBGASW-UHFFFAOYSA-M
lipidX,HEHQDWUWJVPREQ-XQJZMFRCSA-L
4mop,BKAJNAXTPSGJCU-UHFFFAOYSA-M
cbp,FFQKYPRQEYGKAF-UHFFFAOYSA-L
cpgn,FQIVLXIUJLOKPL-DWZMLRRXSA-N
o2,MYMOFIZGZYHOMD-UHFFFAOYSA-N
fru,RFSUNEUAIZKAJO-VRPWFDPXSA-N
3oddcoa,HQANBZHVWIDNQZ-GMHMEAMDSA-J
pi,NBIIXXVUZAFLBC-UHFFFAOYSA-L
ala__D,QNAYBMKLOCPYGJ-UWTATZPHSA-N
laur_kdo2lipid4,NA
dudp,QHWZTVCCBMIIKE-SHYZEUOFSA-K
2ddecg3p,NA
ppcoa,QAQREVBBADEHPA-IEXPHMLFSA-J
ipdp,NUHSROFQTUXZQQ-UHFFFAOYSA-K
pacald,DTUQWGWMVIHBKE-UHFFFAOYSA-N
idon__L,RGHNJXZEOKUKBD-SKNVOMKLSA-M
glutrna,NA
psclys,BFSYFTQDGRDJNV-CDEVMZEPSA-O
ugmda,IMWOXEZVYQDRDF-MCZXNMLPSA-J
3hcmrs7eACP,NA
dsbdrd,NA
galt,FBPFZTCFMRRESA-GUCUJZIJSA-N
cdp,ZWIADYZPOWUWEW-XVFCMESISA-K
ap5a,OIMACDRJUANHTJ-XPWFQUROSA-I
gcald,WGCNASOHLSPBMP-UHFFFAOYSA-N
dtdpglu,YSYKRGRSMLTJNL-URARBOGNSA-L
gdpmann,MVMSCBBUIHUTGJ-GDJBGNAASA-L
pram,SKCBPEVYGOQGJN-TXICZTDVSA-M
nadh,BOPGDPNILDQYTO-NNYOXOHSSA-L
fecrm,GGUNGDGGXMHBMJ-OCIDDWSYSA-N
2ombzl,CZFRMASEEPTBAQ-MYCGWMCTSA-N
tma,GETQZCLCWQTVFV-UHFFFAOYSA-O
dkmpp,HKEAOVFNWRDVAJ-UHFFFAOYSA-L
clpn180,NA
kdo,NNLZBVFSCVTSLA-HXUQBWEZSA-M
pydxn,LXNHXLLTXMVWPM-UHFFFAOYSA-N
udpacgal,LFTYTUAZOPRMMI-LDDHHVEYSA-L
fmnh2,YTNIXZGTHTVJBW-SCRDCRAPSA-L
duri,MXHRCPNRJAMMIM-SHYZEUOFSA-N
pnto__R,GHOKWGTUZJEAQD-ZETCQYMHSA-M
5mdr1p,JTFITTQBRJDSTL-KVTDHHQDSA-L
3dhguln,WTAHRPBPWHCMHW-LWKDLAHASA-M
sucbz,YIVWQNVQRXFZJB-UHFFFAOYSA-L
ala_B,UCMIRNVEIXFBKS-UHFFFAOYSA-N
dctp,RGWHQCVHVJXOKC-SHYZEUOFSA-J
3ump,FOGRQMPFHUHIGU-XVFCMESISA-L
hco3,BVKZGUZCCUSVTD-UHFFFAOYSA-M
sucorn,VWXQFHJBQHTHMK-LURJTMIESA-M
murein4px4px4p,NA
dsbcrd,NA
6pgl,IJOJIVNDFQSGAB-SQOUGZDYSA-L
damp,KHWCHTKSEGGWEX-RRKCRQDMSA-L
ca2,BHPQYMZQTOCNFJ-UHFFFAOYSA-N
galctn__D,RGHNJXZEOKUKBD-MGCNEYSASA-M
toct2eACP,NA
3c3hmp,BITYXLXUCSKTJS-ZETCQYMHSA-L
o2s,OUUQCZGPVNCOIJ-UHFFFAOYSA-M
so4,QAOWNCQODCNURD-UHFFFAOYSA-L
pa160,PORPENFLTBBHSG-MGBGTMOVSA-L
btnso,KCSKCIQYNAOBNQ-YBSFLMRUSA-M
3c4mop,HIIZAGQWABAMRR-BYPYZUCNSA-L
fe3dcit,NA
rbl__L,ZAQJHHRNXZUBTE-UCORVYFPSA-N
13dpg,LJQLQCAXBUHEAZ-UWTATZPHSA-J
34hpp,KKADPXVIOXHVKN-UHFFFAOYSA-M
so3,LSNNMFCWUKXFEE-UHFFFAOYSA-L
eca3und,AEBNALYOCQHPHC-FKUZKRBFSA-I
thdp,CXMBCXQHOXUCEO-BYPYZUCNSA-L
colipa,SFVRSCGTAWOHDB-JMYCZVSXSA-C
h2s,RWSOTUBLDIXVET-UHFFFAOYSA-M
murein3px4p,LOVDDQLBOGPFKC-UHFFFAOYSA-H
murein5px3p,NA
spmd,ATHGHQPFGPMSJY-UHFFFAOYSA-Q
glucys,RITKHVBHSGLULN-WHFBIAKZSA-M
grdp,GVVPGTZRZFNKDS-JXMROGBWSA-K
CDP_4keto_36dideox_glc,NA
dcmp,NCMVOABPESMRCP-SHYZEUOFSA-L
dtdp4aaddg,YHXQWYBLXUELDA-ZCVKINLTSA-L
mana,RGHNJXZEOKUKBD-MBMOQRBOSA-M
pe140,NA
stcoa,SIARJEKBADXQJG-LFZQUHGESA-J
malthp,ZHZITDGOAFCURV-VVTKTIMZSA-N
anhgm4p,ZTOWCORYLXDAAW-JOUWMGDHSA-L
unagamu,IGGGNUSEBUZFTR-YETNCWQZSA-K
csn,OPTASPLRGRRNAP-UHFFFAOYSA-N
2dhguln,NA
rml,QZNPNKJXABGCRC-FUTKDDECSA-N
xmp,DCTLYFZHFGENCW-UUOKFMHZSA-L
ribflv,AUNGANRZJHBGPY-SCRDCRAPSA-M
5dglcn,IZSRJDGCGRAUAR-MROZADKFSA-M
4abut,BTCSSZJGUNDROE-UHFFFAOYSA-N
galctn__L,RGHNJXZEOKUKBD-RSJOWCBRSA-M
man1p,HXXFSFRBOHSIMQ-RWOPYEJCSA-L
clpn120,NA
rmn,PNNNRSAQSRJVSB-BXKVDMCESA-N
14glucan,NA
octa,WWZKQHOCKIZLMA-UHFFFAOYSA-M
trdox,NA
4ppan,XHFVGHPGDLDEQO-ZETCQYMHSA-K
ctp,PCDQPRRSZKQHHS-XVFCMESISA-J
pppi,UNXRWKVEANCORM-UHFFFAOYSA-I
2tdec7eg3p,NA
pg160,BIABMEZBCHDPBV-MPQUPPDSSA-M
2agpg140,NHYJQQUDLXESED-UHFFFAOYSA-M
nh4,QGZKDVFQNNGYKY-UHFFFAOYSA-O
h2o,XLYOFNOQVPJJNP-UHFFFAOYSA-N
uamr,NQBRVZNDBBMBLJ-MQTLHLSBSA-K
trnaala,NA
ohpb,MZJFVXDTNBHTKZ-UWTATZPHSA-K
5pg35pg,ZEHOHLFQOXAZHX-MHARETSRSA-K
fldox,NA
2dr5p,ALQNUOMIEBHXQG-CRCLSJGQSA-L
acser,VZXPDPZARILFQX-BYPYZUCNSA-N
iletrna,NA
ascb6p,KIENGQUGHPTFGC-JLAZNSOCSA-K
ppi,XPPKVPWEQAFLFU-UHFFFAOYSA-K
pe141,NA
arab__L,PYMYPHUHKUWMLA-VAYJURFESA-N
8aonn,GUAHPAJOXVYFON-UHFFFAOYSA-N
urea,XSQUKJJJFZCRTK-UHFFFAOYSA-N
3mop,JVQYSWDUAOAHFM-BYPYZUCNSA-M
adn,OIRDTQYFTABQOQ-KQYNXXCUSA-N
acgam,OVRNDRQMDRJTHS-RTRLPJTCSA-N
mercppyr,OJOLFAIGOXZBCI-UHFFFAOYSA-M
u3aga,TZSJGZGYQDNRRX-MPLCHSTDSA-L
fruur,PTCIWUZVDIQTOW-XDJBDKDSSA-M
ahcys,ZJUKTBDSGOFHSH-WFMPWKQPSA-N
2cpr5p,QKMBYNRMPRKVTO-MNOVXSKESA-K
pan4p,JDMUPRLRUUMCTL-VIFPVBQESA-L
glyald,MNQZXJOMYWMBOU-VKHMYHEASA-N
xyl__D,SRBFZHDQGSBBOR-IOVATXLUSA-N
progly,RNKSNIBMTUYWSH-YFKPBYRVSA-N
ura,ISAKRJDGNUQOIC-UHFFFAOYSA-N
btal,ZTQSAGDEMFDKMZ-UHFFFAOYSA-N
ddcacoa,YMCXGHLSVALICC-GMHMEAMDSA-J
selnp,JRPHGDYSKGJTKZ-UHFFFAOYSA-K
2omph,MYNOBJRQIKYBRD-MGHGRUFNSA-N
1agpe140,RPXHXZNGZBHSMJ-GOSISDBHSA-N
5apru,LZEXYCAGPMYXLX-UMMCILCDSA-L
seln,SPVXKVOXSXTJOY-UHFFFAOYSA-M
3gmp,ZDPUTNZENXVHJC-UUOKFMHZSA-L
occoa,KQMZYOXOBSXMII-CECATXLMSA-J
etoh,LFQSCWFLJHTTHZ-UHFFFAOYSA-N
acmum6p,NMEMTQKUEVNSPV-MKFCKLDKSA-K
gbbtn,JHPNVNIEXXLNTR-UHFFFAOYSA-N
all__D,WQZGKKKJIJFFOK-IVMDWMLBSA-N
prbatp,RKNHJBVBFHDXGR-KEOHHSTQSA-H
sucarg,UMOXFSXIFQOWTD-LURJTMIESA-M
fpram,PMCOGCVKOAOZQM-ZRTZXPPTSA-M
uLa4fn,YYVYMEXYAGAGTM-MOVGJWTDSA-M
aconm,BRYKYSQCLNCYQW-DUXPYHPUSA-L
dcdp,FTDHDKPUHBLBTL-SHYZEUOFSA-K
r15bp,AAAFZMYJJHWUPN-TXICZTDVSA-J
bglycogen,NA
adprib,SRNWOUGRCWSEMX-TYASJMOZSA-L
malt,GUBGYTABKSRVRQ-PICCSMPSSA-N
trnasecys,NA
1agpe180,BBYWOYAFBUOUFP-JOCHJYFZSA-N
xu5p__D,FNZLKVNUWIIPSJ-RFZPGFLSSA-L
man6pglyc,BOLXAGHGKNGVBE-MTXRGOKVSA-K
2dhglcn,VBUYCZFBVCCYFD-JJYYJPOSSA-M
4ahmmp,VUTBELPREDJDDH-UHFFFAOYSA-N
2ohph,YGTMSXVYLRCOLD-MGDAWYEDSA-N
ckdo,YWWJKULNWGRYAS-UOVSKDHASA-L
fald,WSFSSNUMVMOOMR-UHFFFAOYSA-N
toctd2eACP,NA
3hddcoa,IJFLXRCJWPKGKJ-LXIXEQKWSA-J
t3c5ddeceACP,NA
pro__L,ONIBWKKTOPOVIA-BYPYZUCNSA-N
dutp,AHCYMLUZIRLXAA-SHYZEUOFSA-J
hmgth,PIUSLWSYOYFRFR-BQBZGAKWSA-M
glu5p,PJRXVIJAERNUIP-VKHMYHEASA-L
sl2a6o,SDVXSCSNVVZWDD-LURJTMIESA-K
dmlz,SXDXRJZUAJBNFL-XKSSXDPKSA-M
udpgal,HSCJRCZFDFQWRP-ABVWGUQPSA-L
t3c11vaceACP,NA
cdpdhdec9eg,LBKBJHVQQNUXGQ-BQUKFSKHSA-L
cd2,WLZRMCYVCSSEQC-UHFFFAOYSA-N
imacp,YCFFMSOLUMRAMD-UHFFFAOYSA-L
ascb__L,CIWBSHSKHKDKBQ-JLAZNSOCSA-M
gmhep1p,KMEJCSKJXSBBAN-QTNLNCNHSA-L
ctbt,GUYHPGUANSLONG-SNAWJCMRSA-N
dsbcox,NA
acon_T,GTZCVFVGUGFEME-HNQUOIGGSA-K
nmn,DAYLJWODMCOQEW-TURQNECASA-M
g3pe,JZNWSCPGTDBMEW-YFKPBYRVSA-N
dann,KCEGBPIYGIWCDH-UHFFFAOYSA-O
gal_bD,WQZGKKKJIJFFOK-FPRJBGLDSA-N
udp,XCCTYIAWTASOJW-XVFCMESISA-K
hxan,FDGQSTZJBFJUBT-UHFFFAOYSA-N
dxyl,IGUZJYCAXLYZEE-RFZPGFLSSA-N
lps_hexa,NA
acg5sa,BCPSFKBPHHBDAI-LURJTMIESA-M
ptrc,KIDHWZJUCRJVML-UHFFFAOYSA-P
cpe160,DTFRUHREBAYLCS-UHFFFAOYSA-M
2ddg6p,OVPRPPOVAXRCED-WVZVXSGGSA-K
gmp,RQFCJASXJCIDSX-UUOKFMHZSA-L
dimp,PHNGFPPXDJJADG-RRKCRQDMSA-L
ocdcea,ZQPPMHVWECSIRJ-KTKRTIGZSA-M
apoACP,NA
2mecdp,SFRQRNJMIIUYDI-UHNVWZDZSA-L
ACP,NA
ppt,ABLZXFCXXLZCGV-UHFFFAOYSA-L
dhptd,UYTRITJAZOPLCZ-BYPYZUCNSA-N
gdp,QGWNDRXFNXRZMB-UUOKFMHZSA-K
23cgmp,UASRYODFRYWBRC-UUOKFMHZSA-M
lystrna,NA
2agpg160,ODJYINYQGFIIRK-UHFFFAOYSA-M
man6p,NBSCHQHZLSJFNQ-QTVWNMPRSA-L
malcoa,LTYOQGRJFJAKNA-DVVLENMVSA-I
3ocvac11eACP,NA
s7p,JDTUMPKOJBQPKX-GBNDHIKLSA-L
